university_id,year,total_students,students_per_staff,international_students,international_student_percentage
U02990,2023,20965.0,10.6,0.0,42.0
U00738,2023,21887.0,9.6,0.0,25.0
U02662,2023,20185.0,11.3,0.0,39.0
U01937,2023,16164.0,7.1,0.0,24.0
U01254,2023,11415.0,8.2,0.0,33.0
U00317,2023,2237.0,6.2,0.0,34.0
U01663,2023,8279.0,8.0,0.0,23.0
U02649,2023,40921.0,18.4,0.0,24.0
U03449,2023,13482.0,5.9,0.0,21.0
U00814,2023,18545.0,11.2,18545.0,61.0
U00433,2023,21781.0,4.5,0.0,38.0
U00566,2023,21665.0,14.8,0.0,41.0
U02103,2023,15366.0,6.0,0.0,36.0
U03002,2023,21453.0,6.3,0.0,23.0
U00976,2023,17584.0,4.7,0.0,29.0
U02182,2023,38324.0,11.6,0.0,10.0
U01587,2023,31994.0,10.3,0.0,19.0
U03162,2023,77468.0,25.8,0.0,26.0
U01441,2023,32337.0,19.8,0.0,25.0
U00444,2023,24027.0,10.3,0.0,26.0
U02653,2023,42434.0,9.7,0.0,16.0
U02199,2023,36790.0,10.3,36790.0,60.0
U02914,2023,45912.0,8.2,0.0,17.0
U01459,2023,36337.0,9.8,0.0,42.0
U00516,2023,16091.0,4.2,0.0,24.0
U01501,2023,19175.0,13.2,0.0,20.0
U03207,2023,47727.0,10.8,0.0,18.0
U00333,2023,14305.0,12.9,0.0,47.0
U02731,2023,32845.0,11.8,0.0,47.0
U02034,2023,33960.0,40.6,0.0,36.0
U02794,2023,18087.0,18.2,0.0,43.0
U02657,2023,37030.0,11.3,0.0,28.0
U01189,2023,35003.0,34.2,0.0,19.0
U02909,2023,49588.0,23.8,0.0,47.0
U01085,2023,28965.0,11.8,28965.0,52.0
U01366,2023,24651.0,15.1,0.0,25.0
U01200,2023,11120.0,11.9,11120.0,73.0
U00671,2023,28826.0,24.7,0.0,40.0
U02126,2023,26112.0,10.5,0.0,15.0
U02639,2023,56452.0,18.9,0.0,34.0
U03525,2023,11641.0,12.3,11641.0,62.0
U01122,2023,47663.0,36.5,0.0,18.0
U03334,2023,19347.0,13.5,0.0,21.0
U01311,2023,58725.0,42.5,0.0,41.0
U00395,2023,18468.0,19.0,0.0,21.0
U01260,2023,32309.0,12.5,0.0,30.0
U01577,2023,16218.0,15.0,0.0,22.0
U02808,2023,48674.0,17.4,0.0,22.0
U01015,2023,8021.0,9.9,0.0,27.0
U03130,2023,49171.0,17.4,0.0,10.0
U00642,2023,36318.0,11.9,0.0,9.0
U01840,2023,37478.0,11.5,0.0,8.0
U02117,2023,41372.0,34.2,0.0,41.0
U02888,2023,37035.0,14.2,0.0,44.0
U02120,2023,45853.0,19.0,0.0,45.0
U01818,2023,26209.0,15.1,0.0,10.0
U03410,2023,14420.0,7.8,0.0,24.0
U02083,2023,9864.0,21.0,0.0,32.0
U03401,2023,15404.0,18.6,0.0,27.0
U02588,2023,29157.0,14.5,0.0,32.0
U00301,2023,10037.0,10.1,0.0,21.0
U00191,2023,16758.0,14.6,16758.0,51.0
U02651,2023,37639.0,13.1,0.0,18.0
U02659,2023,25860.0,28.5,0.0,20.0
U03093,2023,40549.0,12.6,0.0,22.0
U03352,2023,32532.0,17.1,0.0,13.0
U03486,2023,46124.0,12.0,0.0,16.0
U01140,2023,22269.0,9.2,0.0,12.0
U02966,2023,31080.0,7.9,0.0,8.0
U00484,2023,20299.0,16.1,0.0,31.0
U00287,2023,27243.0,10.8,0.0,31.0
U03336,2023,45133.0,36.3,0.0,40.0
U00373,2023,8429.0,18.0,0.0,21.0
U03060,2023,18573.0,8.1,0.0,6.0
U02772,2023,30009.0,24.4,0.0,28.0
U02638,2023,25680.0,14.6,0.0,31.0
U01174,2023,33648.0,19.3,0.0,20.0
U03469,2023,19481.0,14.7,0.0,17.0
U00770,2023,19046.0,28.9,0.0,30.0
U00552,2023,31668.0,33.9,0.0,22.0
U03217,2023,40701.0,10.0,0.0,14.0
U00549,2023,13190.0,4.2,0.0,20.0
U02765,2023,28540.0,13.5,0.0,41.0
U03235,2023,25003.0,13.7,0.0,22.0
U01261,2023,26403.0,29.0,0.0,20.0
U00784,2023,34399.0,53.2,0.0,17.0
U03179,2023,20620.0,27.5,0.0,13.0
U02572,2023,23102.0,32.8,0.0,32.0
U02629,2023,27210.0,47.5,0.0,17.0
U01900,2023,41443.0,13.9,0.0,21.0
U00636,2023,26497.0,41.9,0.0,23.0
U01113,2023,9946.0,10.7,0.0,9.0
U03329,2023,44443.0,14.9,0.0,19.0
U02620,2023,11728.0,17.2,0.0,17.0
U02652,2023,36655.0,16.9,0.0,28.0
U00855,2023,5999.0,6.7,0.0,41.0
U01360,2023,36426.0,16.5,0.0,8.0
U03362,2023,12696.0,3.8,0.0,15.0
U00415,2023,9099.0,12.1,9099.0,62.0
U01754,2023,39738.0,50.0,0.0,28.0
U02607,2023,8632.0,10.9,0.0,30.0
U01065,2023,31545.0,7.8,0.0,22.0
U02919,2023,61009.0,12.0,0.0,10.0
U02897,2023,33775.0,16.5,0.0,11.0
U03206,2023,23230.0,13.1,0.0,44.0
U01286,2023,45465.0,16.0,0.0,13.0
U00677,2023,39437.0,35.6,0.0,12.0
U02623,2023,31820.0,15.0,0.0,34.0
U03092,2023,21175.0,13.7,0.0,39.0
U02790,2023,23059.0,15.8,0.0,5.0
U02937,2023,38189.0,20.8,0.0,22.0
U01527,2023,55814.0,11.8,0.0,13.0
U02751,2023,20253.0,37.2,0.0,17.0
U02699,2023,31519.0,4.2,0.0,16.0
U03328,2023,62747.0,17.0,0.0,19.0
U03069,2023,27465.0,14.5,0.0,41.0
U00003,2023,26475.0,13.5,0.0,10.0
U02578,2023,32338.0,21.6,0.0,28.0
U02779,2023,30221.0,26.0,0.0,14.0
U01212,2023,28545.0,11.5,0.0,18.0
U03396,2023,29796.0,19.8,0.0,16.0
U01160,2023,14380.0,12.8,0.0,39.0
U00477,2023,6440.0,7.8,0.0,15.0
U01684,2023,20505.0,13.1,0.0,46.0
U03197,2023,35929.0,42.9,0.0,29.0
U02983,2023,21548.0,13.3,0.0,15.0
U01672,2023,44551.0,16.9,0.0,20.0
U02783,2023,30676.0,61.5,0.0,12.0
U02858,2023,33990.0,14.6,0.0,36.0
U02975,2023,32875.0,15.1,0.0,31.0
U02592,2023,15857.0,32.2,0.0,17.0
U02129,2023,18405.0,21.3,0.0,28.0
U03126,2023,27481.0,35.1,0.0,31.0
U00334,2023,10934.0,8.2,0.0,20.0
U02857,2023,13401.0,10.2,0.0,23.0
U00670,2023,16074.0,8.0,0.0,19.0
U02741,2023,24165.0,15.9,0.0,29.0
U02986,2023,36670.0,26.0,0.0,24.0
U02597,2023,33093.0,22.1,0.0,32.0
U01461,2023,25590.0,15.1,0.0,29.0
U01693,2023,21979.0,17.6,0.0,13.0
U03227,2023,23754.0,40.7,0.0,10.0
U03229,2023,17665.0,14.4,0.0,28.0
U03012,2023,26575.0,5.5,0.0,11.0
U01218,2023,19909.0,18.6,19909.0,56.0
U02690,2023,33341.0,30.4,0.0,16.0
U01711,2023,7068.0,9.2,0.0,28.0
U02692,2023,34928.0,16.0,0.0,8.0
U02207,2023,10271.0,26.2,0.0,13.0
U03338,2023,25548.0,15.3,0.0,17.0
U02745,2023,46807.0,16.1,0.0,8.0
U01588,2023,46863.0,14.0,0.0,16.0
U02187,2023,11399.0,10.0,0.0,16.0
U03033,2023,10364.0,7.7,0.0,36.0
U01120,2023,13329.0,16.4,0.0,20.0
U00159,2023,50027.0,19.6,0.0,17.0
U02021,2023,20243.0,48.1,0.0,27.0
U02185,2023,30382.0,30.8,0.0,16.0
U03200,2023,25810.0,9.0,0.0,13.0
U02670,2023,21069.0,12.8,0.0,15.0
U02627,2023,69831.0,24.4,0.0,12.0
U02178,2023,17764.0,21.0,0.0,28.0
U02859,2023,14650.0,14.1,0.0,34.0
U01608,2023,3260.0,10.0,0.0,3.0
U01914,2023,5137.0,8.8,0.0,1.0
U02026,2023,9599.0,6.9,0.0,26.0
U01264,2023,3722.0,14.1,0.0,27.0
U01487,2023,21211.0,14.6,0.0,36.0
U00844,2023,66637.0,12.6,0.0,13.0
U03306,2023,24523.0,36.0,0.0,20.0
U01961,2023,23399.0,19.4,0.0,18.0
U03438,2023,55412.0,15.2,0.0,6.0
U02208,2023,3896.0,13.6,0.0,9.0
U01221,2023,30561.0,69.0,0.0,27.0
U00779,2023,57167.0,16.2,0.0,4.0
U02869,2023,26350.0,14.2,0.0,36.0
U01947,2023,30365.0,20.7,0.0,7.0
U02890,2023,7684.0,58.2,0.0,13.0
U02594,2023,39797.0,17.0,0.0,9.0
U02062,2023,62931.0,21.3,0.0,8.0
U02604,2023,45004.0,15.8,0.0,11.0
U00193,2023,31933.0,12.7,0.0,16.0
U01805,2023,629.0,7.6,0.0,13.0
U02943,2023,28014.0,25.4,0.0,7.0
U01621,2023,11965.0,22.4,0.0,13.0
U00330,2023,27105.0,14.3,0.0,28.0
U01412,2023,25215.0,11.4,0.0,11.0
U00639,2023,16446.0,20.6,0.0,14.0
U01012,2023,22673.0,21.6,0.0,20.0
U02899,2023,63338.0,13.2,0.0,14.0
U02570,2023,13205.0,16.2,0.0,44.0
U02661,2023,19266.0,22.6,0.0,14.0
U01270,2023,7274.0,8.4,0.0,33.0
U02913,2023,17009.0,10.8,0.0,16.0
U02739,2023,30303.0,43.4,0.0,13.0
U01864,2023,49543.0,15.8,0.0,6.0
U00521,2023,18425.0,14.1,0.0,35.0
U01690,2023,19060.0,15.8,0.0,39.0
U03028,2023,15720.0,16.4,0.0,32.0
U00002,2023,13306.0,19.7,0.0,21.0
U02619,2023,15202.0,12.8,0.0,10.0
U00268,2023,24875.0,66.6,0.0,7.0
U02648,2023,33560.0,18.7,0.0,21.0
U00456,2023,29999.0,20.8,0.0,31.0
U02724,2023,13630.0,18.3,0.0,27.0
U02725,2023,15940.0,13.3,0.0,25.0
U00545,2023,10240.0,21.0,0.0,24.0
U02759,2023,19078.0,8.7,0.0,40.0
U00669,2023,22298.0,12.9,0.0,15.0
U02767,2023,20891.0,10.7,0.0,12.0
U02792,2023,8714.0,39.7,0.0,14.0
U00782,2023,1823.0,19.0,0.0,18.0
U01070,2023,7268.0,8.6,0.0,10.0
U02840,2023,5758.0,24.2,0.0,12.0
U01114,2023,22507.0,15.8,0.0,27.0
U03324,2023,28290.0,49.3,0.0,31.0
U02878,2023,5185.0,19.3,5185.0,51.0
U02880,2023,10460.0,15.4,0.0,39.0
U01219,2023,11993.0,38.1,11993.0,91.0
U01265,2023,3244.0,12.9,0.0,43.0
U02961,2023,24363.0,29.5,0.0,18.0
U02974,2023,12401.0,10.9,0.0,13.0
U02991,2023,48524.0,29.3,0.0,8.0
U03018,2023,14993.0,39.6,0.0,14.0
U01675,2023,9084.0,8.8,0.0,35.0
U01687,2023,35278.0,37.9,0.0,17.0
U01700,2023,2563.0,24.2,2563.0,70.0
U01751,2023,46158.0,10.9,0.0,17.0
U01928,2023,3490.0,13.2,0.0,20.0
U01788,2023,1100.0,14.0,0.0,19.0
U03113,2023,82010.0,15.9,0.0,4.0
U01789,2023,72604.0,28.2,0.0,10.0
U01814,2023,9860.0,12.2,0.0,34.0
U03089,2023,39907.0,18.6,0.0,13.0
U03099,2023,9770.0,12.3,0.0,47.0
U03109,2023,14960.0,16.9,0.0,36.0
U03110,2023,17790.0,17.4,0.0,37.0
U03312,2023,3266.0,12.5,3266.0,66.0
U03120,2023,9235.0,12.0,0.0,13.0
U02054,2023,23834.0,23.0,0.0,7.0
U02142,2023,17812.0,12.4,0.0,14.0
U02563,2023,23361.0,21.3,0.0,31.0
U03389,2023,3560.0,15.1,0.0,5.0
U03397,2023,14284.0,33.6,0.0,23.0
U03208,2023,34306.0,23.2,0.0,23.0
U03422,2023,29747.0,29.5,0.0,22.0
U03421,2023,36033.0,40.3,0.0,22.0
U03220,2023,17440.0,29.1,0.0,27.0
U00001,2023,16818.0,14.7,0.0,14.0
U00183,2023,18837.0,17.3,0.0,49.0
U00190,2023,23728.0,39.1,0.0,15.0
U02609,2023,14955.0,15.4,0.0,34.0
U00243,2023,24416.0,14.3,0.0,10.0
U00285,2023,3214.0,10.9,0.0,39.0
U00286,2023,12755.0,14.5,0.0,12.0
U00289,2023,13825.0,18.6,0.0,21.0
U00297,2023,1015.0,20.3,0.0,17.0
U02656,2023,24515.0,18.6,0.0,14.0
U02666,2023,10785.0,35.5,0.0,26.0
U00364,2023,9513.0,13.8,0.0,19.0
U00385,2023,7284.0,15.5,0.0,9.0
U00443,2023,16547.0,27.7,0.0,24.0
U00481,2023,43080.0,33.9,0.0,25.0
U02723,2023,41618.0,43.7,0.0,19.0
U00745,2023,29365.0,32.8,0.0,12.0
U03505,2023,1959.0,10.0,0.0,37.0
U00686,2023,30082.0,12.7,0.0,14.0
U00701,2023,35900.0,32.9,0.0,17.0
U02786,2023,14628.0,10.7,0.0,11.0
U00744,2023,16175.0,11.3,0.0,5.0
U02809,2023,28724.0,11.3,0.0,19.0
U00821,2023,3990.0,8.8,0.0,1.0
U00971,2023,30856.0,25.5,0.0,12.0
U02837,2023,27911.0,22.7,0.0,9.0
U01080,2023,33931.0,10.6,0.0,14.0
U01144,2023,20504.0,17.7,0.0,27.0
U01152,2023,21663.0,27.4,0.0,33.0
U03323,2023,28611.0,16.9,0.0,15.0
U01182,2023,15026.0,14.4,0.0,15.0
U02949,2023,11466.0,14.7,0.0,27.0
U01547,2023,3035.0,1.0,0.0,3.0
U01555,2023,22485.0,10.5,0.0,10.0
U03000,2023,20027.0,34.9,0.0,10.0
U01689,2023,26556.0,26.2,0.0,17.0
U01741,2023,38441.0,48.5,0.0,15.0
U01812,2023,12356.0,20.8,0.0,13.0
U03068,2023,12933.0,19.2,12933.0,55.0
U01874,2023,26981.0,27.5,0.0,31.0
U03094,2023,18471.0,10.2,0.0,14.0
U01945,2023,24907.0,25.9,0.0,8.0
U01960,2023,57951.0,15.1,0.0,5.0
U01969,2023,17490.0,15.4,0.0,22.0
U02136,2023,11876.0,29.9,0.0,20.0
U02167,2023,30153.0,10.8,0.0,12.0
U03177,2023,9816.0,14.7,0.0,37.0
U02221,2023,7121.0,10.9,0.0,17.0
U03183,2023,30967.0,13.6,0.0,8.0
U03383,2023,36512.0,18.5,0.0,14.0
U03158,2023,26871.0,23.6,0.0,7.0
U00016,2023,3926.0,18.1,3926.0,60.0
U00041,2023,70054.0,17.4,0.0,13.0
U00071,2023,2851.0,10.2,0.0,32.0
U00133,2023,20285.0,27.8,0.0,46.0
U00195,2023,29327.0,13.2,0.0,12.0
U02630,2023,53755.0,22.4,0.0,13.0
U00295,2023,5427.0,13.1,0.0,28.0
U02517,2023,3641.0,10.8,0.0,14.0
U02553,2023,27393.0,18.0,0.0,15.0
U02655,2023,9185.0,20.1,0.0,10.0
U02695,2023,17224.0,3.8,0.0,8.0
U00470,2023,16901.0,14.8,0.0,28.0
U00514,2023,19304.0,12.5,0.0,14.0
U03521,2023,2171.0,8.6,0.0,11.0
U02740,2023,14335.0,15.3,0.0,40.0
U00624,2023,17027.0,27.9,0.0,36.0
U00630,2023,39380.0,24.0,0.0,7.0
U02755,2023,15109.0,26.1,0.0,20.0
U00668,2023,32157.0,18.1,0.0,12.0
U00740,2023,5683.0,31.1,0.0,14.0
U02816,2023,29257.0,11.1,0.0,8.0
U01163,2023,4609.0,30.3,0.0,12.0
U02915,2023,47512.0,21.2,0.0,7.0
U02916,2023,29057.0,29.2,0.0,5.0
U01315,2023,40179.0,20.1,0.0,15.0
U01346,2023,15224.0,12.8,0.0,12.0
U01364,2023,31322.0,11.3,0.0,5.0
U02985,2023,18508.0,19.7,0.0,19.0
U02987,2023,10134.0,19.8,0.0,7.0
U01610,2023,37532.0,25.4,0.0,18.0
U01708,2023,2757.0,22.9,0.0,8.0
U01720,2023,32692.0,23.6,0.0,34.0
U03100,2023,8065.0,12.2,0.0,34.0
U01763,2023,10798.0,7.4,0.0,7.0
U03082,2023,23490.0,32.9,0.0,21.0
U03096,2023,12150.0,26.0,0.0,18.0
U01948,2023,25411.0,10.6,0.0,22.0
U03105,2023,16054.0,26.5,0.0,19.0
U01972,2023,15327.0,25.6,0.0,25.0
U01985,2023,5946.0,9.1,0.0,10.0
U01994,2023,15855.0,20.6,0.0,6.0
U03121,2023,18264.0,22.9,0.0,36.0
U02025,2023,15526.0,37.1,0.0,18.0
U02056,2023,35641.0,12.5,0.0,8.0
U02122,2023,27308.0,16.7,0.0,4.0
U02148,2023,9878.0,9.5,0.0,17.0
U02562,2023,17925.0,20.8,0.0,20.0
U03195,2023,20936.0,24.6,0.0,21.0
U00110,2023,9267.0,8.7,0.0,22.0
U00171,2023,11421.0,30.3,0.0,7.0
U00177,2023,13159.0,10.0,0.0,4.0
U00275,2023,8060.0,16.6,0.0,40.0
U02635,2023,12635.0,20.1,0.0,14.0
U02636,2023,15133.0,24.6,0.0,7.0
U02669,2023,28451.0,35.5,0.0,0.0
U00338,2023,11213.0,22.2,0.0,21.0
U00354,2023,56344.0,20.4,0.0,4.0
U00374,2023,7246.0,34.5,0.0,30.0
U00416,2023,15460.0,18.2,15460.0,51.0
U02712,2023,21808.0,16.3,0.0,12.0
U00527,2023,28055.0,14.7,0.0,11.0
U00536,2023,18759.0,30.4,0.0,28.0
U00689,2023,3721.0,11.5,0.0,11.0
U02771,2023,10291.0,20.6,0.0,8.0
U02782,2023,19366.0,11.2,0.0,10.0
U00734,2023,30542.0,10.5,0.0,6.0
U00773,2023,8782.0,8.2,0.0,6.0
U00811,2023,43110.0,10.8,0.0,3.0
U00815,2023,1436.0,7.7,0.0,33.0
U00941,2023,12825.0,20.1,0.0,32.0
U00980,2023,7891.0,9.5,0.0,7.0
U02833,2023,16705.0,17.0,0.0,29.0
U01044,2023,3029.0,8.8,0.0,22.0
U01125,2023,3181.0,10.5,0.0,2.0
U01176,2023,7839.0,26.1,0.0,7.0
U02870,2023,21910.0,26.8,0.0,21.0
U01205,2023,15815.0,13.8,0.0,29.0
U02885,2023,18320.0,9.8,0.0,18.0
U02889,2023,29561.0,29.4,0.0,20.0
U01259,2023,7845.0,15.1,0.0,1.0
U02947,2023,53319.0,20.2,0.0,2.0
U02960,2023,18046.0,16.9,0.0,5.0
U01478,2023,31540.0,16.6,0.0,14.0
U03035,2023,24038.0,30.3,0.0,20.0
U01737,2023,10640.0,15.1,0.0,35.0
U01739,2023,2250.0,10.5,0.0,30.0
U01744,2023,2757.0,2.1,0.0,1.0
U01858,2023,2973.0,14.3,0.0,2.0
U03102,2023,9855.0,16.0,0.0,27.0
U01971,2023,4216.0,4.6,0.0,7.0
U03131,2023,25464.0,21.6,0.0,20.0
U02189,2023,11220.0,7.5,0.0,11.0
U03175,2023,13012.0,15.3,0.0,5.0
U03185,2023,3873.0,20.0,0.0,4.0
U03369,2023,18621.0,23.8,0.0,4.0
U03403,2023,8122.0,4.0,0.0,10.0
U03409,2023,29463.0,19.5,0.0,7.0
U03432,2023,6769.0,9.4,0.0,14.0
U00058,2023,4831.0,15.7,0.0,0.0
U02577,2023,2910.0,7.2,0.0,6.0
U00155,2023,3500.0,7.4,0.0,1.0
U00173,2023,12015.0,17.8,0.0,25.0
U00174,2023,31877.0,46.7,0.0,2.0
U00206,2023,4102.0,11.8,0.0,0.0
U00205,2023,6180.0,28.7,0.0,0.0
U00225,2023,8790.0,15.7,0.0,26.0
U02612,2023,9734.0,26.6,0.0,12.0
U00302,2023,13040.0,17.0,0.0,39.0
U02665,2023,31199.0,17.8,0.0,3.0
U00325,2023,7113.0,25.4,0.0,1.0
U02673,2023,26902.0,21.2,0.0,3.0
U00422,2023,28253.0,13.0,0.0,14.0
U00430,2023,6350.0,17.6,0.0,9.0
U00432,2023,29351.0,17.7,0.0,6.0
U00438,2023,61128.0,20.3,0.0,12.0
U02697,2023,27752.0,13.6,0.0,12.0
U02702,2023,13808.0,27.6,0.0,4.0
U02705,2023,6875.0,20.1,0.0,13.0
U02714,2023,10001.0,13.0,0.0,6.0
U00515,2023,13956.0,25.4,0.0,17.0
U00522,2023,21670.0,21.9,0.0,0.0
U00535,2023,11535.0,20.4,0.0,35.0
U02734,2023,35232.0,15.4,0.0,3.0
U00619,2023,34637.0,22.7,0.0,1.0
U02743,2023,20507.0,32.6,0.0,5.0
U02744,2023,39407.0,23.0,0.0,9.0
U00637,2023,4236.0,12.6,0.0,15.0
U02760,2023,20447.0,23.7,0.0,8.0
U00673,2023,34734.0,17.3,0.0,5.0
U03319,2023,50868.0,18.2,0.0,17.0
U00732,2023,20079.0,14.6,0.0,20.0
U00786,2023,41580.0,18.6,0.0,2.0
U02804,2023,26156.0,17.6,0.0,0.0
U00803,2023,6386.0,11.5,0.0,41.0
U02812,2023,13918.0,22.0,0.0,46.0
U00853,2023,2148.0,11.5,0.0,16.0
U02814,2023,16061.0,15.7,0.0,15.0
U00891,2023,28767.0,16.7,0.0,10.0
U00954,2023,26568.0,13.0,0.0,3.0
U00983,2023,28278.0,44.6,0.0,11.0
U02826,2023,10444.0,14.4,0.0,3.0
U02829,2023,24435.0,9.9,0.0,8.0
U02839,2023,3562.0,10.0,0.0,28.0
U01118,2023,5882.0,19.7,0.0,8.0
U02844,2023,35795.0,30.1,0.0,2.0
U02851,2023,36237.0,21.5,0.0,0.0
U01173,2023,21677.0,43.7,0.0,18.0
U01178,2023,2492.0,13.3,0.0,44.0
U02867,2023,14480.0,15.7,0.0,13.0
U01187,2023,21725.0,17.4,0.0,16.0
U01225,2023,1855.0,14.6,0.0,2.0
U02893,2023,23383.0,31.2,0.0,12.0
U01258,2023,11454.0,28.5,0.0,15.0
U01291,2023,15905.0,18.7,0.0,50.0
U02929,2023,21409.0,26.9,0.0,5.0
U01329,2023,3626.0,11.3,0.0,3.0
U01334,2023,16641.0,36.5,0.0,40.0
U01374,2023,66649.0,31.0,0.0,11.0
U02952,2023,24909.0,16.8,0.0,10.0
U02951,2023,3181.0,2.0,0.0,9.0
U01504,2023,37707.0,15.8,0.0,9.0
U01508,2023,17952.0,16.3,0.0,4.0
U03531,2023,10005.0,15.2,0.0,5.0
U02996,2023,9703.0,69.2,0.0,12.0
U03010,2023,33791.0,21.9,0.0,6.0
U03013,2023,15605.0,17.7,0.0,16.0
U01636,2023,31578.0,16.0,0.0,4.0
U03016,2023,33484.0,16.2,0.0,16.0
U03017,2023,22490.0,16.4,0.0,29.0
U01676,2023,2598.0,9.2,0.0,1.0
U01678,2023,2272.0,9.1,0.0,4.0
U01680,2023,9250.0,16.5,0.0,1.0
U01759,2023,3819.0,20.0,0.0,10.0
U01846,2023,9219.0,22.5,0.0,2.0
U01848,2023,38240.0,14.1,0.0,1.0
U03072,2023,12948.0,18.7,0.0,9.0
U01902,2023,40082.0,12.7,0.0,5.0
U01906,2023,37484.0,12.3,0.0,4.0
U01910,2023,20432.0,10.7,0.0,6.0
U01927,2023,1325.0,5.3,0.0,8.0
U03104,2023,19840.0,17.0,0.0,29.0
U01959,2023,8703.0,11.4,0.0,21.0
U01976,2023,20620.0,14.9,0.0,23.0
U02543,2023,5021.0,13.6,0.0,16.0
U02134,2023,27353.0,8.7,0.0,12.0
U02166,2023,27878.0,25.3,0.0,1.0
U03165,2023,14219.0,19.2,0.0,8.0
U02127,2023,4407.0,12.0,0.0,10.0
U03174,2023,58463.0,28.4,0.0,6.0
U02186,2023,10327.0,17.7,0.0,31.0
U02214,2023,18218.0,12.6,0.0,11.0
U03345,2023,4644.0,12.0,0.0,2.0
U02549,2023,12457.0,11.6,0.0,30.0
U03372,2023,17883.0,18.8,0.0,20.0
U03201,2023,10472.0,17.6,0.0,31.0
U03155,2023,24585.0,15.9,0.0,23.0
U03426,2023,8089.0,10.9,0.0,8.0
U03440,2023,42760.0,15.4,0.0,2.0
U03471,2023,44036.0,29.1,0.0,28.0
U00012,2023,6180.0,16.3,0.0,24.0
U00140,2023,23922.0,23.9,0.0,10.0
U02879,2023,18491.0,40.2,0.0,4.0
U00238,2023,31821.0,12.9,0.0,4.0
U00241,2023,35710.0,14.2,0.0,6.0
U00277,2023,22935.0,16.6,0.0,26.0
U02632,2023,8400.0,19.1,0.0,30.0
U00304,2023,22723.0,16.2,0.0,4.0
U00355,2023,1730.0,15.7,0.0,43.0
U00369,2023,33342.0,15.3,0.0,1.0
U00376,2023,49787.0,13.2,0.0,22.0
U02707,2023,31723.0,20.2,0.0,20.0
U00474,2023,30084.0,24.7,0.0,1.0
U00520,2023,27063.0,36.5,0.0,1.0
U00530,2023,14375.0,27.0,14375.0,76.0
U03504,2023,1115.0,9.9,0.0,25.0
U00608,2023,108889.0,19.8,0.0,14.0
U00629,2023,35590.0,23.3,0.0,9.0
U02752,2023,6880.0,15.6,0.0,14.0
U00688,2023,9215.0,14.9,0.0,39.0
U00692,2023,21219.0,27.3,0.0,0.0
U02770,2023,15045.0,20.2,0.0,44.0
U02775,2023,22763.0,27.4,0.0,10.0
U00718,2023,1808.0,10.0,0.0,8.0
U00735,2023,3125.0,46.6,0.0,3.0
U00748,2023,9735.0,17.9,0.0,37.0
U00766,2023,18263.0,8.4,0.0,11.0
U00769,2023,8358.0,12.4,8358.0,62.0
U02800,2023,12565.0,17.2,0.0,19.0
U02805,2023,10642.0,17.9,0.0,10.0
U00842,2023,2339.0,13.6,0.0,0.0
U02813,2023,9789.0,27.0,0.0,6.0
U00878,2023,1862.0,18.1,0.0,7.0
U00896,2023,15436.0,33.9,0.0,1.0
U00905,2023,21971.0,17.7,0.0,0.0
U00442,2023,1556.0,21.6,1556.0,84.0
U00944,2023,10481.0,11.2,0.0,2.0
U00966,2023,30473.0,16.3,0.0,0.0
U00974,2023,7133.0,22.5,0.0,13.0
U00977,2023,25905.0,14.9,0.0,13.0
U00990,2023,62533.0,26.1,0.0,2.0
U01020,2023,3419.0,12.8,0.0,2.0
U01035,2023,9170.0,15.3,0.0,16.0
U02834,2023,27216.0,11.2,0.0,4.0
U01042,2023,5759.0,9.6,0.0,12.0
U02841,2023,16679.0,15.8,0.0,1.0
U01148,2023,18568.0,7.8,0.0,14.0
U01166,2023,7057.0,10.1,0.0,19.0
U02865,2023,75291.0,29.6,0.0,14.0
U02868,2023,48404.0,18.1,0.0,18.0
U02887,2023,22520.0,22.2,0.0,2.0
U02911,2023,15290.0,24.2,0.0,3.0
U01288,2023,17151.0,22.5,0.0,10.0
U01304,2023,7617.0,22.3,0.0,9.0
U02933,2023,7450.0,26.9,0.0,17.0
U01420,2023,13711.0,16.3,0.0,11.0
U01448,2023,16425.0,14.2,0.0,11.0
U02953,2023,4148.0,11.1,0.0,21.0
U02962,2023,4696.0,11.3,4696.0,54.0
U01494,2023,22500.0,16.2,0.0,22.0
U01499,2023,34095.0,13.9,0.0,4.0
U01507,2023,29925.0,15.3,0.0,21.0
U01542,2023,32319.0,100.5,0.0,6.0
U03003,2023,16123.0,10.7,0.0,1.0
U02513,2023,14900.0,22.2,0.0,19.0
U03044,2023,26289.0,27.4,0.0,3.0
U03057,2023,17741.0,17.6,0.0,22.0
U03058,2023,15065.0,37.9,0.0,2.0
U01799,2023,12394.0,7.4,0.0,1.0
U01804,2023,12872.0,45.2,0.0,37.0
U01855,2023,1437.0,13.8,0.0,0.0
U01884,2023,4655.0,12.8,4655.0,53.0
U03086,2023,33025.0,15.6,0.0,5.0
U01919,2023,23330.0,16.4,0.0,2.0
U03101,2023,11089.0,11.4,0.0,11.0
U01946,2023,6624.0,18.6,0.0,35.0
U01966,2023,16090.0,17.2,0.0,8.0
U03115,2023,29471.0,14.4,0.0,2.0
U02036,2023,15147.0,21.0,0.0,12.0
U02150,2023,3010.0,4.4,0.0,11.0
U03166,2023,16677.0,24.9,0.0,7.0
U03170,2023,15725.0,12.7,0.0,16.0
U02184,2023,25046.0,74.8,0.0,10.0
U03176,2023,6272.0,20.0,0.0,4.0
U03180,2023,12326.0,18.5,0.0,5.0
U02206,2023,14377.0,10.1,0.0,10.0
U03187,2023,50575.0,14.3,0.0,14.0
U03194,2023,6472.0,14.0,0.0,20.0
U03371,2023,16106.0,45.2,0.0,25.0
U03382,2023,26472.0,10.7,0.0,4.0
U03412,2023,22941.0,11.9,0.0,5.0
U02125,2023,24811.0,17.0,0.0,1.0
U03445,2023,44942.0,14.1,0.0,6.0
U03231,2023,16903.0,21.2,0.0,1.0
U03480,2023,8593.0,14.1,0.0,2.0
U03485,2023,26928.0,11.7,0.0,7.0
U00009,2023,10314.0,20.9,0.0,0.0
U03499,2023,5399.0,17.6,0.0,10.0
U00024,2023,46881.0,14.8,0.0,0.0
U00035,2023,8601.0,11.6,0.0,2.0
U00044,2023,7574.0,14.2,0.0,17.0
U00104,2023,14292.0,37.1,0.0,7.0
U00106,2023,12495.0,11.6,0.0,11.0
U00116,2023,4468.0,11.9,4468.0,76.0
U00118,2023,10673.0,21.2,0.0,2.0
U02591,2023,8083.0,20.4,0.0,2.0
U02595,2023,25207.0,19.4,0.0,4.0
U00182,2023,27512.0,18.2,0.0,10.0
U00197,2023,7350.0,26.2,0.0,0.0
U02599,2023,26449.0,12.7,0.0,0.0
U00212,2023,17813.0,47.2,0.0,18.0
U00211,2023,19573.0,22.2,0.0,1.0
U00218,2023,13900.0,8.7,0.0,3.0
U02606,2023,29905.0,21.6,0.0,2.0
U00227,2023,17255.0,17.3,0.0,4.0
U00235,2023,19700.0,17.7,0.0,7.0
U00248,2023,5698.0,12.0,0.0,18.0
U00257,2023,16468.0,20.4,0.0,2.0
U00258,2023,110645.0,32.5,0.0,3.0
U03305,2023,67049.0,37.3,0.0,11.0
U00344,2023,18231.0,38.3,0.0,10.0
U02663,2023,8129.0,27.9,0.0,10.0
U02667,2023,15245.0,18.4,0.0,22.0
U00327,2023,15254.0,4.9,0.0,5.0
U00331,2023,28760.0,29.7,0.0,22.0
U02676,2023,62248.0,36.1,0.0,5.0
U00352,2023,15453.0,20.7,0.0,26.0
U00399,2023,40696.0,19.9,0.0,3.0
U00408,2023,18101.0,22.7,0.0,22.0
U00420,2023,3273.0,11.6,0.0,25.0
U02688,2023,21429.0,18.0,0.0,19.0
U02691,2023,31792.0,31.9,0.0,0.0
U00439,2023,33465.0,14.8,0.0,2.0
U00440,2023,35592.0,33.5,0.0,34.0
U02708,2023,16847.0,13.5,0.0,10.0
U02700,2023,31545.0,13.4,0.0,2.0
U00447,2023,8362.0,15.5,0.0,1.0
U00460,2023,3280.0,16.9,0.0,14.0
U00471,2023,38465.0,15.0,0.0,3.0
U00485,2023,11196.0,22.3,0.0,3.0
U00480,2023,24490.0,20.2,0.0,38.0
U02715,2023,15525.0,14.6,0.0,18.0
U02716,2023,15933.0,15.9,0.0,3.0
U02718,2023,211424.0,16.1,0.0,3.0
U00509,2023,7249.0,6.8,0.0,3.0
U02728,2023,11898.0,18.2,0.0,5.0
U02431,2023,45256.0,26.1,0.0,0.0
U02737,2023,5290.0,19.3,0.0,2.0
U00550,2023,830.0,8.1,0.0,5.0
U00578,2023,30190.0,17.5,0.0,9.0
U00581,2023,44786.0,16.8,0.0,0.0
U02469,2023,39169.0,14.1,0.0,1.0
U02456,2023,18877.0,10.3,0.0,1.0
U00612,2023,11684.0,22.2,11684.0,52.0
U00655,2023,23416.0,32.4,0.0,2.0
U02761,2023,37465.0,13.2,0.0,7.0
U00683,2023,14270.0,23.6,0.0,19.0
U02768,2023,54619.0,14.5,0.0,10.0
U00697,2023,7823.0,14.3,0.0,1.0
U02769,2023,12531.0,12.4,0.0,17.0
U00698,2023,6353.0,8.6,0.0,23.0
U00706,2023,36701.0,19.4,0.0,0.0
U00705,2023,12891.0,1.7,0.0,2.0
U00720,2023,38444.0,20.1,0.0,3.0
U02781,2023,17353.0,17.7,0.0,3.0
U00729,2023,4668.0,28.9,0.0,23.0
U00743,2023,12145.0,26.5,0.0,0.0
U02791,2023,18780.0,15.5,0.0,38.0
U02796,2023,46958.0,27.0,0.0,7.0
U02799,2023,14410.0,19.9,0.0,26.0
U00795,2023,6279.0,8.0,0.0,2.0
U00801,2023,2687.0,13.0,0.0,4.0
U00807,2023,22059.0,8.7,0.0,4.0
U00834,2023,2001.0,11.7,0.0,0.0
U00848,2023,2399.0,23.1,0.0,2.0
U00879,2023,25221.0,25.1,0.0,7.0
U00895,2023,8840.0,8.3,0.0,5.0
U00921,2023,18562.0,24.2,0.0,15.0
U00939,2023,34725.0,9.6,0.0,11.0
U00943,2023,9636.0,20.0,0.0,3.0
U00952,2023,8840.0,14.2,0.0,2.0
U00963,2023,35687.0,9.5,0.0,6.0
U00967,2023,41858.0,16.6,0.0,27.0
U02822,2023,29167.0,25.1,0.0,15.0
U00985,2023,6762.0,13.0,0.0,14.0
U02109,2023,30380.0,13.4,0.0,13.0
U00979,2023,19826.0,9.8,0.0,3.0
U02828,2023,8572.0,28.8,0.0,22.0
U00994,2023,7365.0,8.8,0.0,3.0
U01001,2023,1086.0,1.3,0.0,2.0
U02831,2023,8190.0,27.2,0.0,3.0
U02519,2023,16873.0,10.1,0.0,14.0
U01061,2023,24796.0,12.3,0.0,9.0
U01079,2023,7870.0,11.3,0.0,1.0
U01109,2023,13375.0,26.2,0.0,14.0
U01112,2023,5053.0,14.5,0.0,1.0
U02843,2023,12924.0,34.6,0.0,5.0
U01157,2023,4499.0,13.8,0.0,1.0
U01172,2023,6459.0,11.1,0.0,18.0
U02866,2023,14733.0,25.1,0.0,20.0
U01202,2023,13050.0,16.8,0.0,35.0
U02874,2023,61210.0,20.2,0.0,17.0
U01206,2023,29191.0,18.2,0.0,5.0
U01214,2023,21367.0,10.5,0.0,1.0
U01223,2023,9053.0,13.3,0.0,10.0
U01228,2023,20844.0,14.2,0.0,2.0
U02884,2023,7757.0,27.1,0.0,1.0
U01235,2023,29195.0,15.9,0.0,19.0
U01241,2023,161977.0,47.5,0.0,3.0
U01243,2023,10544.0,22.4,0.0,5.0
U02896,2023,11456.0,16.8,0.0,8.0
U01253,2023,9148.0,9.7,0.0,4.0
U01256,2023,17534.0,16.1,0.0,29.0
U01266,2023,10294.0,8.6,0.0,10.0
U01277,2023,16098.0,14.9,0.0,21.0
U01298,2023,75566.0,17.9,0.0,1.0
U01306,2023,25113.0,11.8,0.0,4.0
U02930,2023,11435.0,28.7,0.0,0.0
U02944,2023,52678.0,34.5,0.0,2.0
U02945,2023,29369.0,21.8,0.0,3.0
U01355,2023,28184.0,17.0,0.0,2.0
U01365,2023,36281.0,24.0,0.0,11.0
U01379,2023,20080.0,15.1,0.0,12.0
U01413,2023,8906.0,17.9,0.0,18.0
U01393,2023,3900.0,13.9,0.0,3.0
U01449,2023,9135.0,21.8,0.0,6.0
U01452,2023,20103.0,24.5,20103.0,83.0
U02954,2023,26730.0,23.2,0.0,4.0
U02956,2023,8661.0,14.7,0.0,15.0
U01456,2023,9757.0,14.6,0.0,24.0
U02967,2023,27579.0,20.5,0.0,5.0
U01480,2023,24760.0,30.9,0.0,0.0
U01497,2023,40095.0,24.3,0.0,3.0
U01502,2023,6786.0,7.6,0.0,12.0
U01509,2023,20996.0,17.8,0.0,23.0
U02978,2023,1157.0,2.5,0.0,2.0
U01532,2023,21250.0,14.0,0.0,6.0
U01539,2023,8969.0,28.6,0.0,8.0
U02096,2023,68390.0,31.6,0.0,8.0
U01561,2023,13575.0,14.2,0.0,25.0
U02995,2023,28210.0,32.1,0.0,6.0
U02392,2023,6028.0,6.7,0.0,0.0
U03005,2023,24943.0,25.1,0.0,6.0
U01615,2023,9998.0,43.1,0.0,1.0
U01619,2023,29428.0,30.4,0.0,14.0
U01658,2023,27117.0,12.2,0.0,2.0
U02532,2023,18365.0,11.1,0.0,26.0
U01677,2023,42667.0,15.2,0.0,2.0
U03315,2023,50418.0,17.9,0.0,12.0
U03029,2023,14172.0,24.7,0.0,27.0
U01705,2023,7475.0,14.7,0.0,21.0
U01713,2023,8512.0,19.5,0.0,28.0
U01716,2023,23590.0,21.5,0.0,0.0
U01727,2023,12975.0,12.6,0.0,13.0
U02535,2023,23492.0,11.6,0.0,17.0
U01785,2023,31340.0,27.5,0.0,7.0
U03050,2023,2944.0,15.4,0.0,2.0
U03053,2023,24713.0,14.5,0.0,9.0
U01801,2023,5163.0,12.1,0.0,6.0
U02664,2023,33663.0,35.1,0.0,2.0
U01843,2023,37499.0,13.1,0.0,7.0
U01893,2023,47989.0,15.5,0.0,5.0
U01907,2023,10866.0,36.1,0.0,28.0
U03103,2023,51028.0,19.8,0.0,21.0
U01958,2023,7436.0,8.6,0.0,4.0
U03153,2023,11118.0,29.6,0.0,16.0
U03466,2023,5073.0,6.0,0.0,2.0
U03489,2023,70824.0,17.5,0.0,3.0
U03137,2023,22148.0,68.4,0.0,1.0
U02573,2023,27826.0,42.4,0.0,0.0
U02099,2023,1217.0,12.1,0.0,9.0
U02100,2023,35457.0,20.9,0.0,4.0
U00061,2023,425977.0,38.4,0.0,6.0
U00063,2023,28178.0,27.7,0.0,2.0
U02579,2023,15941.0,10.2,0.0,24.0
U00069,2023,202206.0,28.2,0.0,4.0
U00078,2023,20428.0,12.1,0.0,2.0
U00107,2023,5921.0,13.7,0.0,5.0
U00139,2023,15149.0,15.9,0.0,1.0
U02593,2023,17491.0,6.5,0.0,30.0
U00157,2023,49840.0,19.7,0.0,5.0
U00178,2023,9682.0,51.0,0.0,6.0
U02246,2023,27474.0,22.9,0.0,1.0
U02598,2023,12566.0,15.1,0.0,10.0
U03142,2023,11493.0,11.8,0.0,8.0
U03143,2023,43018.0,15.4,0.0,6.0
U02613,2023,13175.0,29.6,13175.0,59.0
U02614,2023,7861.0,17.0,0.0,22.0
U02615,2023,93251.0,18.9,0.0,5.0
U00259,2023,82124.0,28.3,0.0,1.0
U02618,2023,22115.0,60.9,0.0,7.0
U00265,2023,4097.0,18.8,0.0,0.0
U00271,2023,9682.0,14.2,0.0,8.0
U00276,2023,15651.0,18.1,0.0,2.0
U00293,2023,12614.0,22.3,0.0,3.0
U02637,2023,15015.0,16.8,0.0,22.0
U00316,2023,224216.0,36.8,0.0,4.0
U02645,2023,19788.0,23.2,0.0,3.0
U00371,2023,9332.0,12.8,0.0,8.0
U00860,2023,2550.0,17.2,0.0,0.0
U00378,2023,22762.0,16.3,0.0,2.0
U00391,2023,17001.0,17.4,0.0,4.0
U00405,2023,34095.0,11.5,0.0,3.0
U00423,2023,23491.0,15.5,0.0,6.0
U02687,2023,36630.0,20.9,0.0,15.0
U00448,2023,32820.0,16.1,0.0,47.0
U00458,2023,14999.0,19.6,0.0,23.0
U02710,2023,11183.0,16.5,0.0,11.0
U02717,2023,9518.0,20.1,0.0,11.0
U00496,2023,17613.0,16.0,0.0,2.0
U00506,2023,22434.0,14.4,0.0,6.0
U00523,2023,21552.0,35.5,0.0,8.0
U00534,2023,10990.0,15.4,0.0,7.0
U02736,2023,8680.0,20.7,0.0,1.0
U00575,2023,14746.0,17.5,0.0,13.0
U00593,2023,40998.0,12.9,0.0,1.0
U02453,2023,26327.0,15.8,0.0,0.0
U00622,2023,39961.0,20.6,0.0,5.0
U00625,2023,9342.0,16.8,0.0,1.0
U00626,2023,24191.0,18.7,0.0,10.0
U02746,2023,11292.0,31.8,0.0,1.0
U03144,2023,33826.0,36.8,0.0,2.0
U00645,2023,3082.0,3.8,0.0,1.0
U00654,2023,39987.0,16.8,0.0,1.0
U02764,2023,14011.0,21.1,0.0,15.0
U00703,2023,46040.0,18.1,0.0,0.0
U00759,2023,14612.0,8.1,0.0,9.0
U00840,2023,2203.0,17.9,0.0,0.0
U00829,2023,1782.0,15.1,0.0,1.0
U02508,2023,5172.0,14.0,0.0,34.0
U02815,2023,32168.0,39.6,0.0,3.0
U00900,2023,9374.0,24.9,0.0,17.0
U02084,2023,35698.0,28.5,0.0,0.0
U00918,2023,10536.0,13.4,0.0,3.0
U00927,2023,8017.0,7.9,0.0,33.0
U02818,2023,13767.0,16.4,0.0,9.0
U00982,2023,5980.0,4.6,0.0,3.0
U01003,2023,19927.0,13.1,0.0,7.0
U01013,2023,9698.0,14.0,,
U01036,2023,33636.0,10.1,0.0,8.0
U01041,2023,5226.0,3.4,0.0,2.0
U01063,2023,33234.0,14.6,0.0,2.0
U01072,2023,27805.0,13.1,0.0,2.0
U01073,2023,39389.0,8.3,0.0,7.0
U01078,2023,15116.0,19.8,0.0,2.0
U01083,2023,14975.0,19.4,0.0,43.0
U01091,2023,17801.0,14.5,0.0,2.0
U01097,2023,15477.0,10.3,0.0,8.0
U01127,2023,5062.0,7.6,0.0,2.0
U01130,2023,24680.0,15.2,0.0,15.0
U01145,2023,18892.0,20.2,0.0,13.0
U02852,2023,27149.0,14.8,0.0,2.0
U01159,2023,8365.0,25.8,0.0,21.0
U02847,2023,18270.0,12.8,0.0,5.0
U02856,2023,11877.0,32.7,0.0,7.0
U01169,2023,18945.0,20.3,0.0,13.0
U01184,2023,6167.0,8.6,0.0,22.0
U02871,2023,37615.0,13.1,0.0,8.0
U02872,2023,9164.0,15.4,0.0,10.0
U01207,2023,33469.0,14.8,0.0,6.0
U01222,2023,13802.0,21.0,0.0,4.0
U01227,2023,28477.0,9.0,0.0,5.0
U01229,2023,31233.0,21.0,0.0,3.0
U02525,2023,8140.0,13.3,0.0,7.0
U02886,2023,9687.0,10.7,0.0,13.0
U01237,2023,23002.0,9.0,0.0,12.0
U01250,2023,10540.0,12.0,0.0,3.0
U01252,2023,32271.0,18.9,0.0,23.0
U01263,2023,6344.0,5.6,0.0,16.0
U02910,2023,16520.0,14.7,0.0,5.0
U02918,2023,19922.0,19.6,0.0,16.0
U01303,2023,21810.0,15.2,0.0,3.0
U02927,2023,6365.0,15.8,0.0,5.0
U01313,2023,14094.0,16.0,0.0,3.0
U01314,2023,15735.0,14.3,0.0,10.0
U02946,2023,6753.0,20.8,0.0,12.0
U01356,2023,32318.0,17.6,0.0,1.0
U01362,2023,33008.0,16.7,0.0,3.0
U01358,2023,31211.0,13.0,0.0,2.0
U01359,2023,38866.0,13.5,0.0,3.0
U01390,2023,6382.0,18.9,0.0,27.0
U03507,2023,809.0,15.3,0.0,13.0
U01439,2023,11737.0,9.4,0.0,5.0
U01406,2023,8150.0,12.3,0.0,8.0
U01410,2023,10699.0,12.2,0.0,16.0
U01415,2023,13732.0,19.9,0.0,6.0
U01391,2023,3823.0,20.7,0.0,0.0
U01395,2023,7037.0,18.5,0.0,2.0
U02094,2023,9692.0,9.7,0.0,35.0
U01458,2023,12285.0,16.0,0.0,6.0
U01472,2023,905.0,0.9,0.0,0.0
U02968,2023,18637.0,19.5,0.0,3.0
U01486,2023,39155.0,14.8,0.0,2.0
U01482,2023,30310.0,18.7,0.0,4.0
U02973,2023,3008.0,15.6,0.0,11.0
U01492,2023,13768.0,14.4,0.0,7.0
U01529,2023,22682.0,20.1,0.0,4.0
U01533,2023,18368.0,17.5,0.0,3.0
U01562,2023,5958.0,27.2,0.0,7.0
U01563,2023,12849.0,14.4,0.0,18.0
U02992,2023,32351.0,22.4,0.0,1.0
U01570,2023,18918.0,17.6,0.0,1.0
U01573,2023,35547.0,29.0,0.0,20.0
U01579,2023,11555.0,33.7,0.0,2.0
U02530,2023,5968.0,9.9,0.0,18.0
U03006,2023,6107.0,9.0,0.0,1.0
U03149,2023,46714.0,10.6,0.0,0.0
U02511,2023,22280.0,9.5,0.0,14.0
U01620,2023,23406.0,12.7,0.0,14.0
U01626,2023,13453.0,18.7,0.0,3.0
U01627,2023,14096.0,21.3,0.0,1.0
U01629,2023,27346.0,14.2,0.0,2.0
U03019,2023,36492.0,21.7,0.0,7.0
U01661,2023,25955.0,13.1,0.0,15.0
U03150,2023,28384.0,22.4,0.0,1.0
U03030,2023,28275.0,18.5,0.0,11.0
U03031,2023,15851.0,14.5,0.0,3.0
U01710,2023,6872.0,17.0,0.0,14.0
U03034,2023,7780.0,16.2,0.0,33.0
U03036,2023,33264.0,47.7,0.0,5.0
U01725,2023,6100.0,15.8,0.0,16.0
U03042,2023,27920.0,16.9,0.0,18.0
U03043,2023,13608.0,22.6,0.0,1.0
U03045,2023,18220.0,18.7,0.0,20.0
U03059,2023,28432.0,16.1,0.0,4.0
U02849,2023,7643.0,25.5,0.0,1.0
U01829,2023,19695.0,23.4,0.0,1.0
U01845,2023,14119.0,12.2,0.0,1.0
U01847,2023,25650.0,17.2,0.0,13.0
U01853,2023,14552.0,20.2,0.0,1.0
U01854,2023,10228.0,10.4,0.0,3.0
U03071,2023,12633.0,26.4,0.0,12.0
U03084,2023,8763.0,13.8,0.0,7.0
U01901,2023,30041.0,16.4,0.0,3.0
U01909,2023,10130.0,13.8,0.0,7.0
U01951,2023,38962.0,11.4,0.0,1.0
U01964,2023,4638.0,8.6,0.0,15.0
U01975,2023,16305.0,13.0,0.0,6.0
U01983,2023,59028.0,21.7,0.0,3.0
U01995,2023,129209.0,19.2,0.0,1.0
U03122,2023,10321.0,6.9,0.0,0.0
U02545,2023,4987.0,11.4,0.0,11.0
U03132,2023,17908.0,30.2,0.0,7.0
U02064,2023,35957.0,19.4,0.0,7.0
U03159,2023,21962.0,30.2,0.0,2.0
U02169,2023,36218.0,42.4,0.0,8.0
U02177,2023,460632.0,30.9,0.0,0.0
U03182,2023,15336.0,42.1,0.0,6.0
U03380,2023,17012.0,10.2,0.0,9.0
U03388,2023,33416.0,17.0,0.0,4.0
U03205,2023,37090.0,12.0,0.0,10.0
U03413,2023,19243.0,11.2,0.0,5.0
U03214,2023,7290.0,16.8,0.0,10.0
U03218,2023,19218.0,19.3,0.0,5.0
U03428,2023,5949.0,12.7,0.0,19.0
U03226,2023,10660.0,14.7,0.0,5.0
U03453,2023,31066.0,13.3,0.0,11.0
U03463,2023,19345.0,15.0,0.0,4.0
U03477,2023,165556.0,26.4,0.0,2.0
U03481,2023,1184.0,11.6,0.0,0.0
U03487,2023,17260.0,21.3,0.0,3.0
U02569,2023,14937.0,12.2,0.0,5.0
U00022,2023,35901.0,23.9,0.0,4.0
U00038,2023,138700.0,12.5,0.0,4.0
U00072,2023,24229.0,5.7,0.0,15.0
U02580,2023,8443.0,14.0,0.0,22.0
U02586,2023,13050.0,17.5,0.0,12.0
U00119,2023,31383.0,16.2,0.0,6.0
U02589,2023,26521.0,15.9,0.0,0.0
U03139,2023,15312.0,12.7,0.0,1.0
U00162,2023,6230.0,16.5,0.0,14.0
U00172,2023,84941.0,14.9,0.0,1.0
U00181,2023,8325.0,11.1,0.0,7.0
U00196,2023,74001.0,21.8,0.0,0.0
U00204,2023,39811.0,21.0,0.0,4.0
U00210,2023,29880.0,36.7,0.0,0.0
U00234,2023,44410.0,25.9,0.0,0.0
U00242,2023,29086.0,14.7,0.0,5.0
U02631,2023,13063.0,17.6,0.0,4.0
U00291,2023,15199.0,15.7,0.0,4.0
U00867,2023,8845.0,19.4,0.0,32.0
U02641,2023,7599.0,13.5,0.0,5.0
U02646,2023,19119.0,15.6,0.0,0.0
U00329,2023,9380.0,18.6,0.0,22.0
U00332,2023,18133.0,11.0,0.0,17.0
U02022,2023,4466.0,10.0,0.0,9.0
U02672,2023,22524.0,12.8,0.0,8.0
U02270,2023,10727.0,19.5,0.0,15.0
U02677,2023,19285.0,14.4,0.0,25.0
U00366,2023,7016.0,12.1,0.0,5.0
U00375,2023,22735.0,20.2,0.0,20.0
U00381,2023,34110.0,14.0,0.0,3.0
U00383,2023,13640.0,8.5,0.0,5.0
U02684,2023,37286.0,15.5,0.0,5.0
U00388,2023,16758.0,16.6,0.0,1.0
U00386,2023,24270.0,22.4,0.0,2.0
U00400,2023,24436.0,19.9,0.0,6.0
U00421,2023,4024.0,14.9,0.0,9.0
U00435,2023,21788.0,10.6,0.0,14.0
U00452,2023,9641.0,14.9,0.0,4.0
U00463,2023,18057.0,17.6,0.0,22.0
U02711,2023,29045.0,17.7,0.0,22.0
U02713,2023,27471.0,25.6,0.0,1.0
U00511,2023,5016.0,23.7,0.0,0.0
U00528,2023,28718.0,16.9,0.0,2.0
U02727,2023,12180.0,21.9,0.0,44.0
U03503,2023,2108.0,14.3,0.0,26.0
U02738,2023,13163.0,13.9,0.0,3.0
U02440,2023,42008.0,15.6,0.0,3.0
U00571,2023,10684.0,10.7,0.0,32.0
U02742,2023,20509.0,11.2,0.0,2.0
U00600,2023,45747.0,11.4,0.0,1.0
U02451,2023,38751.0,16.1,0.0,2.0
U00604,2023,19593.0,21.1,0.0,0.0
U00615,2023,25269.0,30.9,0.0,9.0
U00628,2023,5091.0,14.9,0.0,25.0
U02748,2023,21115.0,18.5,0.0,0.0
U00641,2023,18619.0,29.0,0.0,5.0
U00643,2023,29188.0,16.9,0.0,1.0
U02762,2023,54256.0,32.4,0.0,1.0
U00704,2023,39172.0,19.8,0.0,2.0
U02777,2023,11975.0,23.5,0.0,0.0
U00717,2023,6420.0,19.3,0.0,0.0
U00722,2023,7940.0,19.8,0.0,4.0
U00728,2023,1204.0,4.6,0.0,2.0
U00777,2023,31351.0,17.2,0.0,18.0
U00788,2023,937.0,2.2,0.0,0.0
U00794,2023,51802.0,71.9,0.0,3.0
U00802,2023,16196.0,10.2,0.0,3.0
U00806,2023,5425.0,17.4,0.0,30.0
U00817,2023,1484.0,16.1,0.0,21.0
U00824,2023,1512.0,10.4,0.0,0.0
U00823,2023,1563.0,12.3,0.0,0.0
U00826,2023,2102.0,14.7,0.0,0.0
U00830,2023,6353.0,13.8,0.0,1.0
U00833,2023,7002.0,20.7,0.0,1.0
U00839,2023,1587.0,11.6,0.0,1.0
U02811,2023,41123.0,8.6,0.0,14.0
U00851,2023,17103.0,21.0,0.0,8.0
U00901,2023,10102.0,10.2,0.0,2.0
U00902,2023,11323.0,23.5,0.0,1.0
U00922,2023,59250.0,25.1,0.0,8.0
U00923,2023,25638.0,21.7,0.0,3.0
U00938,2023,14217.0,21.7,0.0,0.0
U00950,2023,11495.0,14.6,0.0,10.0
U02819,2023,26236.0,13.9,0.0,2.0
U00958,2023,20453.0,19.9,0.0,7.0
U00961,2023,29614.0,13.1,0.0,1.0
U00962,2023,23978.0,14.3,0.0,2.0
U00964,2023,24395.0,18.5,0.0,2.0
U02086,2023,1093.0,0.9,0.0,0.0
U00999,2023,9886.0,9.4,0.0,7.0
U01004,2023,6490.0,11.8,0.0,6.0
U01050,2023,7704.0,9.9,0.0,10.0
U01093,2023,8403.0,26.6,0.0,2.0
U01123,2023,9536.0,10.0,0.0,6.0
U01131,2023,87443.0,78.1,0.0,1.0
U01138,2023,1371.0,3.4,0.0,1.0
U02855,2023,15612.0,16.9,0.0,8.0
U01167,2023,46256.0,14.8,0.0,16.0
U02860,2023,2604.0,4.6,0.0,17.0
U02862,2023,14828.0,15.3,0.0,5.0
U01204,2023,9059.0,23.6,0.0,1.0
U01213,2023,7544.0,10.7,0.0,22.0
U02526,2023,10937.0,13.6,0.0,5.0
U02891,2023,16315.0,12.1,0.0,1.0
U02892,2023,3146.0,19.9,0.0,0.0
U02895,2023,110826.0,44.8,0.0,1.0
U02903,2023,8710.0,21.5,0.0,1.0
U02904,2023,13320.0,33.1,0.0,6.0
U01262,2023,5494.0,12.7,0.0,8.0
U01280,2023,100182.0,34.3,0.0,0.0
U01293,2023,12276.0,17.0,0.0,7.0
U01316,2023,6129.0,11.7,0.0,8.0
U02941,2023,26351.0,16.0,0.0,8.0
U01361,2023,32300.0,15.6,0.0,3.0
U01357,2023,20660.0,8.6,0.0,4.0
U01375,2023,172729.0,17.4,0.0,4.0
U01377,2023,10853.0,9.7,0.0,9.0
U01423,2023,42188.0,15.8,0.0,1.0
U01409,2023,9873.0,15.7,0.0,11.0
U01411,2023,8905.0,21.0,0.0,6.0
U01392,2023,7583.0,20.6,0.0,4.0
U01453,2023,18420.0,13.4,0.0,13.0
U01468,2023,12037.0,7.6,0.0,3.0
U01497,2023,26073.0,14.0,0.0,1.0
U01517,2023,15413.0,17.8,0.0,4.0
U03502,2023,11804.0,38.4,0.0,6.0
U01531,2023,13012.0,10.4,0.0,10.0
U02989,2023,18599.0,11.6,0.0,2.0
U01566,2023,18673.0,14.5,0.0,13.0
U02998,2023,29393.0,25.6,0.0,6.0
U01584,2023,6867.0,10.0,0.0,23.0
U03025,2023,17711.0,12.6,0.0,23.0
U01607,2023,11456.0,44.8,0.0,0.0
U01613,2023,18743.0,16.9,0.0,7.0
U01622,2023,7291.0,22.6,0.0,1.0
U01647,2023,18067.0,19.3,0.0,6.0
U01646,2023,29534.0,29.8,0.0,0.0
U01668,2023,7806.0,11.2,0.0,8.0
U03023,2023,47257.0,17.0,0.0,1.0
U01673,2023,21018.0,17.0,0.0,6.0
U01702,2023,8030.0,18.7,0.0,28.0
U03242,2023,43160.0,20.3,0.0,7.0
U01715,2023,20014.0,15.1,0.0,5.0
U01721,2023,8955.0,19.1,0.0,25.0
U01722,2023,14520.0,15.7,0.0,16.0
U01728,2023,17912.0,14.4,0.0,3.0
U01761,2023,4595.0,24.5,0.0,0.0
U01772,2023,40331.0,25.1,0.0,8.0
U02405,2023,10338.0,13.6,0.0,5.0
U03056,2023,23740.0,31.0,0.0,0.0
U01816,2023,3536.0,8.3,0.0,7.0
U03065,2023,49155.0,16.7,0.0,12.0
U01830,2023,12850.0,8.7,0.0,3.0
U01835,2023,7268.0,21.1,0.0,0.0
U01837,2023,8221.0,21.1,0.0,1.0
U01841,2023,23263.0,16.7,0.0,2.0
U01866,2023,90045.0,53.3,0.0,2.0
U01869,2023,13990.0,12.4,0.0,1.0
U03075,2023,1746.0,10.9,0.0,2.0
U01887,2023,9625.0,24.0,0.0,15.0
U01888,2023,60248.0,26.4,0.0,0.0
U03080,2023,236282.0,232.2,0.0,3.0
U03088,2023,7129.0,14.7,0.0,3.0
U03152,2023,12052.0,36.6,0.0,1.0
U01905,2023,52035.0,30.0,0.0,1.0
U03091,2023,15625.0,15.4,0.0,21.0
U03097,2023,19363.0,16.3,0.0,2.0
U03496,2023,9239.0,24.8,0.0,14.0
U01931,2023,833.0,0.9,0.0,1.0
U03108,2023,12050.0,15.9,0.0,40.0
U01973,2023,14522.0,37.6,0.0,8.0
U03112,2023,20023.0,12.5,0.0,22.0
U01988,2023,4178.0,9.6,0.0,16.0
U02024,2023,6597.0,31.6,0.0,4.0
U02032,2023,38976.0,15.6,0.0,16.0
U02043,2023,20686.0,18.7,0.0,21.0
U02050,2023,13135.0,19.3,0.0,20.0
U03136,2023,29420.0,23.5,0.0,3.0
U02151,2023,1370.0,1.7,0.0,1.0
U02152,2023,8829.0,10.6,0.0,6.0
U02174,2023,489.0,9.4,0.0,2.0
U03169,2023,7123.0,11.1,0.0,8.0
U02548,2023,18183.0,15.8,0.0,3.0
U03344,2023,13910.0,27.2,0.0,2.0
U03192,2023,7087.0,19.6,0.0,1.0
U03374,2023,48070.0,15.3,0.0,1.0
U03198,2023,17613.0,15.4,0.0,6.0
U03408,2023,46799.0,14.6,0.0,13.0
U03213,2023,16945.0,20.8,0.0,50.0
U03439,2023,55426.0,14.9,0.0,2.0
U03443,2023,37205.0,16.0,0.0,1.0
U03456,2023,36443.0,33.2,0.0,10.0
U03457,2023,5713.0,23.6,0.0,0.0
U03476,2023,25532.0,26.0,0.0,11.0
U03233,2023,28085.0,10.1,0.0,8.0
U03484,2023,22676.0,15.8,0.0,5.0
U03488,2023,32095.0,14.5,0.0,6.0
U03237,2023,7545.0,13.4,0.0,3.0
U03234,2023,20598.0,23.9,0.0,0.0
U03304,2023,17530.0,20.1,0.0,1.0
U00008,2023,112677.0,88.2,0.0,1.0
U00018,2023,4872.0,7.9,0.0,7.0
U00019,2023,2784.0,6.1,0.0,3.0
U00026,2023,10573.0,25.7,0.0,5.0
U00031,2023,20240.0,12.7,0.0,3.0
U00036,2023,1323.0,2.9,0.0,1.0
U02485,2023,26142.0,7.7,0.0,2.0
U00045,2023,44434.0,32.7,0.0,3.0
U02584,2023,22094.0,14.4,0.0,10.0
U00126,2023,20815.0,17.0,0.0,3.0
U03138,2023,9405.0,18.9,0.0,3.0
U00127,2023,9048.0,13.2,0.0,6.0
U02227,2023,46325.0,19.5,0.0,4.0
U00136,2023,71311.0,15.2,0.0,5.0
U02590,2023,38437.0,21.5,0.0,0.0
U00148,2023,32049.0,13.8,0.0,12.0
U00154,2023,6379.0,21.3,0.0,6.0
U00156,2023,12418.0,20.7,0.0,0.0
U00176,2023,56419.0,30.2,0.0,3.0
U00189,2023,17434.0,17.5,0.0,1.0
U00219,2023,10092.0,17.1,0.0,5.0
U00221,2023,20915.0,13.9,0.0,2.0
U00223,2023,9918.0,17.3,0.0,1.0
U00224,2023,6268.0,13.0,0.0,0.0
U02617,2023,47468.0,25.2,0.0,0.0
U00263,2023,2904.0,9.5,0.0,6.0
U00274,2023,15331.0,14.3,0.0,4.0
U00292,2023,14642.0,16.8,0.0,6.0
U02633,2023,45737.0,15.2,0.0,1.0
U02072,2023,11042.0,16.2,0.0,3.0
U00299,2023,18762.0,16.6,0.0,23.0
U00303,2023,10838.0,23.4,0.0,1.0
U02640,2023,31267.0,32.7,0.0,2.0
U00306,2023,18728.0,17.0,0.0,12.0
U02644,2023,18672.0,16.8,0.0,9.0
U00326,2023,10740.0,17.8,0.0,14.0
U02671,2023,28962.0,9.9,0.0,1.0
U02074,2023,9782.0,7.1,0.0,4.0
U00339,2023,11343.0,20.4,0.0,3.0
U00367,2023,6326.0,26.5,0.0,1.0
U02680,2023,4006.0,8.0,0.0,22.0
U02681,2023,10435.0,18.0,0.0,15.0
U00401,2023,21073.0,27.3,0.0,3.0
U00410,2023,17219.0,14.2,0.0,5.0
U00411,2023,21244.0,20.7,0.0,4.0
U00407,2023,15037.0,31.3,0.0,9.0
U00426,2023,3969.0,16.9,0.0,1.0
U02693,2023,12380.0,21.2,0.0,1.0
U02696,2023,28112.0,17.1,0.0,2.0
U00445,2023,11225.0,21.3,0.0,15.0
U00461,2023,16217.0,8.8,0.0,20.0
U00473,2023,4980.0,28.6,0.0,0.0
U00479,2023,12941.0,14.9,0.0,3.0
U00483,2023,11751.0,13.2,0.0,2.0
U00488,2023,22230.0,37.0,0.0,4.0
U00501,2023,56233.0,17.6,0.0,3.0
U00540,2023,33062.0,18.5,0.0,4.0
U00544,2023,9204.0,13.3,0.0,2.0
U00546,2023,12721.0,6.6,0.0,0.0
U02105,2023,4662.0,15.4,0.0,6.0
U00553,2023,50212.0,36.2,0.0,4.0
U00561,2023,11549.0,12.8,0.0,1.0
U02430,2023,22458.0,9.1,0.0,0.0
U02459,2023,16706.0,22.2,0.0,1.0
U02441,2023,45692.0,17.4,0.0,0.0
U00585,2023,23475.0,13.4,0.0,1.0
U00586,2023,25511.0,13.7,0.0,1.0
U00591,2023,14637.0,18.4,0.0,1.0
U02465,2023,33621.0,13.4,0.0,0.0
U00601,2023,37879.0,14.7,0.0,0.0
U00602,2023,27242.0,13.7,0.0,1.0
U00603,2023,20314.0,15.4,0.0,1.0
U00609,2023,25748.0,13.6,0.0,1.0
U00611,2023,16436.0,13.3,0.0,2.0
U00613,2023,22405.0,30.0,0.0,3.0
U02747,2023,13626.0,38.4,0.0,2.0
U02846,2023,11053.0,22.0,0.0,1.0
U00644,2023,31697.0,14.2,0.0,2.0
U03309,2023,13152.0,12.8,0.0,1.0
U02488,2023,38089.0,8.1,0.0,4.0
U00659,2023,41358.0,20.6,0.0,3.0
U02758,2023,19970.0,23.9,0.0,2.0
U00663,2023,14816.0,19.9,0.0,5.0
U00664,2023,8403.0,22.7,0.0,2.0
U00672,2023,22885.0,18.8,0.0,3.0
U00676,2023,11937.0,14.9,0.0,1.0
U00680,2023,7216.0,7.5,0.0,5.0
U00693,2023,11276.0,19.4,0.0,0.0
U00696,2023,20972.0,15.3,0.0,1.0
U00714,2023,6300.0,7.7,0.0,5.0
U00719,2023,12996.0,12.3,0.0,3.0
U00725,2023,7947.0,9.4,0.0,4.0
U00733,2023,29861.0,18.7,0.0,3.0
U00739,2023,33601.0,14.6,0.0,1.0
U02079,2023,16647.0,27.9,0.0,7.0
U03321,2023,124623.0,36.0,0.0,2.0
U03330,2023,13633.0,21.2,0.0,13.0
U00747,2023,127379.0,19.3,0.0,2.0
U00772,2023,30300.0,39.2,0.0,4.0
U02798,2023,6390.0,12.3,0.0,3.0
U00787,2023,10474.0,10.5,0.0,14.0
U02810,2023,40901.0,34.8,0.0,1.0
U00818,2023,13210.0,17.3,0.0,3.0
U00822,2023,1724.0,14.1,0.0,0.0
U00877,2023,45009.0,49.0,0.0,1.0
U00892,2023,23580.0,6.7,0.0,3.0
U02817,2023,16756.0,24.7,0.0,4.0
U00919,2023,24332.0,20.4,0.0,11.0
U00928,2023,18357.0,10.0,0.0,1.0
U00951,2023,5683.0,16.1,0.0,0.0
U00956,2023,11741.0,17.6,0.0,4.0
U00960,2023,19522.0,15.5,0.0,2.0
U00991,2023,6369.0,9.9,0.0,2.0
U00998,2023,1090.0,2.2,0.0,2.0
U01000,2023,22104.0,22.0,0.0,3.0
U01005,2023,47263.0,41.8,0.0,22.0
U01022,2023,8361.0,14.2,0.0,8.0
U01046,2023,12607.0,19.0,0.0,4.0
U01055,2023,34434.0,18.1,0.0,2.0
U01058,2023,5562.0,15.0,0.0,0.0
U01075,2023,27055.0,22.8,0.0,0.0
U01090,2023,8605.0,5.2,0.0,1.0
U01101,2023,2593.0,20.3,0.0,2.0
U02521,2023,15858.0,12.3,0.0,3.0
U01147,2023,5646.0,16.0,0.0,5.0
U01155,2023,10457.0,17.7,0.0,0.0
U02861,2023,7172.0,13.3,0.0,11.0
U01190,2023,19358.0,14.1,0.0,4.0
U01203,2023,21180.0,11.2,0.0,1.0
U02877,2023,17291.0,39.2,0.0,0.0
U01211,2023,25186.0,47.2,0.0,18.0
U02883,2023,35888.0,13.8,0.0,6.0
U02524,2023,8787.0,20.1,0.0,3.0
U02528,2023,13956.0,17.9,0.0,7.0
U02894,2023,12403.0,14.3,0.0,10.0
U01249,2023,62414.0,30.6,0.0,6.0
U01278,2023,8886.0,16.5,0.0,20.0
U01281,2023,59709.0,21.1,0.0,1.0
U01292,2023,7125.0,8.4,0.0,4.0
U01295,2023,4514.0,19.5,0.0,2.0
U01310,2023,88644.0,43.3,0.0,3.0
U02932,2023,19203.0,9.6,0.0,2.0
U01331,2023,7116.0,10.6,0.0,11.0
U02940,2023,13330.0,23.5,0.0,1.0
U02942,2023,7970.0,21.4,0.0,10.0
U01341,2023,2189.0,11.1,0.0,12.0
U01342,2023,8869.0,6.7,0.0,6.0
U01343,2023,4514.0,7.5,0.0,4.0
U01380,2023,12489.0,14.8,0.0,13.0
U01383,2023,7294.0,23.2,0.0,5.0
U01384,2023,8650.0,15.4,0.0,4.0
U01385,2023,15150.0,16.8,0.0,7.0
U01427,2023,66141.0,56.9,0.0,5.0
U01386,2023,10008.0,17.8,0.0,8.0
U01436,2023,16276.0,16.1,0.0,5.0
U01414,2023,11413.0,7.9,0.0,13.0
U01417,2023,21170.0,8.0,0.0,3.0
U01464,2023,19684.0,13.0,0.0,4.0
U02963,2023,43108.0,11.4,0.0,1.0
U01882,2023,4870.0,11.3,0.0,3.0
U02970,2023,15940.0,19.1,0.0,2.0
U01479,2023,37861.0,19.1,0.0,3.0
U03146,2023,13991.0,19.0,0.0,1.0
U01518,2023,29939.0,23.3,0.0,0.0
U01534,2023,9522.0,12.1,0.0,1.0
U01543,2023,5604.0,14.5,0.0,7.0
U01544,2023,25775.0,19.2,0.0,1.0
U01554,2023,15827.0,11.5,0.0,5.0
U01556,2023,10814.0,23.7,0.0,3.0
U02984,2023,8492.0,16.4,0.0,11.0
U02993,2023,5351.0,17.3,0.0,6.0
U01576,2023,34972.0,37.4,0.0,17.0
U02999,2023,14186.0,14.5,0.0,14.0
U02499,2023,32320.0,20.1,0.0,1.0
U01594,2023,5070.0,21.3,0.0,3.0
U01625,2023,25644.0,7.8,0.0,1.0
U01628,2023,17703.0,26.6,0.0,1.0
U01645,2023,12301.0,14.7,0.0,1.0
U01649,2023,7495.0,6.0,0.0,14.0
U01650,2023,14502.0,11.6,0.0,4.0
U03020,2023,6089.0,16.6,0.0,15.0
U01657,2023,32779.0,13.0,0.0,2.0
U01674,2023,42159.0,10.2,0.0,6.0
U01714,2023,10745.0,33.4,0.0,21.0
U01719,2023,34906.0,17.3,0.0,10.0
U03151,2023,7534.0,9.9,0.0,2.0
U01760,2023,6577.0,9.9,0.0,3.0
U03331,2023,7906.0,11.3,0.0,6.0
U01770,2023,1908.0,1.4,0.0,0.0
U03052,2023,23419.0,22.5,0.0,2.0
U01790,2023,1299.0,3.2,0.0,0.0
U01793,2023,9945.0,13.8,0.0,1.0
U01795,2023,12971.0,12.1,0.0,5.0
U02500,2023,28398.0,18.3,0.0,1.0
U01813,2023,36084.0,19.6,0.0,7.0
U01815,2023,15415.0,13.7,0.0,1.0
U03064,2023,9759.0,17.5,0.0,4.0
U01820,2023,9526.0,14.9,0.0,8.0
U03066,2023,29118.0,12.9,0.0,2.0
U01824,2023,5501.0,16.8,0.0,0.0
U01828,2023,14509.0,23.8,0.0,1.0
U03533,2023,15096.0,25.6,0.0,4.0
U01832,2023,9060.0,38.1,0.0,0.0
U03067,2023,25884.0,9.7,0.0,2.0
U01849,2023,9007.0,27.9,0.0,6.0
U01850,2023,1160.0,3.1,0.0,3.0
U01852,2023,10603.0,10.4,0.0,3.0
U01859,2023,3662.0,1.6,0.0,0.0
U01871,2023,18396.0,12.4,0.0,4.0
U01885,2023,22490.0,6.5,0.0,6.0
U01896,2023,11543.0,19.2,0.0,4.0
U01897,2023,16142.0,19.8,0.0,10.0
U03332,2023,16698.0,24.0,0.0,29.0
U03079,2023,25602.0,13.4,0.0,2.0
U01915,2023,46881.0,17.4,0.0,1.0
U01924,2023,7248.0,14.6,0.0,0.0
U01926,2023,50680.0,15.1,0.0,2.0
U01935,2023,10050.0,17.5,0.0,13.0
U01940,2023,36741.0,35.6,0.0,4.0
U01967,2023,15505.0,30.4,0.0,2.0
U03117,2023,11372.0,12.5,0.0,1.0
U01993,2023,23207.0,22.9,0.0,7.0
U03119,2023,9758.0,30.2,0.0,3.0
U01996,2023,23857.0,10.0,0.0,5.0
U02028,2023,9348.0,12.3,0.0,20.0
U02044,2023,17968.0,18.4,0.0,0.0
U03124,2023,4269.0,15.9,0.0,21.0
U03125,2023,3189.0,19.4,0.0,23.0
U02053,2023,22937.0,15.9,0.0,5.0
U02538,2023,11716.0,16.3,0.0,7.0
U00857,2023,17893.0,10.6,0.0,3.0
U02063,2023,31639.0,19.3,0.0,1.0
U02065,2023,4028.0,15.0,0.0,1.0
U02066,2023,30995.0,11.7,0.0,1.0
U02087,2023,10070.0,10.7,0.0,9.0
U02139,2023,4822.0,12.8,0.0,1.0
U02140,2023,5421.0,13.4,0.0,0.0
U02143,2023,28334.0,15.8,0.0,4.0
U02144,2023,19358.0,14.6,0.0,11.0
U02145,2023,7508.0,9.6,0.0,3.0
U02154,2023,5686.0,15.2,0.0,6.0
U02156,2023,2595.0,10.5,0.0,8.0
U02158,2023,18091.0,24.3,0.0,3.0
U02161,2023,9129.0,19.6,0.0,10.0
U03164,2023,8988.0,12.0,0.0,3.0
U02173,2023,2033.0,10.6,0.0,14.0
U02176,2023,19351.0,18.0,0.0,1.0
U02181,2023,45862.0,39.6,0.0,2.0
U02190,2023,15160.0,20.3,0.0,10.0
U03173,2023,26825.0,11.1,0.0,2.0
U02196,2023,3373.0,9.8,0.0,10.0
U02219,2023,27135.0,26.7,0.0,41.0
U02220,2023,9529.0,18.2,0.0,0.0
U03307,2023,21654.0,33.6,0.0,2.0
U02529,2023,9510.0,15.7,0.0,5.0
U02546,2023,15498.0,16.4,0.0,6.0
U03348,2023,5643.0,18.5,0.0,7.0
U03188,2023,21780.0,11.2,0.0,8.0
U03367,2023,8568.0,13.6,0.0,2.0
U03190,2023,11407.0,27.8,0.0,1.0
U03376,2023,7072.0,11.7,0.0,1.0
U03379,2023,8322.0,13.0,0.0,11.0
U03386,2023,4882.0,16.6,0.0,3.0
U03390,2023,17080.0,8.5,0.0,26.0
U03400,2023,7765.0,11.3,0.0,14.0
U03406,2023,15736.0,13.6,0.0,6.0
U03407,2023,25021.0,18.9,0.0,7.0
U03210,2023,11054.0,14.7,0.0,4.0
U03212,2023,7891.0,33.6,0.0,1.0
U03420,2023,17612.0,19.9,0.0,8.0
U03434,2023,7351.0,17.1,0.0,4.0
U03224,2023,19501.0,16.4,0.0,7.0
U03437,2023,22221.0,16.0,0.0,1.0
U03442,2023,32981.0,21.9,0.0,1.0
U03447,2023,13796.0,20.3,0.0,3.0
U03450,2023,8684.0,8.8,0.0,2.0
U03228,2023,4604.0,6.1,0.0,5.0
U03458,2023,14448.0,30.3,0.0,2.0
U03467,2023,9723.0,13.1,0.0,8.0
U03473,2023,7339.0,24.3,0.0,6.0
U03474,2023,11353.0,10.9,0.0,1.0
U03230,2023,65436.0,16.6,0.0,4.0
U03232,2023,9611.0,23.5,0.0,0.0
U03478,2023,4698.0,10.9,0.0,1.0
U02571,2023,40203.0,20.2,0.0,1.0
U00049,2023,5016.0,10.5,0.0,4.0
U00051,2023,21377.0,25.7,0.0,8.0
U00070,2023,24847.0,22.1,0.0,7.0
U00102,2023,10128.0,23.6,0.0,2.0
U03140,2023,24372.0,11.7,0.0,2.0
U00141,2023,15770.0,11.5,0.0,1.0
U00144,2023,19348.0,11.7,0.0,3.0
U02245,2023,6228.0,7.9,0.0,1.0
U02247,2023,36107.0,15.4,0.0,2.0
U02248,2023,28202.0,29.2,0.0,0.0
U02252,2023,37596.0,18.9,0.0,1.0
U02253,2023,62789.0,10.9,0.0,1.0
U02254,2023,30239.0,15.9,0.0,0.0
U02249,2023,132684.0,47.3,0.0,1.0
U02250,2023,25399.0,45.3,0.0,1.0
U02251,2023,18446.0,14.7,0.0,0.0
U00192,2023,66282.0,22.4,0.0,3.0
U00208,2023,41841.0,14.2,0.0,1.0
U02600,2023,73873.0,9.4,0.0,0.0
U00214,2023,23323.0,13.3,0.0,2.0
U00237,2023,13172.0,13.0,0.0,2.0
U02608,2023,41612.0,12.9,0.0,0.0
U02642,2023,41381.0,24.4,0.0,2.0
U00256,2023,75483.0,40.5,0.0,1.0
U00267,2023,6417.0,10.6,0.0,4.0
U02643,2023,12343.0,24.8,0.0,1.0
U02625,2023,33049.0,23.1,0.0,0.0
U00281,2023,30076.0,20.4,0.0,1.0
U00284,2023,24348.0,23.5,0.0,3.0
U02634,2023,50116.0,12.3,0.0,1.0
U00311,2023,30800.0,21.8,0.0,1.0
U00314,2023,42787.0,25.3,0.0,9.0
U00337,2023,8865.0,17.8,0.0,0.0
U02674,2023,13554.0,25.8,0.0,0.0
U00346,2023,18436.0,16.6,0.0,0.0
U01240,2023,40533.0,22.4,0.0,2.0
U00370,2023,14645.0,38.1,0.0,6.0
U00382,2023,9895.0,24.3,0.0,2.0
U00394,2023,23216.0,23.3,0.0,5.0
U00404,2023,9128.0,16.8,0.0,2.0
U00412,2023,25954.0,35.3,0.0,4.0
U02689,2023,13665.0,9.6,0.0,0.0
U00436,2023,10065.0,21.8,0.0,6.0
U00437,2023,16350.0,14.0,0.0,5.0
U00449,2023,13339.0,12.9,0.0,2.0
U02701,2023,18411.0,22.5,0.0,4.0
U00454,2023,40200.0,17.8,0.0,5.0
U02709,2023,37385.0,24.8,0.0,0.0
U00495,2023,31401.0,17.3,0.0,2.0
U00498,2023,38567.0,13.5,0.0,2.0
U00499,2023,1338.0,1.2,0.0,0.0
U00507,2023,27764.0,18.5,0.0,4.0
U00518,2023,49511.0,50.4,0.0,8.0
U00519,2023,12770.0,16.6,0.0,21.0
U00525,2023,14164.0,23.8,0.0,2.0
U00555,2023,13773.0,18.7,0.0,3.0
U00558,2023,7084.0,12.9,0.0,1.0
U00563,2023,30822.0,19.6,0.0,3.0
U02429,2023,12404.0,12.9,0.0,1.0
U02438,2023,6910.0,23.0,0.0,0.0
U02435,2023,19442.0,12.6,0.0,0.0
U02439,2023,10540.0,9.0,0.0,0.0
U00584,2023,17038.0,25.9,0.0,0.0
U02461,2023,40899.0,19.8,0.0,1.0
U02443,2023,4882.0,13.6,0.0,1.0
U02470,2023,11992.0,20.5,0.0,0.0
U02471,2023,6395.0,11.0,0.0,0.0
U00587,2023,8596.0,17.1,0.0,1.0
U02445,2023,26085.0,16.5,0.0,0.0
U02463,2023,32222.0,16.2,0.0,0.0
U00592,2023,26142.0,15.6,0.0,1.0
U02448,2023,15453.0,17.1,0.0,1.0
U00595,2023,43211.0,16.3,0.0,0.0
U00594,2023,36815.0,14.3,0.0,0.0
U00596,2023,23242.0,17.1,0.0,0.0
U00597,2023,34356.0,14.2,0.0,1.0
U00599,2023,52000.0,24.6,0.0,0.0
U00582,2023,20185.0,16.0,0.0,0.0
U02473,2023,6750.0,10.0,0.0,0.0
U00607,2023,20874.0,22.7,0.0,8.0
U00610,2023,10708.0,13.2,0.0,0.0
U00614,2023,19298.0,23.3,0.0,7.0
U00631,2023,70979.0,21.1,0.0,0.0
U03318,2023,36423.0,22.2,0.0,1.0
U02303,2023,18562.0,13.4,0.0,0.0
U02753,2023,4902.0,8.0,0.0,5.0
U00647,2023,19637.0,9.5,0.0,1.0
U00661,2023,33225.0,38.0,0.0,11.0
U00667,2023,8752.0,14.0,0.0,11.0
U00678,2023,13884.0,21.0,0.0,9.0
U00681,2023,22094.0,14.1,0.0,1.0
U00702,2023,9605.0,10.8,0.0,27.0
U02773,2023,138372.0,17.8,0.0,0.0
U02774,2023,29558.0,20.9,0.0,1.0
U00730,2023,32758.0,31.1,0.0,0.0
U03320,2023,47480.0,51.8,0.0,2.0
U02784,2023,15002.0,8.6,0.0,4.0
U00746,2023,19311.0,6.8,0.0,1.0
U00780,2023,47590.0,22.0,0.0,1.0
U02803,2023,6592.0,12.7,0.0,3.0
U00792,2023,7863.0,14.8,0.0,3.0
U02349,2023,20708.0,13.8,0.0,1.0
U00888,2023,30348.0,19.2,0.0,2.0
U00869,2023,133839.0,12.6,0.0,0.0
U00903,2023,11691.0,27.5,0.0,16.0
U00907,2023,24392.0,28.2,0.0,4.0
U00929,2023,22080.0,29.1,0.0,3.0
U00932,2023,5305.0,13.1,0.0,4.0
U00933,2023,5542.0,18.5,0.0,3.0
U00945,2023,7966.0,18.1,0.0,3.0
U00955,2023,27907.0,40.6,0.0,20.0
U00992,2023,10326.0,10.2,0.0,2.0
U00997,2023,17457.0,14.8,0.0,4.0
U01002,2023,30335.0,12.3,0.0,3.0
U02830,2023,43740.0,36.3,0.0,0.0
U01006,2023,34824.0,25.8,0.0,4.0
U01019,2023,68589.0,18.4,0.0,1.0
U01077,2023,24243.0,20.6,0.0,1.0
U01087,2023,27790.0,46.2,0.0,2.0
U01099,2023,67200.0,45.7,0.0,3.0
U01100,2023,5480.0,8.2,0.0,1.0
U01102,2023,6317.0,17.5,0.0,1.0
U01111,2023,17238.0,12.0,0.0,11.0
U02842,2023,28175.0,12.3,0.0,0.0
U01132,2023,25537.0,24.8,0.0,4.0
U01139,2023,12110.0,21.1,0.0,2.0
U01135,2023,3958.0,13.4,0.0,6.0
U01153,2023,25953.0,53.1,0.0,0.0
U01165,2023,3891.0,24.9,0.0,4.0
U03238,2023,22273.0,16.7,0.0,8.0
U01194,2023,12642.0,17.8,0.0,4.0
U01209,2023,13154.0,16.5,0.0,2.0
U02881,2023,10561.0,23.7,0.0,5.0
U01220,2023,27482.0,27.3,0.0,0.0
U01224,2023,37351.0,30.0,0.0,1.0
U01242,2023,6576.0,23.9,0.0,1.0
U01245,2023,18263.0,12.6,0.0,9.0
U01257,2023,6987.0,14.2,0.0,8.0
U01268,2023,10267.0,7.6,0.0,5.0
U01274,2023,33090.0,34.2,0.0,5.0
U01275,2023,15043.0,30.3,0.0,1.0
U01340,2023,32336.0,22.2,0.0,1.0
U02360,2023,41022.0,22.9,0.0,1.0
U01296,2023,18024.0,21.7,0.0,10.0
U02922,2023,9021.0,16.1,0.0,5.0
U02928,2023,5456.0,7.5,0.0,3.0
U02568,2023,38267.0,19.4,0.0,1.0
U02935,2023,16793.0,24.3,0.0,2.0
U02939,2023,60460.0,15.9,0.0,0.0
U03327,2023,41107.0,18.1,0.0,0.0
U01335,2023,3397.0,20.3,0.0,6.0
U01337,2023,33105.0,7.1,0.0,1.0
U02386,2023,47336.0,30.0,0.0,0.0
U02388,2023,47716.0,26.1,0.0,0.0
U01344,2023,5774.0,16.3,0.0,5.0
U01370,2023,24827.0,16.7,0.0,1.0
U01378,2023,8515.0,23.2,0.0,4.0
U01382,2023,12059.0,26.3,0.0,3.0
U01381,2023,5773.0,14.6,0.0,11.0
U01426,2023,167063.0,16.2,0.0,1.0
U01388,2023,11134.0,19.0,0.0,1.0
U01389,2023,5476.0,23.0,0.0,2.0
U01429,2023,5741.0,24.0,0.0,4.0
U01397,2023,28128.0,28.2,0.0,2.0
U01408,2023,8344.0,16.0,0.0,5.0
U01421,2023,7418.0,20.7,0.0,1.0
U01477,2023,33509.0,15.7,0.0,0.0
U02476,2023,79285.0,25.4,0.0,1.0
U02977,2023,47669.0,15.3,0.0,1.0
U01515,2023,17620.0,10.4,0.0,0.0
U01520,2023,2743.0,14.9,0.0,6.0
U01530,2023,5433.0,8.5,0.0,2.0
U01538,2023,33798.0,16.0,0.0,15.0
U02981,2023,15840.0,17.2,0.0,6.0
U01552,2023,7160.0,30.3,0.0,1.0
U01553,2023,3094.0,5.5,0.0,1.0
U01560,2023,18344.0,12.7,0.0,6.0
U02498,2023,35873.0,12.1,0.0,1.0
U02391,2023,14504.0,8.5,0.0,1.0
U02994,2023,7606.0,14.0,0.0,7.0
U02997,2023,11671.0,24.7,0.0,0.0
U01585,2023,454155.0,124.7,0.0,1.0
U01586,2023,32037.0,15.4,0.0,0.0
U03004,2023,18556.0,17.0,0.0,0.0
U02398,2023,21335.0,20.7,0.0,1.0
U01616,2023,30287.0,24.4,0.0,4.0
U01617,2023,13081.0,21.5,0.0,2.0
U01624,2023,39142.0,34.0,0.0,0.0
U02400,2023,11497.0,11.5,0.0,2.0
U01637,2023,23170.0,15.0,0.0,1.0
U01652,2023,13700.0,28.1,0.0,27.0
U01666,2023,8594.0,15.3,0.0,0.0
U01701,2023,13468.0,19.2,0.0,4.0
U03032,2023,13155.0,15.6,0.0,2.0
U01691,2023,5953.0,15.4,0.0,0.0
U01756,2023,15692.0,27.7,0.0,2.0
U01757,2023,11259.0,12.1,0.0,1.0
U02848,2023,12123.0,15.5,0.0,2.0
U01771,2023,8457.0,14.9,0.0,6.0
U01787,2023,19858.0,10.4,0.0,0.0
U01794,2023,9243.0,9.7,0.0,4.0
U03061,2023,19115.0,6.9,0.0,1.0
U01822,2023,9092.0,17.7,0.0,12.0
U01851,2023,6055.0,7.7,0.0,3.0
U01856,2023,9926.0,14.2,0.0,4.0
U03070,2023,3125.0,11.9,0.0,3.0
U01865,2023,38707.0,21.2,0.0,1.0
U03073,2023,19962.0,12.0,0.0,3.0
U01872,2023,24310.0,21.0,0.0,1.0
U03074,2023,9109.0,20.3,0.0,1.0
U01880,2023,44942.0,34.8,0.0,4.0
U01883,2023,10976.0,8.8,0.0,5.0
U03076,2023,35026.0,25.6,0.0,1.0
U01898,2023,13402.0,11.8,0.0,12.0
U01925,2023,26673.0,19.6,0.0,0.0
U01941,2023,8453.0,9.1,0.0,1.0
U01942,2023,6887.0,9.4,0.0,1.0
U01979,2023,41032.0,34.8,0.0,5.0
U02502,2023,36146.0,21.1,0.0,2.0
U01992,2023,6724.0,8.7,0.0,0.0
U02023,2023,18649.0,20.5,0.0,2.0
U02029,2023,5222.0,11.5,0.0,11.0
U02030,2023,51567.0,33.4,0.0,1.0
U02035,2023,10339.0,11.6,0.0,9.0
U02479,2023,33484.0,12.8,0.0,1.0
U02541,2023,60563.0,16.0,0.0,1.0
U02055,2023,18977.0,18.2,0.0,1.0
U02057,2023,10629.0,12.3,0.0,1.0
U02153,2023,12907.0,32.7,0.0,1.0
U02146,2023,7415.0,15.5,0.0,2.0
U02147,2023,9846.0,28.5,0.0,3.0
U02157,2023,3853.0,18.9,0.0,1.0
U02170,2023,5995.0,8.1,0.0,2.0
U02172,2023,30465.0,24.2,0.0,6.0
U03172,2023,16418.0,12.8,0.0,2.0
U02486,2023,32537.0,21.6,0.0,0.0
U02527,2023,17068.0,19.0,0.0,4.0
U03357,2023,20902.0,38.1,0.0,11.0
U03353,2023,4829.0,14.1,0.0,4.0
U03189,2023,16371.0,18.3,0.0,2.0
U03360,2023,20523.0,17.0,0.0,3.0
U03375,2023,75704.0,21.7,0.0,1.0
U03399,2023,11087.0,14.4,0.0,10.0
U03404,2023,8553.0,13.3,0.0,1.0
U03204,2023,17690.0,17.7,0.0,2.0
U03209,2023,34530.0,33.6,0.0,0.0
U03416,2023,14527.0,24.6,0.0,6.0
U03435,2023,23657.0,20.3,0.0,6.0
U03452,2023,10724.0,11.1,0.0,7.0
U03455,2023,38649.0,13.2,0.0,1.0
U03460,2023,17038.0,28.2,0.0,5.0
U03494,2023,28319.0,25.4,0.0,8.0
U02551,2023,24493.0,19.3,0.0,1.0
U00010,2023,2509.0,20.1,0.0,9.0
U00011,2023,4010.0,21.7,0.0,22.0
U00023,2023,17840.0,70.0,0.0,0.0
U00028,2023,615.0,15.4,0.0,43.0
U00029,2023,9085.0,11.1,0.0,1.0
U00030,2023,1356.0,2.3,0.0,1.0
U00033,2023,2879.0,14.3,0.0,1.0
U00037,2023,3302.0,15.2,0.0,1.0
U00039,2023,6404.0,15.2,0.0,0.0
U00042,2023,2793.0,16.4,0.0,0.0
U02005,2023,317.0,22.6,0.0,5.0
U00043,2023,5050.0,16.4,5050.0,82.0
U00048,2023,1826.0,8.5,0.0,1.0
U00052,2023,10026.0,20.7,0.0,0.0
U00060,2023,11000.0,51.2,0.0,0.0
U00068,2023,12962.0,16.8,0.0,0.0
U00059,2023,4192.0,11.8,4192.0,57.0
U00073,2023,4309.0,16.0,0.0,0.0
U00074,2023,17080.0,65.9,0.0,0.0
U00067,2023,16150.0,22.2,0.0,0.0
U02583,2023,2302.0,26.5,0.0,0.0
U00079,2023,3614.0,12.9,0.0,6.0
U00082,2023,7206.0,16.9,0.0,0.0
U00086,2023,6000.0,17.6,0.0,1.0
U00087,2023,4538.0,30.9,0.0,0.0
U00090,2023,9698.0,20.8,0.0,0.0
U00091,2023,15591.0,23.1,0.0,0.0
U00092,2023,5716.0,6.2,0.0,0.0
U00094,2023,6454.0,40.6,0.0,0.0
U00097,2023,12170.0,12.3,0.0,6.0
U00101,2023,8204.0,13.7,0.0,47.0
U00105,2023,10738.0,26.6,0.0,0.0
U00112,2023,1685.0,17.9,0.0,26.0
U00113,2023,1100.0,10.1,0.0,2.0
U00114,2023,784.0,8.1,784.0,63.0
U00121,2023,5695.0,14.8,0.0,2.0
U00122,2023,2160.0,12.6,0.0,0.0
U00124,2023,2971.0,12.5,0.0,0.0
U00123,2023,4358.0,22.7,0.0,0.0
U00129,2023,6831.0,9.5,0.0,5.0
U00132,2023,10857.0,17.8,0.0,1.0
U00134,2023,620.0,12.7,620.0,80.0
U00135,2023,393.0,9.6,0.0,19.0
U00149,2023,12070.0,31.1,0.0,44.0
U00152,2023,9139.0,103.9,9139.0,64.0
U00151,2023,1754.0,13.3,0.0,14.0
U00163,2023,3310.0,14.1,0.0,21.0
U00142,2023,13359.0,17.9,0.0,1.0
U03141,2023,17930.0,12.8,17930.0,60.0
U00164,2023,1215.0,12.2,0.0,9.0
U00166,2023,2607.0,8.7,0.0,5.0
U00168,2023,1572.0,19.9,0.0,15.0
U00169,2023,1059.0,8.1,0.0,0.0
U00185,2023,5838.0,38.7,0.0,31.0
U00187,2023,238.0,3.7,0.0,0.0
U00200,2023,9846.0,18.9,0.0,3.0
U00199,2023,17328.0,11.8,0.0,2.0
U00202,2023,12340.0,18.8,0.0,0.0
U00209,2023,14021.0,20.7,0.0,2.0
U00213,2023,3219.0,33.9,0.0,0.0
U00215,2023,2990.0,15.0,,
U00217,2023,4329.0,14.9,0.0,0.0
U00220,2023,15473.0,47.0,0.0,7.0
U00222,2023,1760.0,8.4,0.0,3.0
U00226,2023,13200.0,35.3,0.0,3.0
U00228,2023,10317.0,23.7,0.0,9.0
U00230,2023,2115.0,21.2,0.0,0.0
U00231,2023,6555.0,17.7,0.0,11.0
U02610,2023,32179.0,28.1,0.0,0.0
U00236,2023,1790.0,5.2,0.0,0.0
U00254,2023,1765.0,7.5,0.0,0.0
U02616,2023,76419.0,16.3,0.0,2.0
U00260,2023,3859.0,16.6,0.0,0.0
U00261,2023,7554.0,18.1,0.0,4.0
U00262,2023,22103.0,25.4,0.0,4.0
U00270,2023,10434.0,18.2,0.0,8.0
U00278,2023,5111.0,16.9,0.0,7.0
U00279,2023,11486.0,17.5,0.0,5.0
U02624,2023,13919.0,11.8,0.0,1.0
U00280,2023,2010.0,21.2,0.0,4.0
U02626,2023,7704.0,18.6,0.0,1.0
U02628,2023,5400.0,14.6,0.0,33.0
U00288,2023,2006.0,11.4,0.0,1.0
U00290,2023,4161.0,12.0,0.0,0.0
U00305,2023,5290.0,17.3,0.0,32.0
U00312,2023,11197.0,26.2,0.0,0.0
U00323,2023,9494.0,39.4,0.0,2.0
U00336,2023,152.0,3.6,0.0,0.0
U02266,2023,10671.0,27.2,0.0,0.0
U00201,2023,7046.0,15.7,0.0,0.0
U02267,2023,16046.0,20.6,0.0,2.0
U02271,2023,8793.0,32.5,0.0,0.0
U00347,2023,39726.0,33.3,0.0,0.0
U00348,2023,2405.0,13.0,0.0,0.0
U02675,2023,1993.0,14.0,0.0,2.0
U00349,2023,1276.0,7.6,1276.0,83.0
U02679,2023,16948.0,32.8,0.0,0.0
U00359,2023,9839.0,25.8,0.0,0.0
U00360,2023,5150.0,16.0,0.0,0.0
U00362,2023,6348.0,13.5,0.0,3.0
U00464,2023,547.0,4.8,547.0,99.0
U00363,2023,4960.0,9.6,0.0,13.0
U00379,2023,5914.0,20.5,0.0,0.0
U02683,2023,4180.0,14.7,0.0,7.0
U00397,2023,12895.0,15.5,0.0,3.0
U00402,2023,23637.0,20.2,0.0,2.0
U00425,2023,461.0,4.8,0.0,0.0
U00441,2023,940.0,10.4,0.0,35.0
U02698,2023,14736.0,16.2,0.0,2.0
U00446,2023,510.0,12.8,510.0,51.0
U00451,2023,3135.0,7.8,3135.0,68.0
U00414,2023,4457.0,23.3,0.0,1.0
U02567,2023,5345.0,18.8,0.0,35.0
U00418,2023,4163.0,21.3,0.0,2.0
U00453,2023,18915.0,40.2,0.0,0.0
U02703,2023,5275.0,15.7,0.0,10.0
U00457,2023,6991.0,15.8,0.0,4.0
U00459,2023,2354.0,35.1,2354.0,75.0
U00469,2023,16157.0,21.1,0.0,3.0
U00482,2023,8414.0,7.4,0.0,0.0
U02340,2023,4350.0,25.6,0.0,0.0
U00487,2023,8780.0,16.9,0.0,0.0
U00490,2023,4275.0,18.9,0.0,0.0
U02566,2023,20674.0,33.9,0.0,1.0
U00492,2023,6033.0,29.9,0.0,8.0
U00493,2023,3122.0,17.8,0.0,6.0
U00494,2023,4210.0,16.1,0.0,1.0
U00497,2023,8864.0,28.5,0.0,0.0
U02719,2023,29461.0,17.9,0.0,0.0
U00489,2023,5247.0,21.9,0.0,0.0
U00510,2023,9149.0,30.2,0.0,1.0
U00504,2023,1068.0,18.4,0.0,2.0
U00513,2023,23097.0,13.3,0.0,0.0
U02721,2023,1147.0,27.3,0.0,24.0
U00491,2023,1807.0,14.5,0.0,0.0
U02722,2023,23662.0,13.5,0.0,0.0
U00526,2023,10000.0,142.9,0.0,0.0
U00532,2023,25204.0,27.5,0.0,0.0
U02733,2023,29028.0,33.1,0.0,0.0
U03508,2023,1489.0,8.7,0.0,0.0
U03524,2023,1371.0,10.1,0.0,0.0
U00017,2023,5525.0,25.3,0.0,1.0
U00537,2023,1489.0,9.5,0.0,0.0
U02732,2023,27105.0,33.1,0.0,0.0
U00539,2023,1067.0,9.4,0.0,26.0
U00541,2023,20472.0,40.1,0.0,1.0
U00542,2023,6237.0,13.6,0.0,2.0
U00543,2023,539.0,6.7,0.0,3.0
U02735,2023,1208.0,21.6,0.0,1.0
U00562,2023,6123.0,19.4,0.0,10.0
U02433,2023,19519.0,15.4,0.0,0.0
U00569,2023,5229.0,19.4,0.0,49.0
U00573,2023,2169.0,8.8,0.0,50.0
U00574,2023,987.0,5.7,0.0,0.0
U00576,2023,12370.0,13.0,0.0,1.0
U00579,2023,4800.0,17.8,0.0,14.0
U00583,2023,1091.0,3.3,0.0,0.0
U00588,2023,10121.0,21.4,0.0,0.0
U00589,2023,12456.0,22.8,0.0,0.0
U00590,2023,4774.0,11.8,0.0,31.0
U00598,2023,7313.0,39.7,0.0,0.0
U00605,2023,24671.0,27.8,0.0,0.0
U00606,2023,22610.0,18.7,0.0,0.0
U00623,2023,2442.0,29.1,0.0,0.0
U00634,2023,1420.0,18.9,0.0,0.0
U02749,2023,50760.0,160.6,0.0,0.0
U00646,2023,1772.0,10.9,0.0,1.0
U00652,2023,3699.0,,,
U00651,2023,40193.0,35.9,0.0,0.0
U00653,2023,9066.0,10.7,0.0,10.0
U00666,2023,5136.0,21.0,0.0,2.0
U00679,2023,2046.0,20.5,0.0,0.0
U00682,2023,9680.0,17.2,0.0,0.0
U00617,2023,14812.0,23.6,0.0,0.0
U00684,2023,2240.0,16.0,0.0,44.0
U02766,2023,6605.0,17.2,0.0,11.0
U00694,2023,14424.0,56.3,0.0,0.0
U00695,2023,7023.0,34.8,0.0,0.0
U02078,2023,506.0,0.4,0.0,31.0
U00699,2023,1261.0,15.6,0.0,3.0
U00700,2023,2025.0,7.3,0.0,0.0
U00709,2023,995.0,5.2,0.0,34.0
U00710,2023,2780.0,27.5,0.0,3.0
U00736,2023,2195.0,13.3,0.0,11.0
U00737,2023,1655.0,23.6,0.0,10.0
U00741,2023,30121.0,22.3,0.0,1.0
U00742,2023,4152.0,7.2,0.0,1.0
U02787,2023,6445.0,23.5,0.0,0.0
U02789,2023,21322.0,9.0,0.0,5.0
U03145,2023,7200.0,130.9,0.0,12.0
U00755,2023,6033.0,12.1,0.0,1.0
U00758,2023,4776.0,16.6,0.0,0.0
U00756,2023,4628.0,25.4,0.0,0.0
U00761,2023,6212.0,17.0,0.0,15.0
U00776,2023,7297.0,16.0,0.0,7.0
U02801,2023,2583.0,17.1,0.0,3.0
U00790,2023,1161.0,8.0,0.0,2.0
U00798,2023,6931.0,20.3,0.0,0.0
U00799,2023,29785.0,75.2,0.0,0.0
U00805,2023,4107.0,22.4,0.0,0.0
U00816,2023,1425.0,12.8,0.0,15.0
U00847,2023,3673.0,53.2,0.0,0.0
U00859,2023,195.0,2.8,0.0,33.0
U00875,2023,2913.0,12.6,0.0,11.0
U00885,2023,5830.0,33.3,0.0,2.0
U00890,2023,8169.0,41.9,0.0,3.0
U00889,2023,3173.0,12.8,0.0,4.0
U00904,2023,6732.0,25.5,0.0,3.0
U02085,2023,4152.0,9.1,0.0,2.0
U00906,2023,17058.0,47.0,0.0,1.0
U00908,2023,11703.0,7.7,11703.0,75.0
U00909,2023,4864.0,19.6,0.0,18.0
U00910,2023,3070.0,34.9,0.0,1.0
U00913,2023,27826.0,27.9,0.0,13.0
U00916,2023,18774.0,23.4,0.0,15.0
U00926,2023,6435.0,22.1,0.0,1.0
U02482,2023,7841.0,15.9,0.0,7.0
U00936,2023,1532.0,16.1,0.0,0.0
U00947,2023,1218.0,7.8,0.0,42.0
U00949,2023,4741.0,20.1,0.0,0.0
U00959,2023,3362.0,18.0,0.0,31.0
U02821,2023,21228.0,20.2,0.0,0.0
U02824,2023,37885.0,23.4,0.0,0.0
U00995,2023,2944.0,7.8,0.0,0.0
U00996,2023,23800.0,7.0,0.0,30.0
U01009,2023,5076.0,13.3,0.0,1.0
U01017,2023,13909.0,21.0,0.0,0.0
U01021,2023,17597.0,41.0,0.0,15.0
U01025,2023,13479.0,12.6,0.0,2.0
U02832,2023,17082.0,17.1,0.0,3.0
U02835,2023,20327.0,16.5,0.0,0.0
U01043,2023,2251.0,13.6,0.0,0.0
U01051,2023,455.0,5.5,0.0,1.0
U00989,2023,4896.0,23.5,0.0,3.0
U01052,2023,2610.0,11.3,0.0,7.0
U01054,2023,782.0,31.3,0.0,0.0
U01056,2023,5921.0,11.8,0.0,0.0
U01059,2023,10713.0,21.6,0.0,0.0
U01060,2023,4364.0,16.5,0.0,3.0
U01082,2023,132.0,3.3,0.0,0.0
U02838,2023,22867.0,24.8,0.0,0.0
U01089,2023,1965.0,14.1,0.0,4.0
U01095,2023,2287.0,15.3,0.0,4.0
U01096,2023,11557.0,34.3,0.0,2.0
U01098,2023,2784.0,31.6,0.0,4.0
U01105,2023,7047.0,11.3,0.0,5.0
U01108,2023,4416.0,24.7,0.0,1.0
U01110,2023,13016.0,30.1,0.0,4.0
U01121,2023,8370.0,26.2,0.0,3.0
U01133,2023,10585.0,9.4,0.0,2.0
U01134,2023,1089.0,19.4,0.0,4.0
U01143,2023,5448.0,14.5,0.0,17.0
U02850,2023,34345.0,35.2,0.0,0.0
U01154,2023,28289.0,37.1,0.0,0.0
U01094,2023,2125.0,16.6,0.0,1.0
U02853,2023,25782.0,19.9,0.0,0.0
U01161,2023,3429.0,13.4,0.0,0.0
U01151,2023,9869.0,20.1,0.0,1.0
U02854,2023,12767.0,13.7,0.0,1.0
U01168,2023,2065.0,15.3,0.0,12.0
U01170,2023,1260.0,19.4,0.0,12.0
U01171,2023,3230.0,24.8,0.0,9.0
U01116,2023,4536.0,9.4,0.0,1.0
U01175,2023,8039.0,10.1,0.0,1.0
U02863,2023,4475.0,20.2,0.0,0.0
U01185,2023,4025.0,15.2,0.0,13.0
U01186,2023,865.0,17.3,0.0,23.0
U01188,2023,210.0,2.2,0.0,39.0
U02089,2023,2136.0,22.3,0.0,0.0
U01195,2023,7433.0,19.6,0.0,0.0
U01198,2023,1995.0,18.1,1995.0,91.0
U01201,2023,825.0,1.8,825.0,62.0
U01199,2023,8260.0,21.5,0.0,45.0
U02875,2023,5567.0,16.6,0.0,0.0
U02353,2023,3319.0,13.3,0.0,4.0
U01231,2023,2356.0,12.3,0.0,0.0
U01233,2023,982.0,12.8,0.0,0.0
U01246,2023,1755.0,17.0,0.0,0.0
U01248,2023,2559.0,24.7,0.0,13.0
U02898,2023,21682.0,12.0,0.0,0.0
U02355,2023,20330.0,11.0,0.0,2.0
U02906,2023,9371.0,17.6,0.0,2.0
U01276,2023,4326.0,16.1,0.0,17.0
U01284,2023,405.0,6.9,0.0,0.0
U01285,2023,23198.0,21.7,0.0,0.0
U01290,2023,37101.0,26.7,0.0,0.0
U01294,2023,9348.0,18.6,0.0,0.0
U01299,2023,115.0,38.3,0.0,9.0
U01301,2023,7544.0,19.8,0.0,0.0
U02921,2023,11855.0,15.0,0.0,0.0
U01302,2023,24742.0,18.8,0.0,6.0
U01226,2023,3999.0,20.1,0.0,0.0
U01217,2023,3772.0,11.7,0.0,0.0
U01308,2023,3266.0,23.5,0.0,0.0
U01309,2023,1896.0,16.9,0.0,31.0
U03325,2023,18000.0,30.9,0.0,0.0
U02361,2023,1054.0,5.7,0.0,0.0
U02936,2023,10814.0,31.2,0.0,1.0
U01522,2023,12444.0,11.4,0.0,2.0
U01328,2023,4951.0,17.9,0.0,0.0
U01330,2023,8394.0,26.4,0.0,0.0
U01333,2023,6988.0,54.6,0.0,0.0
U01338,2023,11486.0,16.1,0.0,15.0
U02368,2023,8478.0,14.7,0.0,1.0
U02373,2023,5595.0,5.3,0.0,0.0
U01347,2023,3549.0,29.9,0.0,8.0
U01348,2023,17967.0,16.9,0.0,1.0
U01349,2023,7620.0,14.1,0.0,20.0
U01352,2023,3881.0,11.8,0.0,0.0
U01353,2023,5784.0,18.1,0.0,0.0
U01354,2023,20636.0,31.9,0.0,0.0
U01368,2023,1043.0,5.1,0.0,24.0
U01369,2023,2612.0,6.2,0.0,5.0
U01376,2023,14239.0,10.9,0.0,5.0
U01424,2023,8291.0,14.8,0.0,2.0
U01387,2023,395.0,7.2,0.0,42.0
U01432,2023,1654.0,5.0,0.0,0.0
U01434,2023,18647.0,26.5,0.0,2.0
U01422,2023,10503.0,17.7,0.0,1.0
U02092,2023,3432.0,8.8,0.0,1.0
U01398,2023,5742.0,8.7,0.0,2.0
U01435,2023,33703.0,27.3,0.0,2.0
U01438,2023,3986.0,18.8,0.0,14.0
U01446,2023,5132.0,12.3,0.0,6.0
U01407,2023,15512.0,14.9,0.0,1.0
U01419,2023,7262.0,11.5,0.0,2.0
U01445,2023,4344.0,9.8,0.0,3.0
U01447,2023,5067.0,8.1,0.0,10.0
U01450,2023,12791.0,26.4,0.0,0.0
U02497,2023,29840.0,24.5,0.0,0.0
U01462,2023,2325.0,17.9,0.0,12.0
U01465,2023,20608.0,25.9,0.0,0.0
U01466,2023,3087.0,21.9,0.0,0.0
U01467,2023,1618.0,18.4,0.0,4.0
U01469,2023,4410.0,17.2,0.0,0.0
U02964,2023,1196.0,14.8,0.0,1.0
U01470,2023,2168.0,14.4,0.0,2.0
U01471,2023,3707.0,13.6,0.0,0.0
U01473,2023,4408.0,7.7,0.0,1.0
U02972,2023,9945.0,16.9,0.0,33.0
U01483,2023,955.0,11.8,0.0,0.0
U01493,2023,21400.0,27.5,0.0,0.0
U01505,2023,2290.0,15.8,0.0,13.0
U02976,2023,416.0,3.5,416.0,54.0
U01510,2023,1981.0,25.4,0.0,0.0
U01516,2023,2138.0,23.0,0.0,7.0
U01521,2023,25927.0,20.8,0.0,3.0
U01526,2023,2223.0,13.2,0.0,0.0
U01535,2023,6474.0,29.4,0.0,0.0
U01551,2023,4151.0,6.7,0.0,2.0
U01558,2023,4106.0,11.8,0.0,0.0
U01567,2023,4812.0,27.0,0.0,3.0
U01568,2023,7013.0,18.3,0.0,4.0
U01571,2023,12615.0,62.5,0.0,2.0
U01578,2023,445.0,29.7,445.0,100.0
U01581,2023,9149.0,17.5,0.0,2.0
U03007,2023,6538.0,19.9,0.0,21.0
U01599,2023,11106.0,14.1,0.0,6.0
U03009,2023,18057.0,20.7,0.0,0.0
U01600,2023,3615.0,20.1,0.0,36.0
U01606,2023,1845.0,18.5,0.0,3.0
U01618,2023,8591.0,16.2,0.0,2.0
U01612,2023,3812.0,5.8,0.0,0.0
U01614,2023,7829.0,17.3,0.0,6.0
U02403,2023,11279.0,16.1,0.0,1.0
U01653,2023,2623.0,12.3,0.0,2.0
U01660,2023,4772.0,19.4,0.0,15.0
U03022,2023,14017.0,39.8,0.0,0.0
U03024,2023,1649.0,2.9,0.0,0.0
U01682,2023,3905.0,20.6,0.0,31.0
U01694,2023,24166.0,9.5,0.0,0.0
U01697,2023,2375.0,22.6,0.0,30.0
U01698,2023,3304.0,8.4,0.0,1.0
U01704,2023,3098.0,31.3,0.0,33.0
U01707,2023,13467.0,21.3,0.0,1.0
U01724,2023,655.0,18.7,0.0,18.0
U01731,2023,1015.0,20.3,0.0,14.0
U01732,2023,1035.0,15.9,0.0,36.0
U01734,2023,2405.0,20.9,2405.0,77.0
U01736,2023,1190.0,10.8,0.0,38.0
U01730,2023,830.0,9.8,0.0,47.0
U01735,2023,860.0,10.8,860.0,57.0
U01738,2023,870.0,10.9,0.0,33.0
U03039,2023,30141.0,34.4,0.0,4.0
U03041,2023,1141.0,10.7,0.0,24.0
U01774,2023,9328.0,20.1,0.0,0.0
U01775,2023,25189.0,10.7,0.0,1.0
U01776,2023,513.0,3.9,0.0,1.0
U01782,2023,15754.0,17.2,0.0,0.0
U01780,2023,5010.0,10.9,0.0,0.0
U01784,2023,390.0,5.4,0.0,0.0
U02407,2023,21556.0,35.9,0.0,1.0
U03049,2023,40234.0,18.0,0.0,0.0
U03054,2023,26511.0,13.3,0.0,7.0
U01797,2023,16132.0,35.5,0.0,0.0
U01798,2023,21756.0,24.3,0.0,6.0
U01802,2023,1644.0,10.3,1644.0,57.0
U03062,2023,9222.0,32.5,0.0,0.0
U01810,2023,6306.0,9.9,0.0,1.0
U01817,2023,17933.0,23.0,0.0,3.0
U01825,2023,5677.0,38.6,0.0,0.0
U01827,2023,4803.0,8.6,0.0,1.0
U02119,2023,2853.0,14.1,0.0,1.0
U01857,2023,2234.0,29.4,0.0,9.0
U01781,2023,7200.0,10.2,0.0,1.0
U01860,2023,1805.0,15.0,0.0,0.0
U01867,2023,3013.0,10.5,0.0,2.0
U01870,2023,5322.0,20.4,0.0,6.0
U01875,2023,4462.0,10.5,0.0,0.0
U01876,2023,18482.0,18.2,0.0,1.0
U01879,2023,5879.0,14.1,0.0,0.0
U01890,2023,8244.0,23.8,0.0,0.0
U01891,2023,8640.0,16.1,0.0,30.0
U03077,2023,2847.0,14.9,0.0,3.0
U01899,2023,4596.0,9.5,0.0,0.0
U03090,2023,16602.0,18.8,0.0,0.0
U01920,2023,3238.0,13.1,0.0,0.0
U01921,2023,3850.0,7.4,0.0,1.0
U03098,2023,17069.0,23.4,0.0,0.0
U01922,2023,11151.0,38.7,0.0,0.0
U01923,2023,5475.0,19.6,0.0,6.0
U01939,2023,20384.0,10.2,0.0,0.0
U01938,2023,2134.0,11.5,0.0,2.0
U01932,2023,915.0,22.9,0.0,48.0
U01933,2023,4740.0,18.2,0.0,25.0
U01950,2023,1060.0,23.6,0.0,18.0
U01952,2023,18010.0,21.8,0.0,2.0
U03106,2023,3245.0,16.6,0.0,14.0
U01953,2023,6064.0,29.4,0.0,0.0
U01955,2023,3762.0,11.4,0.0,0.0
U01968,2023,12086.0,24.6,0.0,0.0
U01978,2023,9299.0,14.7,0.0,5.0
U01982,2023,4094.0,21.9,0.0,1.0
U03116,2023,7988.0,17.6,0.0,2.0
U01991,2023,4719.0,32.8,0.0,11.0
U01997,2023,5351.0,24.3,0.0,0.0
U01998,2023,2556.0,27.8,0.0,2.0
U02000,2023,8370.0,21.2,0.0,1.0
U02016,2023,14404.0,15.5,0.0,0.0
U02001,2023,5750.0,7.1,0.0,5.0
U02004,2023,6495.0,8.8,0.0,2.0
U02006,2023,5704.0,10.1,0.0,1.0
U02007,2023,3313.0,12.2,0.0,13.0
U02008,2023,11560.0,13.5,0.0,0.0
U02009,2023,4609.0,8.9,0.0,3.0
U02014,2023,4819.0,10.6,0.0,1.0
U03333,2023,31042.0,50.0,0.0,0.0
U02015,2023,4291.0,16.1,0.0,1.0
U02011,2023,14591.0,14.2,0.0,0.0
U02012,2023,17319.0,24.9,0.0,0.0
U02003,2023,4266.0,11.7,0.0,0.0
U02018,2023,4036.0,19.6,0.0,3.0
U02045,2023,2932.0,16.5,0.0,1.0
U02048,2023,10651.0,13.8,0.0,2.0
U00873,2023,25333.0,28.6,0.0,0.0
U00856,2023,5548.0,23.0,0.0,0.0
U03128,2023,1456.0,30.3,0.0,0.0
U02058,2023,3147.0,22.5,0.0,5.0
U02060,2023,25070.0,35.7,0.0,1.0
U02059,2023,4296.0,36.7,0.0,0.0
U02135,2023,36905.0,13.1,0.0,0.0
U02155,2023,4413.0,17.9,0.0,11.0
U02013,2023,8304.0,14.2,0.0,1.0
U02171,2023,1630.0,8.2,0.0,2.0
U02180,2023,1180.0,9.8,0.0,31.0
U02192,2023,1752.0,18.8,0.0,4.0
U02197,2023,15717.0,22.1,0.0,0.0
U02198,2023,9757.0,15.5,0.0,4.0
U02205,2023,16859.0,47.5,0.0,1.0
U02212,2023,10334.0,20.3,0.0,0.0
U02218,2023,5497.0,15.4,0.0,0.0
U02222,2023,4632.0,21.4,0.0,1.0
U02337,2023,651.0,13.9,0.0,2.0
U02564,2023,390.0,11.1,0.0,28.0
U00865,2023,2900.0,9.7,0.0,0.0
U03335,2023,8614.0,12.4,0.0,2.0
U03343,2023,22548.0,21.3,0.0,5.0
U03532,2023,22967.0,43.3,0.0,11.0
U03350,2023,24553.0,19.1,0.0,0.0
U02421,2023,10628.0,19.0,0.0,1.0
U03184,2023,18911.0,30.4,0.0,0.0
U01444,2023,21785.0,16.4,0.0,1.0
U03359,2023,5551.0,20.6,0.0,1.0
U03186,2023,9018.0,18.0,0.0,1.0
U03363,2023,4213.0,28.3,0.0,0.0
U03364,2023,618.0,19.3,0.0,33.0
U03368,2023,3291.0,13.2,0.0,2.0
U03193,2023,1717.0,7.2,0.0,40.0
U03377,2023,4902.0,18.5,0.0,1.0
U03384,2023,2048.0,43.6,0.0,1.0
U03385,2023,6163.0,13.8,0.0,0.0
U03202,2023,9280.0,19.7,0.0,25.0
U03534,2023,313.0,12.5,0.0,0.0
U03419,2023,3245.0,7.7,0.0,5.0
U03211,2023,9510.0,15.9,0.0,42.0
U03415,2023,9408.0,13.7,0.0,3.0
U03417,2023,25500.0,18.4,0.0,5.0
U03425,2023,1664.0,29.7,0.0,29.0
U03222,2023,7400.0,16.8,0.0,13.0
U03356,2023,14836.0,11.5,0.0,11.0
U02131,2023,7157.0,24.9,0.0,12.0
U03430,2023,3520.0,22.0,0.0,14.0
U03431,2023,655.0,7.7,0.0,10.0
U03436,2023,4346.0,6.2,0.0,33.0
U03448,2023,4545.0,9.8,0.0,1.0
U03451,2023,1363.0,12.7,0.0,2.0
U03465,2023,23685.0,18.5,0.0,1.0
U03470,2023,6315.0,18.6,0.0,12.0
U03475,2023,12880.0,33.0,0.0,0.0
U03491,2023,3869.0,15.4,0.0,1.0
U03493,2023,4906.0,8.8,0.0,1.0
U01965,2023,,,,
U03114,2023,,,,
U01981,2023,,,,
U01984,2023,,,,
U01989,2023,,,,
U03127,2023,,,,
U02051,2023,,,,
U02540,2023,,,,
U03129,2023,,,,
U02124,2023,,,,
U02067,2023,,,,
U03161,2023,,,,
U02183,2023,,,,
U03181,2023,,,,
U02209,2023,,,,
U02215,2023,,,,
U01575,2023,,,,
U03414,2023,,,,
U03157,2023,,,,
U03156,2023,,,,
U03215,2023,,,,
U03221,2023,,,,
U03225,2023,,,,
U03446,2023,,,,
