university_id,year,research_score,research_impact,research_productivity
U02990,2024,100,99,99.5
U01937,2024,97.8,99.6,98.7
U01254,2024,96.2,99.7,97.95
U00738,2024,99.9,99.4,99.65
U02662,2024,100,98,99
U01663,2024,97.9,98.8,98.35
U00317,2024,98,95.9,96.95
U00814,2024,95.5,98.6,97.05
U02649,2024,98.8,99,98.9
U03449,2024,94.9,97.7,96.3
U00566,2024,96.8,95.6,96.2
U02182,2024,98.1,93.2,95.65
U02103,2024,91.2,97.6,94.4
U01587,2024,97.3,87.2,92.25
U00976,2024,92.3,97.2,94.75
U03002,2024,89.7,97.6,93.65
U00433,2024,89.7,97.4,93.55
U02653,2024,91.9,96.4,94.15
U01441,2024,94,95.4,94.7
U00444,2024,88.7,97.6,93.15
U03162,2024,94.1,92.8,93.45
U02199,2024,86.4,98.6,92.5
U02914,2024,87.4,95.5,91.45
U00333,2024,84.6,98.9,91.75
U03207,2024,83.5,98.2,90.85
U00516,2024,76.1,96.2,86.15
U01459,2024,84,94.9,89.45
U01501,2024,78.8,97.8,88.3
U02126,2024,94.2,67.8,81
U02731,2024,77.5,96.9,87.2
U02034,2024,85.1,90,87.55
U01366,2024,80.9,94.5,87.7
U03525,2024,73.2,90.3,81.75
U02657,2024,78.4,97.6,88
U02794,2024,72.3,96.4,84.35
U00671,2024,78.9,94.1,86.5
U02909,2024,76.4,90.1,83.25
U01085,2024,75.1,97.7,86.4
U01189,2024,76.8,92.2,84.5
U01577,2024,72.8,83.2,78
U02639,2024,76.6,90.5,83.55
U02808,2024,81.5,85.2,83.35
U01840,2024,82.5,75.4,78.95
U00642,2024,75.3,83.5,79.4
U01122,2024,74.9,91.9,83.4
U01200,2024,73.5,95.4,84.45
U03334,2024,64.3,94.6,79.45
U00484,2024,78.2,76.5,77.35
U01260,2024,72.3,88.8,80.55
U01015,2024,67.9,95.3,81.6
U02888,2024,67.1,93.1,80.1
U03130,2024,75.7,91,83.35
U00395,2024,61.5,97.6,79.55
U01311,2024,67.8,94.7,81.25
U01140,2024,84.3,60,72.15
U03486,2024,75.3,78.7,77
U03060,2024,66.3,88.2,77.25
U03329,2024,66.1,82.4,74.25
U02651,2024,67.8,87.2,77.5
U02120,2024,68.9,92,80.45
U02588,2024,63.1,96.7,79.9
U01818,2024,75.3,74.6,74.95
U03217,2024,67.5,85.5,76.5
U00301,2024,59.6,89.7,74.65
U02083,2024,62.1,92.9,77.5
U03401,2024,59.8,93.8,76.8
U00191,2024,68,86.6,77.3
U03410,2024,57.2,97.5,77.35
U02659,2024,64.7,96.9,80.8
U02117,2024,64.3,89.1,76.7
U00855,2024,61.6,70.8,66.2
U02966,2024,60.3,93.9,77.1
U01360,2024,61.7,85.3,73.5
U03093,2024,58.8,92.5,75.65
U01900,2024,60.8,83.7,72.25
U03469,2024,64.3,79.3,71.8
U01174,2024,62.7,93,77.85
U00287,2024,54.1,94.3,74.2
U02772,2024,57.2,94.5,75.85
U03235,2024,53.4,91.8,72.6
U02638,2024,56.5,97.3,76.9
U00415,2024,52.4,91.1,71.75
U01113,2024,65.8,77.4,71.6
U03336,2024,57.4,91.1,74.25
U02919,2024,58.5,87.2,72.85
U01672,2024,65.3,71.8,68.55
U02765,2024,51.8,96.8,74.3
U00770,2024,54.1,94.5,74.3
U00784,2024,63.7,82.8,73.25
U01754,2024,64.8,78.9,71.85
U02629,2024,57.7,89.7,73.7
U02652,2024,53.8,93.2,73.5
U03362,2024,48.5,96,72.25
U00373,2024,49.1,97.7,73.4
U01196,2024,75.2,33.9,54.55
U03179,2024,56.5,89,72.75
U01120,2024,57.8,81,69.4
U03092,2024,50.1,92.7,71.4
U00552,2024,54.1,96.9,75.5
U01527,2024,52.7,88.4,70.55
U02623,2024,49.3,95.5,72.4
U00636,2024,59.7,82.5,71.1
U02699,2024,51.1,91.3,71.2
U01261,2024,51.3,93,72.15
U03069,2024,49.5,92.3,70.9
U00549,2024,45.7,95.5,70.6
U01212,2024,56.6,86.6,71.6
U03206,2024,52.1,89,70.55
U00003,2024,59,86.3,72.65
U02578,2024,55.5,80.9,68.2
U02572,2024,50.6,92.8,71.7
U02779,2024,54.8,90.1,72.45
U02937,2024,54.1,81.7,67.9
U02897,2024,58.1,92.8,75.45
U00677,2024,59.3,85.3,72.3
U02620,2024,47,93.3,70.15
U01286,2024,52.3,86.2,69.25
U02062,2024,62.1,77.3,69.7
U01711,2024,45.6,86.5,66.05
U03197,2024,60.3,77.4,68.85
U02790,2024,57.6,90.6,74.1
U01588,2024,58.7,83.7,71.2
U02607,2024,42.9,87.7,65.3
U02899,2024,46.9,87.3,67.1
U03396,2024,51,93.4,72.2
U02026,2024,47.4,83.2,65.3
U02983,2024,50.6,92.1,71.35
U02751,2024,51.3,86.2,68.75
U02858,2024,49.1,87.3,68.2
U02975,2024,45.9,90.6,68.25
U02142,2024,66.4,53.8,60.1
U02745,2024,56.7,78.3,67.5
U03033,2024,42.9,88.3,65.6
U02178,2024,48.4,87.6,68
U01684,2024,42.6,97.9,70.25
U02783,2024,53.3,84.8,69.05
U02021,2024,55.6,78.1,66.85
U02692,2024,51.9,88.6,70.25
U01218,2024,47.1,86.1,66.6
U01012,2024,56.8,72.5,64.65
U01693,2024,51,91.3,71.15
U03338,2024,55,81.3,68.15
U02857,2024,46.3,87.3,66.8
U02129,2024,48.6,88.7,68.65
U03012,2024,46.1,92.4,69.25
U01961,2024,54.2,72.9,63.55
U03229,2024,44.8,90.8,67.8
U03126,2024,43.3,95.9,69.6
U01608,2024,51.5,77.2,64.35
U02597,2024,45.7,88.3,67
U01864,2024,57.3,69.3,63.3
U02604,2024,47.3,91.4,69.35
U01412,2024,54.8,70.8,62.8
U03328,2024,42.7,90.6,66.65
U02594,2024,51.3,85.7,68.5
U02627,2024,44.6,86.5,65.55
U01160,2024,40.7,93.9,67.3
U00779,2024,48.1,90,69.05
U03208,2024,49.3,83.7,66.5
U02690,2024,47.1,85.6,66.35
U02592,2024,44.4,92.5,68.45
U00477,2024,40.7,84.7,62.7
U02185,2024,51.1,79.3,65.2
U00334,2024,40.2,88.7,64.45
U03438,2024,45,88.5,66.75
U03200,2024,40.1,88.9,64.5
U02670,2024,47,88.3,67.65
U03306,2024,49.4,83.1,66.25
U00545,2024,51.5,71.3,61.4
U00734,2024,55.1,70.9,63
U02869,2024,40.2,93.4,66.8
U01461,2024,41.1,93.8,67.45
U01805,2024,42.6,82.9,62.75
U00521,2024,44.5,83.5,64
U01555,2024,65.7,50.5,58.1
U03227,2024,43.4,90.8,67.1
U00243,2024,45.8,77.5,61.65
U02741,2024,42.5,95.7,69.1
U02986,2024,46.5,84.4,65.45
U01221,2024,44.2,87.4,65.8
U01789,2024,48.1,77.9,63
U00159,2024,46.2,87.5,66.85
U02759,2024,38,86.7,62.35
U03177,2024,46,75.1,60.55
U01947,2024,49.6,91,70.3
U02167,2024,53.6,69.5,61.55
U00670,2024,37,85.1,61.05
U02890,2024,45.4,90.2,67.8
U00364,2024,46.6,79.4,63
U00330,2024,39.6,91.9,65.75
U02148,2024,63.3,49.4,56.35
U02187,2024,35,87.5,61.25
U02739,2024,48.1,79.7,63.9
U02880,2024,38.1,90.3,64.2
U02943,2024,47.3,83.7,65.5
U03099,2024,42.6,77.7,60.15
U02207,2024,41.2,87.9,64.55
U00844,2024,38.4,84.9,61.65
U02974,2024,42.6,76.1,59.35
U01687,2024,42.1,89.5,65.8
U02208,2024,40.8,85,62.9
U00001,2024,45,83,64
U00002,2024,43.1,79.7,61.4
U02570,2024,35.8,81.8,58.8
U00016,2024,30,85.8,57.9
U00193,2024,41.4,84.8,63.1
U02648,2024,41.4,81.7,61.55
U02661,2024,39.8,93.3,66.55
U00456,2024,36.5,87.5,62
U00639,2024,42,81.8,61.9
U00669,2024,35.7,86,60.85
U00686,2024,38.2,82.4,60.3
U02767,2024,43.4,90.2,66.8
U02786,2024,42.5,75.8,59.15
U02809,2024,33.9,80,56.95
U00821,2024,57.8,53.9,55.85
U02816,2024,37,79.9,58.45
U01070,2024,38.7,86.3,62.5
U01114,2024,46.6,72,59.3
U02859,2024,34.2,95.5,64.85
U03324,2024,45,83.5,64.25
U02878,2024,39.4,78.1,58.75
U01264,2024,33.5,91.6,62.55
U01270,2024,28.7,93.5,61.1
U02913,2024,34.7,83.2,58.95
U01319,2024,48.8,55.1,51.95
U01346,2024,55.7,54.3,55
U02961,2024,38.8,85.5,62.15
U01487,2024,33.6,93.3,63.45
U02991,2024,38.5,84.1,61.3
U01610,2024,49.7,71.9,60.8
U01621,2024,38.3,90.5,64.4
U03018,2024,44.7,80.4,62.55
U01690,2024,38,88.7,63.35
U03028,2024,40.6,84.1,62.35
U01751,2024,37.2,78.4,57.8
U01788,2024,39,80.1,59.55
U03113,2024,60.7,57.3,59
U01914,2024,40.8,92.8,66.8
U01960,2024,39.5,83.2,61.35
U03110,2024,35.6,92.7,64.15
U01972,2024,34,91.3,62.65
U02054,2024,49.7,83,66.35
U02134,2024,47.6,71.4,59.5
U02136,2024,44.9,80.1,62.5
U02563,2024,41.3,84,62.65
U03183,2024,38.5,87,62.75
U03397,2024,42.6,80.9,61.75
U03422,2024,42.9,75.2,59.05
U03220,2024,39.3,84,61.65
U02609,2024,35.1,80.5,57.8
U00241,2024,44,74.7,59.35
U02619,2024,33.9,84.2,59.05
U00286,2024,30.5,84.6,57.55
U00295,2024,28.3,84.6,56.45
U02656,2024,35.4,85.7,60.55
U00481,2024,34.6,91.4,63
U02725,2024,32,90.9,61.45
U03521,2024,46.8,53.9,50.35
U00630,2024,38.6,79.4,59
U00701,2024,37.8,82.7,60.25
U00745,2024,34.5,82.3,58.4
U02792,2024,35.5,85.7,60.6
U00782,2024,27.9,98,62.95
U00971,2024,32.6,82.3,57.45
U01044,2024,35.9,78.4,57.15
U01065,2024,28.6,90.7,59.65
U02840,2024,44.4,71.5,57.95
U01144,2024,40,71,55.5
U01163,2024,36.7,91.7,64.2
U01152,2024,35.4,88.1,61.75
U03323,2024,38.7,73.7,56.2
U01182,2024,41.3,86.4,63.85
U01205,2024,34.4,77.4,55.9
U01219,2024,34.2,78.9,56.55
U02885,2024,35.4,72.6,54
U01265,2024,29.3,89.6,59.45
U01364,2024,31.4,85.3,58.35
U01478,2024,41.4,73.3,57.35
U02987,2024,38.2,84.1,61.15
U01675,2024,35.6,83.4,59.5
U01689,2024,38,72.3,55.15
U01700,2024,36.6,81.7,59.15
U01720,2024,36.2,83.2,59.7
U01741,2024,46.7,72.2,59.45
U01812,2024,34.5,94,64.25
U01814,2024,27.8,76.9,52.35
U01874,2024,36.7,84.2,60.45
U01902,2024,38.2,83.2,60.7
U03094,2024,33.5,89.1,61.3
U03089,2024,36.4,87.6,62
U01948,2024,29.7,81.4,55.55
U03105,2024,49.5,63.1,56.3
U03109,2024,34.5,88,61.25
U03312,2024,26.4,84,55.2
U01969,2024,30.2,89.7,59.95
U03121,2024,38.4,82,60.2
U02025,2024,48.1,62.6,55.35
U02186,2024,44.1,57.6,50.85
U03383,2024,39.4,78.8,59.1
U03389,2024,26.9,98.3,62.6
U03445,2024,48,70,59
U00238,2024,43.5,68.6,56.05
U02635,2024,39,68.8,53.9
U02553,2024,34.1,76.1,55.1
U00340,2024,30,89.4,59.7
U00385,2024,32.8,92.4,62.6
U00443,2024,32.3,92.1,62.2
U00470,2024,31.6,78.9,55.25
U00514,2024,26,79.6,52.8
U02724,2024,32.1,84.9,58.5
U00527,2024,35.1,76.3,55.7
U02740,2024,31.8,81,56.4
U00624,2024,35.4,78.4,56.9
U02755,2024,33.8,76.7,55.25
U03319,2024,37.9,66.9,52.4
U00732,2024,40.4,62,51.2
U00744,2024,36.3,68.9,52.6
U00769,2024,28.9,77.2,53.05
U02812,2024,33.1,70.3,51.7
U02837,2024,33.3,81.6,57.45
U01148,2024,47.5,51.2,49.35
U02870,2024,38.7,72.7,55.7
U01315,2024,35.6,74.7,55.15
U02949,2024,30.4,82.3,56.35
U01499,2024,40.6,74.7,57.65
U01504,2024,38.4,74.7,56.55
U01547,2024,21.3,91.7,56.5
U02985,2024,35.1,75.8,55.45
U03000,2024,32.3,82.7,57.5
U03035,2024,33.5,74.3,53.9
U01737,2024,29.3,79,54.15
U01928,2024,25.8,93.5,59.65
U01846,2024,37.4,78.3,57.85
U03082,2024,36.8,82.5,59.65
U01906,2024,46.3,68.4,57.35
U01945,2024,39.5,76.9,58.2
U03104,2024,35.5,71.2,53.35
U01971,2024,34.9,78.8,56.85
U01994,2024,38.4,80.9,59.65
U03120,2024,31.8,86.5,59.15
U02543,2024,37.8,77.7,57.75
U02122,2024,31.6,84.5,58.05
U03175,2024,34.9,83.3,59.1
U02221,2024,34.5,83.2,58.85
U02562,2024,31.6,82.4,57
U03409,2024,34.5,74.8,54.65
U03421,2024,31.7,87.7,59.7
U03158,2024,42.9,72.4,57.65
U03440,2024,33.5,83.7,58.6
U00041,2024,27.2,71.9,49.55
U00118,2024,33.7,77,55.35
U00195,2024,29.9,76.3,53.1
U02612,2024,40.8,65,52.9
U02630,2024,29.9,72.5,51.2
U00302,2024,26.5,80.7,53.6
U02665,2024,45.5,54,49.75
U02666,2024,31.6,82.4,57
U00399,2024,38.2,75.9,57.05
U00416,2024,30.9,78.6,54.75
U02695,2024,23.7,93.7,58.7
U02697,2024,30.2,72.8,51.5
U00467,2024,38.9,64.8,51.85
U00536,2024,26.2,86.9,56.55
U02734,2024,35.2,80.9,58.05
U02744,2024,34.4,78.6,56.5
U00637,2024,22.8,85.5,54.15
U02761,2024,40.5,68.2,54.35
U00740,2024,38.1,69.1,53.6
U00748,2024,33.4,65.2,49.3
U00766,2024,44,47.4,45.7
U00786,2024,30.4,92,61.2
U00803,2024,26.9,67.8,47.35
U00891,2024,34.5,69.3,51.9
U00941,2024,30.9,79.6,55.25
U00983,2024,38,72.5,55.25
U02829,2024,25.9,73.1,49.5
U01118,2024,40.5,68.9,54.7
U01173,2024,41.5,62.1,51.8
U02889,2024,34.7,76.3,55.5
U01288,2024,43.1,53.6,48.35
U02915,2024,31.8,87.3,59.55
U02916,2024,26,91.1,58.55
U01334,2024,29.6,81.4,55.5
U02947,2024,28.3,86.9,57.6
U01595,2024,31.3,67.4,49.35
U01759,2024,37.9,69.5,53.7
U03100,2024,21,81.4,51.2
U03057,2024,35.1,62.9,49
U03068,2024,25.7,93.8,59.75
U01848,2024,34.3,85.3,59.8
U01910,2024,36.7,74.8,55.75
U03096,2024,25.9,88,56.95
U02036,2024,34,66.9,50.45
U02056,2024,24.3,85.2,54.75
U03131,2024,28.3,84.9,56.6
U03165,2024,34.8,80.5,57.65
U03170,2024,42.6,52.3,47.45
U03195,2024,31.2,80.1,55.65
U03471,2024,32.4,78.3,55.35
U00171,2024,36.6,80.6,58.6
U00173,2024,26.5,82.5,54.5
U00183,2024,21.2,84,52.6
U00190,2024,25.7,97,61.35
U00225,2024,25.3,72.7,49
U00232,2024,43.9,22.1,33
U00285,2024,23.1,82.5,52.8
U00289,2024,21.1,86.7,53.9
U02636,2024,19.2,89.3,54.25
U02517,2024,28.9,76,52.45
U02655,2024,23.9,86.8,55.35
U00322,2024,29,76.9,52.95
U02673,2024,22.7,81.2,51.95
U00355,2024,33.4,50.6,42
U02676,2024,34.4,74.7,54.55
U00374,2024,32.5,73.9,53.2
U00376,2024,33.1,61.9,47.5
U00408,2024,38.4,52,45.2
U00422,2024,27.1,65,46.05
U02688,2024,38.2,59.9,49.05
U00432,2024,31.7,74.4,53.05
U00442,2024,35.9,48.9,42.4
U00471,2024,35,68.1,51.55
U02712,2024,31.8,72.5,52.15
U00515,2024,35.2,77.1,56.15
U03505,2024,30.3,55.7,43
U00608,2024,30.2,65.7,47.95
U00629,2024,29.3,74.2,51.75
U02752,2024,33.2,63.2,48.2
U02760,2024,28.3,78,53.15
U00668,2024,27.5,82.7,55.1
U00673,2024,25.4,72.6,49
U00688,2024,25.2,75.4,50.3
U02771,2024,29.9,73.8,51.85
U02775,2024,36.2,66.2,51.2
U00718,2024,39.6,50.3,44.95
U00775,2024,44,57.3,50.65
U02800,2024,24.3,74.3,49.3
U00811,2024,23.4,65.8,44.6
U00815,2024,36.5,43.6,40.05
U00853,2024,32.6,60.2,46.4
U00896,2024,37.4,75.2,56.3
U02822,2024,36.3,66.8,51.55
U00974,2024,35.4,58.2,46.8
U02826,2024,34.1,78.2,56.15
U02519,2024,27.8,58.7,43.25
U02833,2024,29,77.6,53.3
U02834,2024,30.8,71.8,51.3
U01080,2024,19.9,84.5,52.2
U02866,2024,32.6,64.1,48.35
U01178,2024,26.7,68.4,47.55
U02868,2024,38,69.9,53.95
U02893,2024,31.4,68.8,50.1
U01258,2024,30.7,77,53.85
U01304,2024,28.7,69.6,49.15
U01306,2024,26,66,46
U02929,2024,24.6,79.6,52.1
U01399,2024,41,42.4,41.7
U01413,2024,36.9,63.8,50.35
U01420,2024,42.3,58.4,50.35
U01448,2024,44.3,52.9,48.6
U02952,2024,31.1,71.5,51.3
U02953,2024,26.4,67.2,46.8
U01456,2024,23.5,69.2,46.35
U02982,2024,30.5,79.4,54.95
U02996,2024,36.5,66.5,51.5
U03010,2024,31.2,80.5,55.85
U03013,2024,21.9,79.5,50.7
U01619,2024,30.2,73.5,51.85
U01636,2024,34.3,67.6,50.95
U03016,2024,35.4,71.1,53.25
U03017,2024,20,84.5,52.25
U01660,2024,20.5,87,53.75
U01680,2024,24.1,84.2,54.15
U03315,2024,33.8,57.2,45.5
U01705,2024,30.3,60.9,45.6
U01739,2024,20.7,75.6,48.15
U02535,2024,27.8,60,43.9
U01763,2024,16.3,80.9,48.6
U01884,2024,36.1,60.2,48.15
U03086,2024,24.6,75.1,49.85
U01946,2024,25.3,74.6,49.95
U03102,2024,26.2,82.4,54.3
U01959,2024,13.5,68.9,41.2
U01976,2024,28.2,73.3,50.75
U01985,2024,32.6,60.9,46.75
U03127,2024,28.4,71.9,50.15
U02540,2024,29.3,65,47.15
U02150,2024,31.3,53.4,42.35
U02184,2024,42.2,62.3,52.25
U02189,2024,24.4,73.1,48.75
U03174,2024,30.1,84.5,57.3
U02214,2024,33.5,80.2,56.85
U02549,2024,27.6,69.7,48.65
U03185,2024,27.7,90.3,59
U03369,2024,26.2,84.1,55.15
U03371,2024,29.9,73.1,51.5
U03372,2024,34.1,69.4,51.75
U03382,2024,23.2,82.8,53
U03201,2024,31,74.3,52.65
U03403,2024,22,80.6,51.3
U03480,2024,25.4,85.7,55.55
U00012,2024,23,68.5,45.75
U03499,2024,31.6,59.3,45.45
U00044,2024,37.7,52.8,45.25
U02577,2024,31,63.1,47.05
U00071,2024,15.2,72.7,43.95
U00110,2024,17.9,73.5,45.7
U00133,2024,16.3,84.8,50.55
U00139,2024,26.3,72.4,49.35
U02879,2024,22.8,73.2,48
U00182,2024,25.7,59.6,42.65
U00205,2024,21.5,94.4,57.95
U00227,2024,34.1,54.1,44.1
U00248,2024,24.6,47.3,35.95
U00257,2024,30.6,59,44.8
U02632,2024,22.4,73.8,48.1
U00297,2024,22,74.4,48.2
U00344,2024,36.3,52.8,44.55
U02645,2024,19.5,69.6,44.55
U02667,2024,30.9,62.4,46.65
U00331,2024,31.2,67,49.1
U00352,2024,26.7,76,51.35
U00391,2024,37.5,56.6,47.05
U00438,2024,29.4,58.8,44.1
U00440,2024,29.3,66.2,47.75
U02707,2024,22,65.6,43.8
U02702,2024,25.7,76.5,51.1
U02705,2024,25.8,75.3,50.55
U02714,2024,24.3,64.2,44.25
U00506,2024,22.1,72.8,47.45
U02728,2024,31.2,69.7,50.45
U00535,2024,18.4,77.9,48.15
U00550,2024,28.6,48.1,38.35
U02743,2024,24.9,74.3,49.6
U02768,2024,26.6,65.7,46.15
U02769,2024,21.8,66.9,44.35
U00698,2024,21.4,51.5,36.45
U02770,2024,17.5,81.2,49.35
U00729,2024,24.5,53,38.75
U02796,2024,29.7,65.8,47.75
U02799,2024,25,66.3,45.65
U02805,2024,34,70.6,52.3
U00921,2024,36.6,51.8,44.2
U00944,2024,14.4,75.7,45.05
U00967,2024,22.8,73.5,48.15
U01035,2024,24.6,73.3,48.95
U01073,2024,20.1,70.3,45.2
U02839,2024,19.4,72.4,45.9
U02844,2024,34.8,63.7,49.25
U01145,2024,38.1,51.5,44.8
U01166,2024,13.2,76.4,44.8
U01176,2024,22.9,85.3,54.1
U02867,2024,18.7,82.2,50.45
U01187,2024,19.3,77.7,48.5
U01225,2024,38.1,62.3,50.2
U01235,2024,18.5,77.4,47.95
U01256,2024,28.2,60.5,44.35
U01277,2024,24.5,60.9,42.7
U02911,2024,25.3,79.1,52.2
U01291,2024,18.5,80,49.25
U02933,2024,32.5,63.9,48.2
U01365,2024,25.2,67.2,46.2
U01379,2024,39.2,47.2,43.2
U01374,2024,23.9,77.3,50.6
U01410,2024,32,51.4,41.7
U01449,2024,27.3,74.6,50.95
U01451,2024,29.5,65.9,47.7
U02951,2024,16.4,77.8,47.1
U02962,2024,21,76.1,48.55
U01494,2024,22.7,75.8,49.25
U01507,2024,14.3,84.6,49.45
U01509,2024,33.7,61.5,47.6
U01615,2024,27.6,76.9,52.25
U03019,2024,34.3,56.7,45.5
U01673,2024,39.1,45.1,42.1
U02532,2024,30.5,51.2,40.85
U01727,2024,24.3,68.1,46.2
U01744,2024,14.2,78,46.1
U03044,2024,24.4,79.2,51.8
U01804,2024,25.6,60.1,42.85
U01843,2024,38,62.7,50.35
U01855,2024,22.8,77.7,50.25
U01858,2024,17.9,85.2,51.55
U03072,2024,25.6,75.9,50.75
U01893,2024,24.3,79.8,52.05
U01907,2024,27.7,65.4,46.55
U03153,2024,27.7,70.2,48.95
U03114,2024,23.4,80.1,51.75
U01981,2024,15.1,73.1,44.1
U01984,2024,17.8,84.1,50.95
U02124,2024,22.5,79.2,50.85
U02164,2024,40,31.8,35.9
U03166,2024,25.1,74.2,49.65
U02183,2024,24,61.5,42.75
U02127,2024,17.2,71.9,44.55
U02206,2024,22.1,68.8,45.45
U03181,2024,26.6,69,47.8
U03187,2024,25.6,75.7,50.65
U03412,2024,20.4,70.2,45.3
U03155,2024,15,82.6,48.8
U03215,2024,29.8,56.7,43.25
U03225,2024,29.8,67.3,48.55
U03453,2024,24.6,64.9,44.75
U00009,2024,12.6,80.4,46.5
U00039,2024,12.5,81.5,47
U02099,2024,13.8,58.6,36.2
U02100,2024,21.2,64.4,42.8
U00058,2024,12.8,64.8,38.8
U00078,2024,14,61.6,37.8
U00104,2024,23.5,71.3,47.4
U00106,2024,17.1,57.2,37.15
U00116,2024,26.3,57.9,42.1
U02595,2024,30.5,62.6,46.55
U02598,2024,30.2,57.3,43.75
U00206,2024,12,70.5,41.25
U00218,2024,16.4,66.4,41.4
U02606,2024,21.8,78.3,50.05
U03143,2024,23.9,65.8,44.85
U00235,2024,19.7,61.3,40.5
U02614,2024,22.2,65.4,43.8
U00265,2024,32.6,48,40.3
U00271,2024,26,48.8,37.4
U00277,2024,11.8,77.8,44.8
U00293,2024,26.6,57.4,42
U02664,2024,9.6,79,44.3
U00325,2024,15.4,83.4,49.4
U02669,2024,23.8,71,47.4
U00327,2024,20.9,65.8,43.35
U00328,2024,16.1,82,49.05
U02073,2024,20,45.6,32.8
U02074,2024,38.7,42.9,40.8
U00366,2024,34.6,47.2,40.9
U00405,2024,32.2,50.2,41.2
U00420,2024,20.8,66.8,43.8
U00439,2024,16.6,88.2,52.4
U02708,2024,19.9,62.6,41.25
U00448,2024,14.9,69.6,42.25
U00460,2024,19.1,63.3,41.2
U02711,2024,22.5,40.7,31.6
U00480,2024,15.1,71,43.05
U02715,2024,12.8,71.8,42.3
U00522,2024,14.2,87.5,50.85
U00528,2024,25.8,60.2,43
U00530,2024,15.2,73.8,44.5
U03503,2024,25.7,32.6,29.15
U03504,2024,31.4,34.5,32.95
U03507,2024,37,31.3,34.15
U00543,2024,27.6,62.4,45
U02737,2024,12.8,82.6,47.7
U02440,2024,33.1,38.1,35.6
U00575,2024,35.3,44.5,39.9
U00600,2024,36,36.7,36.35
U02469,2024,22.5,54.1,38.3
U00612,2024,17.2,71.3,44.25
U02746,2024,24.7,65.5,45.1
U00655,2024,18.3,71.7,45
U00683,2024,13.9,66.7,40.3
U00692,2024,15,83.4,49.2
U00703,2024,19.3,79.6,49.45
U00720,2024,26.8,50.4,38.6
U02781,2024,30.1,68.4,49.25
U02782,2024,10.5,72.3,41.4
U00735,2024,27.4,72.9,50.15
U02791,2024,13.4,67.2,40.3
U00759,2024,26.4,44.7,35.55
U00807,2024,13.9,70.6,42.25
U00810,2024,19.6,72.4,46
U00830,2024,24.1,52,38.05
U00833,2024,24.1,59.7,41.9
U00840,2024,24.1,70.6,47.35
U02813,2024,22.7,80.4,51.55
U00878,2024,21.4,71.7,46.55
U00895,2024,16.4,54.5,35.45
U00900,2024,35.7,56.3,46
U00902,2024,26.5,62,44.25
U00925,2024,34.9,40,37.45
U00939,2024,29,55.7,42.35
U00943,2024,15,74.8,44.9
U00952,2024,24.3,51.8,38.05
U00963,2024,14.1,77.5,45.8
U00985,2024,19.2,78.3,48.75
U02109,2024,13.4,62.7,38.05
U00979,2024,18.3,58.3,38.3
U00982,2024,17.1,59.3,38.2
U02828,2024,28.7,44.4,36.55
U01003,2024,20.9,57.4,39.15
U02831,2024,19.9,74.7,47.3
U01020,2024,15,75.6,45.3
U01036,2024,27,49.2,38.1
U01061,2024,15.8,61.5,38.65
U01079,2024,21.7,43.6,32.65
U01097,2024,27.2,48.1,37.65
U01109,2024,37.6,49.1,43.35
U01125,2024,11.2,67.6,39.4
U01172,2024,22.5,57.6,40.05
U02865,2024,23.2,58.6,40.9
U01202,2024,12.4,65.9,39.15
U02874,2024,18.9,58,38.45
U01206,2024,21.4,61.1,41.25
U01214,2024,11.3,34.2,22.75
U01227,2024,25,46.3,35.65
U01230,2024,15.6,76.5,46.05
U02525,2024,19,67.5,43.25
U01237,2024,18.5,46.3,32.4
U01243,2024,22.6,75.6,49.1
U02896,2024,24.6,61.5,43.05
U01252,2024,31,50.1,40.55
U01253,2024,14.7,63.9,39.3
U01259,2024,12.4,65.6,39
U02918,2024,30.3,59.3,44.8
U01303,2024,20,58.8,39.4
U01314,2024,22.7,61.9,42.3
U02946,2024,27.2,53.7,40.45
U01361,2024,31.6,50.1,40.85
U01356,2024,21.2,79.4,50.3
U01359,2024,16.2,69.1,42.65
U01390,2024,27,38.3,32.65
U01439,2024,19.4,71.2,45.3
U01437,2024,27.1,43.2,35.15
U01406,2024,33.7,43.8,38.75
U01415,2024,23,59.1,41.05
U01392,2024,20.2,64.7,42.45
U01393,2024,19.5,71.7,45.6
U01452,2024,18.8,66.6,42.7
U02954,2024,25.6,64.7,45.15
U02956,2024,25,62.4,43.7
U02967,2024,22.1,74.4,48.25
U01486,2024,28.1,57.8,42.95
U01492,2024,15.9,60,37.95
U01497,2024,18.7,64.3,41.5
U01502,2024,14.7,64,39.35
U01512,2024,36.6,31.6,34.1
U01529,2024,20.1,61.2,40.65
U01532,2024,20.9,60.8,40.85
U01533,2024,20.4,61.2,40.8
U01539,2024,25,63.5,44.25
U02096,2024,16.1,68.7,42.4
U01542,2024,18.2,75.9,47.05
U03531,2024,22.5,77.9,50.2
U01559,2024,18,54.4,36.2
U01561,2024,21.1,62.5,41.8
U02992,2024,22.5,69.8,46.15
U01570,2024,16.2,67.9,42.05
U02995,2024,22.6,72.2,47.4
U01579,2024,22.6,78.2,50.4
U02530,2024,25.2,38.8,32
U02511,2024,21,57.3,39.15
U01620,2024,25,55.4,40.2
U01658,2024,12,80.8,46.4
U01661,2024,16.3,66.1,41.2
U01676,2024,11.6,71.9,41.75
U01677,2024,18.4,84.1,51.25
U02513,2024,18.2,70.3,44.25
U01708,2024,24,76.1,50.05
U03031,2024,20.5,57.4,38.95
U03036,2024,25.3,58.3,41.8
U01725,2024,33.4,55.5,44.45
U01740,2024,23,46.1,34.55
U01768,2024,16.9,69.3,43.1
U03043,2024,21.8,64.5,43.15
U03050,2024,20.5,63.6,42.05
U03053,2024,21.1,58.7,39.9
U03058,2024,24.7,66.3,45.5
U01799,2024,10.2,77.8,44
U01830,2024,22.9,49.9,36.4
U03071,2024,26.9,60.7,43.8
U01901,2024,21.7,63.9,42.8
U01903,2024,13.5,74.7,44.1
U01927,2024,12.8,79.3,46.05
U03101,2024,15.6,66.6,41.1
U01958,2024,22.2,62.3,42.25
U01964,2024,14.6,71.7,43.15
U01965,2024,22,61.1,41.55
U01989,2024,20.6,65.7,43.15
U02051,2024,18.5,54.3,36.4
U02545,2024,16.8,58,37.4
U03129,2024,20.5,65.5,43
U02064,2024,20.9,56.9,38.9
U02067,2024,11.9,84.8,48.35
U03161,2024,16.7,54.5,35.6
U02166,2024,16,90.6,53.3
U02169,2024,32.3,57.3,44.8
U03176,2024,22.6,77.3,49.95
U03180,2024,20.2,73.1,46.65
U02209,2024,22.4,62,42.2
U02215,2024,14.4,62.2,38.3
U01575,2024,23.4,55,39.2
U03345,2024,11.7,69.3,40.5
U03388,2024,15.6,68.3,41.95
U03205,2024,29.9,55.6,42.75
U03157,2024,23.8,59.3,41.55
U03156,2024,16,66.5,41.25
U03426,2024,21.7,62.2,41.95
U03221,2024,14.7,64.7,39.7
U03428,2024,22.1,61.2,41.65
U03432,2024,13.3,66.9,40.1
U03226,2024,20.3,62.1,41.2
U03446,2024,15.1,70.8,42.95
U03443,2024,25,61,43
U03463,2024,18,66.8,42.4
U03485,2024,19,75.4,47.2
U03489,2024,19.8,82.5,51.15
U03137,2024,21.9,54.4,38.15
U00035,2024,10.7,58.1,34.4
U00061,2024,10.9,69.2,40.05
U02579,2024,15.1,55,35.05
U00069,2024,17.7,58.2,37.95
U02580,2024,19.5,52.3,35.9
U00107,2024,24,51.1,37.55
U00119,2024,14,62.3,38.15
U00125,2024,20.5,60.8,40.65
U03139,2024,19.6,48.4,34
U00155,2024,10.2,66.4,38.3
U00157,2024,16.8,66.3,41.55
U00162,2024,19.5,35.2,27.35
U00174,2024,12.1,75.6,43.85
U00178,2024,23.6,53.3,38.45
U00212,2024,24.4,59.4,41.9
U00211,2024,9.7,77.3,43.5
U03142,2024,15.1,56.4,35.75
U02615,2024,27,49.4,38.2
U02618,2024,21.2,59.6,40.4
U00276,2024,17,67.4,42.2
U00294,2024,12.3,71.1,41.7
U03308,2024,19.6,52,35.8
U02637,2024,16.5,53.9,35.2
U00304,2024,11.6,75.9,43.75
U00316,2024,18.5,59.9,39.2
U02663,2024,17.6,58.6,38.1
U00332,2024,20.8,42.9,31.85
U02672,2024,17.2,53.7,35.45
U00338,2024,18.7,64.4,41.55
U00369,2024,13.5,76.5,45
U00371,2024,14.7,48.1,31.4
U00375,2024,17.9,55.1,36.5
U00860,2024,20.7,51,35.85
U00378,2024,14.5,74.1,44.3
U00381,2024,19.1,46.3,32.7
U00383,2024,20.9,42,31.45
U02684,2024,19.8,50.5,35.15
U00392,2024,23,54.3,38.65
U00400,2024,28.3,43.6,35.95
U00411,2024,29.7,34.9,32.3
U00421,2024,18,41.2,29.6
U02687,2024,18.1,54.2,36.15
U02845,2024,10.7,74.2,42.45
U00447,2024,24.4,56.6,40.5
U00458,2024,25.3,44.4,34.85
U00463,2024,15.4,50.8,33.1
U00474,2024,9.4,73,41.2
U02713,2024,24.2,39,31.6
U00485,2024,20.1,76.7,48.4
U02717,2024,23.2,54.3,38.75
U02718,2024,10,68.8,39.4
U00578,2024,19.2,57.3,38.25
U00593,2024,23.3,43.3,33.3
U02451,2024,21.6,41.6,31.6
U02456,2024,22.5,48.2,35.35
U00615,2024,26.8,48.2,37.5
U00626,2024,21.9,57.3,39.6
U00628,2024,16.4,45.2,30.8
U03144,2024,18.7,56.4,37.55
U00654,2024,16.5,71.5,44
U02764,2024,22.4,56.3,39.35
U02766,2024,14,57.6,35.8
U00691,2024,11.3,78,44.65
U00706,2024,12.7,77.1,44.9
U00705,2024,10.2,72.5,41.35
U00708,2024,10.4,63.7,37.05
U00733,2024,30.6,43.6,37.1
U00743,2024,10.7,70.9,40.8
U00773,2024,18.8,41.6,30.2
U02804,2024,14.4,59.3,36.85
U00801,2024,12,65.7,38.85
U00824,2024,25.1,35.7,30.4
U00829,2024,27.2,39,33.1
U02811,2024,23.1,29.2,26.15
U00848,2024,16,66.2,41.1
U00851,2024,27.2,41.7,34.45
U02508,2024,17.6,57,37.3
U00879,2024,11.2,72.7,41.95
U00901,2024,13.6,47,30.3
U00904,2024,11.1,62.9,37
U02818,2024,18.8,64.2,41.5
U00940,2024,8.9,71.9,40.4
U00950,2024,20.5,56.5,38.5
U00951,2024,14.1,60.7,37.4
U00953,2024,16.5,70.6,43.55
U00954,2024,9.9,67.3,38.6
U00958,2024,27.3,45,36.15
U00961,2024,22.4,60.2,41.3
U00977,2024,13.6,67.3,40.45
U00980,2024,10.6,51.9,31.25
U00990,2024,9.1,76.2,42.65
U00994,2024,8.9,74.8,41.85
U01004,2024,26.1,44,35.05
U01029,2024,21.7,32.3,27
U01072,2024,12.2,68,40.1
U01078,2024,22.1,59.5,40.8
U01083,2024,15.3,53.2,34.25
U01093,2024,21,60.2,40.6
U01112,2024,12.3,71.3,41.8
U01123,2024,19.6,40.9,30.25
U02843,2024,14.7,70.8,42.75
U01138,2024,16,47.8,31.9
U02852,2024,10.2,68.8,39.5
U01157,2024,16.7,60.2,38.45
U01159,2024,24,51.4,37.7
U01167,2024,22.3,23.6,22.95
U01169,2024,16.2,65,40.6
U01184,2024,12.6,55.5,34.05
U02871,2024,20.1,54.6,37.35
U02872,2024,20.1,58.2,39.15
U01207,2024,12.8,73.7,43.25
U01229,2024,25.3,39.6,32.45
U02884,2024,14,74.1,44.05
U02886,2024,16.2,60.6,38.4
U02887,2024,10.4,80.4,45.4
U01241,2024,12.4,68.1,40.25
U01250,2024,18.2,54,36.1
U01266,2024,11,67.6,39.3
U02907,2024,11,62.6,36.8
U02910,2024,19,55,37
U02930,2024,17.3,71.5,44.4
U01313,2024,20.4,56.3,38.35
U02941,2024,19.9,52.6,36.25
U01362,2024,18.3,68.6,43.45
U01357,2024,16.5,58.1,37.3
U01358,2024,15.1,66.5,40.8
U01375,2024,30.4,34.4,32.4
U01409,2024,25,35.8,30.4
U01395,2024,17.1,60.2,38.65
U02094,2024,15.5,45.8,30.65
U01458,2024,22.1,49.8,35.95
U01479,2024,23.1,51.4,37.25
U01482,2024,15.6,60.9,38.25
U02973,2024,21.8,51.7,36.75
U01480,2024,10,76.1,43.05
U01508,2024,12.2,50.1,31.15
U01531,2024,21.5,36.4,28.95
U02989,2024,18.5,49.2,33.85
U01562,2024,23.9,53.5,38.7
U01563,2024,17.5,58.5,38
U01566,2024,23.9,49.8,36.85
U01573,2024,31.8,36.6,34.2
U02998,2024,17.8,56.2,37
U03337,2024,16.7,63.7,40.2
U03310,2024,25.7,36,30.85
U01626,2024,30.5,37.1,33.8
U01647,2024,23.2,55.7,39.45
U03150,2024,14.7,62.4,38.55
U01674,2024,20.4,42.8,31.6
U01678,2024,7.3,60,33.65
U03029,2024,19.5,62.9,41.2
U01702,2024,16.6,64.3,40.45
U03030,2024,17.9,44.7,31.3
U01721,2024,13.2,53.4,33.3
U01722,2024,20.2,58.4,39.3
U03034,2024,21.5,52,36.75
U03042,2024,21.8,50.4,36.1
U03045,2024,15,61.1,38.05
U01785,2024,11.9,71.1,41.5
U01801,2024,11.8,54.5,33.15
U01809,2024,17.1,47.7,32.4
U03064,2024,26.1,41,33.55
U03065,2024,24.5,53.6,39.05
U01836,2024,10.5,62.1,36.3
U01845,2024,16.4,63,39.7
U01847,2024,14.4,66.7,40.55
U01853,2024,24.6,55,39.8
U01854,2024,12.7,55.7,34.2
U01860,2024,17.2,68,42.6
U01869,2024,16.7,47.7,32.2
U01887,2024,30.6,39.8,35.2
U00864,2024,13.3,70.5,41.9
U03115,2024,10.4,69,39.7
U02032,2024,15.8,49.8,32.8
U03122,2024,9.2,65.7,37.45
U03132,2024,28.7,44.8,36.75
U02154,2024,29.1,29.6,29.35
U02151,2024,17,54,35.5
U02162,2024,23.5,31.7,27.6
U03163,2024,15.9,42.2,29.05
U03169,2024,31.2,44.6,37.9
U03173,2024,19.9,31.1,25.5
U03344,2024,19.5,56.9,38.2
U03192,2024,17,53.7,35.35
U03194,2024,13.1,70.8,41.95
U03198,2024,17.9,57.8,37.85
U03380,2024,17.5,51.4,34.45
U03408,2024,26.2,43.1,34.65
U03414,2024,15,78.1,46.55
U03413,2024,13.6,68.7,41.15
U03213,2024,18.1,55.3,36.7
U03476,2024,28,41.2,34.6
U03466,2024,11.3,59.4,35.35
U03477,2024,9.2,71.4,40.3
U03233,2024,18.5,46.4,32.45
U03482,2024,15.8,46,30.9
U03484,2024,12.6,61.1,36.85
U02569,2024,17.5,45.6,31.55
U00022,2024,28.4,43.5,35.95
U00031,2024,20.9,38.6,29.75
U00036,2024,13.5,43.1,28.3
U00038,2024,15.3,45.8,30.55
U00045,2024,27.3,42.6,34.95
U00063,2024,13.6,59.2,36.4
U02584,2024,19.8,43.8,31.8
U02586,2024,18.9,48.9,33.9
U00140,2024,9.8,65.4,37.6
U02593,2024,13.1,38.3,25.7
U00177,2024,10.8,52.4,31.6
U02246,2024,12.2,54.5,33.35
U00197,2024,15.3,67.9,41.6
U00204,2024,16.8,46,31.4
U00210,2024,12.6,58.5,35.55
U00223,2024,9.9,45.2,27.55
U00224,2024,15.8,50.7,33.25
U00228,2024,13,69.6,41.3
U02613,2024,14.3,52.4,33.35
U00258,2024,9.2,66.5,37.85
U00259,2024,9.8,61.1,35.45
U00291,2024,13.9,52.7,33.3
U00299,2024,19.3,39,29.15
U02640,2024,21.1,43.2,32.15
U02644,2024,16.7,43.7,30.2
U02646,2024,15.2,33.7,24.45
U00326,2024,13.8,44.6,29.2
U02677,2024,13.8,51.9,32.85
U00351,2024,15.3,46.8,31.05
U02680,2024,14.7,29,21.85
U00386,2024,18.3,52.8,35.55
U00407,2024,24.4,39,31.7
U02691,2024,10.6,60.2,35.4
U00435,2024,16.6,41.8,29.2
U00461,2024,18.8,32.2,25.5
U00488,2024,16.5,54.3,35.4
U02716,2024,10.8,53,31.9
U00496,2024,11.8,53.8,32.8
U03313,2024,9.3,46,27.65
U00503,2024,9,54.9,31.95
U00511,2024,13.2,54.6,33.9
U00520,2024,11.8,62,36.9
U02727,2024,15.1,41,28.05
U00534,2024,13.8,55.6,34.7
U02736,2024,11.5,60.9,36.2
U02738,2024,9.9,53.5,31.7
U00571,2024,10.9,54.3,32.6
U02742,2024,12.4,51.9,32.15
U00581,2024,11.9,65.5,38.7
U00603,2024,19.8,33.5,26.65
U00604,2024,11.1,50.6,30.85
U00620,2024,18,50.3,34.15
U00622,2024,10.3,64.5,37.4
U00625,2024,16.7,39.8,28.25
U02750,2024,15.7,40.6,28.15
U00641,2024,29.2,26.3,27.75
U00643,2024,15.5,62,38.75
U00645,2024,13,55.4,34.2
U00658,2024,26.6,23.3,24.95
U00663,2024,17,48.3,32.65
U02762,2024,21.3,42.1,31.7
U00680,2024,23.2,29.5,26.35
U00682,2024,10.6,63.9,37.25
U02777,2024,11.3,69.5,40.4
U00715,2024,9.8,63.7,36.75
U00722,2024,11.5,61.6,36.55
U00728,2024,18.3,36.9,27.6
U00777,2024,14.3,48.1,31.2
U00795,2024,10.5,55.8,33.15
U00806,2024,21.4,32.8,27.1
U00817,2024,25.2,19.7,22.45
U00823,2024,19.4,33.4,26.4
U00842,2024,18.4,44.7,31.55
U00839,2024,13.4,49.2,31.3
U02815,2024,12.4,55.9,34.15
U02817,2024,16.8,40.9,28.85
U02084,2024,11.4,66.7,39.05
U00922,2024,22,34.4,28.2
U00923,2024,24.1,41.7,32.9
U00927,2024,10.9,54.3,32.6
U00938,2024,15.8,46,30.9
U02819,2024,9.2,51.5,30.35
U00966,2024,8.9,60.2,34.55
U00999,2024,18.8,35.4,27.1
U01001,2024,10.6,51.6,31.1
U01013,2024,14.4,53.8,34.1
U01014,2024,9.7,52.5,31.1
U01041,2024,11.8,51.2,31.5
U01050,2024,9.4,28,18.7
U01063,2024,11.8,51.9,31.85
U01103,2024,14.2,49,31.6
U02841,2024,10.7,60,35.35
U01127,2024,13.6,48.4,31
U01130,2024,9.9,55.5,32.7
U01131,2024,20.7,50.8,35.75
U02851,2024,14.4,65.5,39.95
U02847,2024,15.8,54.7,35.25
U02855,2024,16.1,45.6,30.85
U02856,2024,27.1,40.3,33.7
U02860,2024,13.7,31.6,22.65
U02862,2024,13.6,46.7,30.15
U01204,2024,11.1,51.2,31.15
U01222,2024,14.6,47.5,31.05
U01223,2024,8.9,53.8,31.35
U02883,2024,16,43.2,29.6
U02528,2024,19.3,22.9,21.1
U02892,2024,16.6,55.7,36.15
U02904,2024,18.9,39.1,29
U01262,2024,11.8,40,25.9
U01263,2024,10.6,47.9,29.25
U01271,2024,13.5,43.6,28.55
U01273,2024,8.1,55.6,31.85
U01293,2024,17.8,43.8,30.8
U01295,2024,25.1,43.4,34.25
U01298,2024,9.5,66,37.75
U01301,2024,9.4,60,34.7
U01329,2024,13.1,55.3,34.2
U01343,2024,17.5,32.6,25.05
U01348,2024,9.8,63.4,36.6
U01377,2024,24.9,29.7,27.3
U01380,2024,27.8,24.8,26.3
U01385,2024,25.2,33.8,29.5
U01396,2024,13.6,50.8,32.2
U01453,2024,14.1,39,26.55
U01464,2024,21.1,38,29.55
U01468,2024,15,41.8,28.4
U01470,2024,13.3,59.7,36.5
U01472,2024,10.7,57.1,33.9
U01497,2024,15.3,51.5,33.4
U01517,2024,15.9,44.5,30.2
U03502,2024,16.4,55.7,36.05
U02978,2024,11.7,54.8,33.25
U03025,2024,16.5,29.9,23.2
U03003,2024,9.2,58.6,33.9
U02392,2024,12.9,53.3,33.1
U03006,2024,12.2,61,36.6
U01605,2024,12.9,44.7,28.8
U01607,2024,11.3,53.9,32.6
U01622,2024,18.4,38.3,28.35
U01627,2024,16.9,42.3,29.6
U01649,2024,13.4,41.2,27.3
U01668,2024,14.3,49.5,31.9
U03027,2024,9.3,59.3,34.3
U01699,2024,14,43.2,28.6
U01714,2024,23.9,32,27.95
U01716,2024,9.6,67.1,38.35
U01728,2024,12.4,45.9,29.15
U01761,2024,14.6,57.4,36
U02405,2024,11.1,48.9,30
U03056,2024,11.9,50.5,31.2
U01815,2024,12.8,50.7,31.75
U03066,2024,13.9,40.5,27.2
U03533,2024,19.3,34.5,26.9
U01835,2024,13.5,55.8,34.65
U01837,2024,17.2,52.4,34.8
U01841,2024,12.8,51.8,32.3
U01852,2024,18,34.6,26.3
U01861,2024,24.2,26.9,25.55
U01866,2024,11.3,50.6,30.95
U03075,2024,19.9,33.6,26.75
U03080,2024,19.3,50.5,34.9
U03084,2024,18.2,51,34.6
U03088,2024,15.9,33.6,24.75
U03152,2024,17.6,53.5,35.55
U03091,2024,11.8,42,26.9
U01935,2024,11.5,48,29.75
U01952,2024,8.3,70.9,39.6
U01951,2024,8.8,57.6,33.2
U01973,2024,16.4,53,34.7
U01975,2024,12.1,62.7,37.4
U03112,2024,15.8,40.5,28.15
U01983,2024,10.2,54.2,32.2
U01988,2024,23,42.6,32.8
U01995,2024,9.1,62.6,35.85
U02022,2024,12.7,42.9,27.8
U02043,2024,13.1,45.6,29.35
U03125,2024,11.9,29.1,20.5
U02050,2024,13.1,52.7,32.9
U02063,2024,16,47.8,31.9
U02139,2024,14.3,48.2,31.25
U02152,2024,16.2,39.2,27.7
U02173,2024,24,24.7,24.35
U02174,2024,16.2,38.4,27.3
U02548,2024,17.1,48.1,32.6
U02529,2024,18.7,47.6,33.15
U03339,2024,25.9,34.7,30.3
U03182,2024,17.8,52.2,35
U03346,2024,16.8,59.9,38.35
U03348,2024,9.1,54.5,31.8
U03402,2024,12.7,49.5,31.1
U03420,2024,17.1,39.2,28.15
U02125,2024,11.8,51.9,31.85
U03211,2024,9.7,47.8,28.75
U03214,2024,16.3,50.5,33.4
U03224,2024,25.9,35.9,30.9
U03458,2024,17.3,44.7,31
U03230,2024,15.9,44.7,30.3
U03481,2024,17.3,53.9,35.6
U03487,2024,13.3,67,40.15
U03237,2024,18,48.2,33.1
U00018,2024,9.6,21.2,15.4
U00026,2024,17.4,39.2,28.3
U02098,2024,10.2,36.5,23.35
U02485,2024,12.5,31.9,22.2
U00072,2024,11.1,27.1,19.1
U00083,2024,14.2,28.5,21.35
U00092,2024,8.7,34.1,21.4
U02587,2024,7.8,55,31.4
U00126,2024,11.8,41.2,26.5
U03138,2024,15.7,30.1,22.9
U02591,2024,9.4,51.7,30.55
U02590,2024,20.3,33.5,26.9
U00148,2024,12.3,32.9,22.6
U00156,2024,18.9,37,27.95
U00172,2024,10.8,48,29.4
U00176,2024,16.7,45,30.85
U00181,2024,9.7,38.4,24.05
U00189,2024,14.7,30.2,22.45
U00196,2024,12.1,46.7,29.4
U02599,2024,8.2,47.3,27.75
U00219,2024,11.7,31.4,21.55
U00221,2024,17.1,29.2,23.15
U00234,2024,9.7,43.2,26.45
U00251,2024,11.5,17,14.25
U00263,2024,11.9,26.9,19.4
U00274,2024,17.2,37.5,27.35
U02631,2024,14.2,46.5,30.35
U00288,2024,11,35.1,23.05
U00867,2024,13.5,42.6,28.05
U02633,2024,14.9,28.7,21.8
U02072,2024,9.5,47.7,28.6
U00201,2024,9.9,43.6,26.75
U00303,2024,16.5,42.8,29.65
U00306,2024,18.3,35.8,27.05
U02641,2024,14.7,41.7,28.2
U00329,2024,12.8,34.8,23.8
U02284,2024,9.1,56.8,32.95
U02671,2024,9.9,31.2,20.55
U02270,2024,14.3,33.9,24.1
U00367,2024,17,37.2,27.1
U02681,2024,13,30.3,21.65
U00401,2024,20.8,25,22.9
U00402,2024,9.9,44.4,27.15
U00410,2024,21.2,29.9,25.55
U00406,2024,20,27,23.5
U00426,2024,20,25.4,22.7
U02696,2024,16.4,38.2,27.3
U02700,2024,9.1,43,26.05
U00454,2024,23.4,26.2,24.8
U00483,2024,13.5,27.2,20.35
U02719,2024,8.2,44.3,26.25
U00501,2024,18.2,25.5,21.85
U00509,2024,10,46.5,28.25
U00523,2024,19.9,44.7,32.3
U02431,2024,9.4,56.7,33.05
U02732,2024,9.1,56.9,33
U00540,2024,16.7,30.4,23.55
U00544,2024,14.9,27.9,21.4
U02105,2024,22.7,28.4,25.55
U00553,2024,16.1,36.1,26.1
U00561,2024,9.5,32.3,20.9
U02430,2024,13.5,24.6,19.05
U00580,2024,19.6,21,20.3
U02459,2024,17.6,41.1,29.35
U02441,2024,12.3,30.5,21.4
U02461,2024,16.6,24.6,20.6
U00585,2024,15.7,25.1,20.4
U00586,2024,13.8,26.2,20
U00591,2024,16.8,26.6,21.7
U02465,2024,16.4,29.1,22.75
U00597,2024,13.3,25.1,19.2
U00601,2024,11.3,30.6,20.95
U00602,2024,13,36.8,24.9
U00609,2024,12.7,36.1,24.4
U00611,2024,14.5,23,18.75
U00613,2024,10.8,36.2,23.5
U00614,2024,18.9,25.5,22.2
U00619,2024,8.5,50.6,29.55
U02846,2024,12.3,32.7,22.5
U02488,2024,19.8,21.7,20.75
U00659,2024,19,32.7,25.85
U02758,2024,14.8,30.8,22.8
U00664,2024,13.8,37.6,25.7
U00667,2024,11.3,36.4,23.85
U00672,2024,11.6,43.2,27.4
U00675,2024,11.4,40.6,26
U00693,2024,11.5,37.2,24.35
U02776,2024,17.5,46.2,31.85
U00714,2024,14.2,20.7,17.45
U00717,2024,8.9,40.8,24.85
U00719,2024,18,32.6,25.3
U00725,2024,19.8,31.8,25.8
U00726,2024,16.8,40.2,28.5
U02079,2024,14.2,40.6,27.4
U03321,2024,9.2,39.9,24.55
U03330,2024,8.7,36.6,22.65
U00747,2024,8.9,38.8,23.85
U02795,2024,14.1,37.6,25.85
U02798,2024,15.2,40.8,28
U00787,2024,11.6,32.5,22.05
U00789,2024,13.5,36.5,25
U00794,2024,13,44.8,28.9
U00800,2024,12.8,50.9,31.85
U00802,2024,10,47.7,28.85
U02810,2024,10.9,46.1,28.5
U00813,2024,18.8,16.9,17.85
U00818,2024,17.3,36.9,27.1
U00822,2024,14.6,24.1,19.35
U00892,2024,9.8,24.2,17
U00903,2024,21.2,27.8,24.5
U00914,2024,11.7,42.6,27.15
U00918,2024,11.7,56.9,34.3
U00928,2024,10.5,10,10.25
U00933,2024,15.1,27.8,21.45
U00956,2024,19.2,35,27.1
U00962,2024,12.9,47.1,30
U02086,2024,10.8,40.5,25.65
U02087,2024,14.3,35.1,24.7
U00991,2024,12.9,27.4,20.15
U00992,2024,13.5,24,18.75
U01000,2024,21.9,32.4,27.15
U01005,2024,9.4,57.2,33.3
U01018,2024,13.4,48.4,30.9
U01022,2024,15.3,39,27.15
U01046,2024,13.8,37.2,25.5
U01047,2024,9.2,44.5,26.85
U01055,2024,15.7,35.5,25.6
U01056,2024,9.5,46.9,28.2
U01075,2024,12.7,50.9,31.8
U01090,2024,11.5,28.8,20.15
U01091,2024,11.1,52,31.55
U01135,2024,17.1,15.2,16.15
U01147,2024,15.6,31.4,23.5
U02861,2024,14.1,31.2,22.65
U01194,2024,15.7,34.4,25.05
U02353,2024,13,39.2,26.1
U01211,2024,18.6,24.9,21.75
U02474,2024,8.6,35.7,22.15
U02526,2024,12.5,46,29.25
U01239,2024,14.2,51.9,33.05
U02891,2024,9.2,44.2,26.7
U02894,2024,16.9,40.8,28.85
U02895,2024,11.5,36.5,24
U02903,2024,13.4,45.3,29.35
U01267,2024,12.3,30.5,21.4
U01268,2024,12.4,31.1,21.75
U01269,2024,13.5,27.9,20.7
U02908,2024,9.9,37.2,23.55
U01278,2024,19.4,36.8,28.1
U01281,2024,23.9,22.8,23.35
U01292,2024,13.9,23.9,18.9
U01310,2024,15,32.2,23.6
U02932,2024,10.1,36.2,23.15
U01316,2024,12.6,29.2,20.9
U01317,2024,14.4,26.4,20.4
U01323,2024,18.3,20.4,19.35
U01331,2024,13,29,21
U01338,2024,11.5,27.6,19.55
U01341,2024,16.4,19.9,18.15
U01342,2024,14.8,28.5,21.65
U01344,2024,20.3,23,21.65
U02944,2024,10.6,45.9,28.25
U02945,2024,8.6,51.3,29.95
U01378,2024,17.8,20.6,19.2
U01383,2024,25.1,27.4,26.25
U01384,2024,22.2,25,23.6
U01423,2024,13.6,37.1,25.35
U01427,2024,18.9,37.8,28.35
U01386,2024,23.8,26.3,25.05
U01394,2024,10.7,45.7,28.2
U01397,2024,20.3,35,27.65
U01404,2024,14.9,10.7,12.8
U01411,2024,25,30.2,27.6
U01414,2024,9,14.9,11.95
U01417,2024,9.9,16,12.95
U02963,2024,10.6,30.3,20.45
U01520,2024,16.5,19.7,18.1
U01534,2024,9,7.4,8.2
U01543,2024,13.8,37.3,25.55
U02981,2024,14.6,35,24.8
U01554,2024,18.7,29.8,24.25
U01556,2024,16.3,31.1,23.7
U01576,2024,16.8,27.9,22.35
U02999,2024,12.4,21.6,17
U01584,2024,10.2,17.1,13.65
U01594,2024,14.1,45.5,29.8
U03149,2024,15.3,38.7,27
U01602,2024,13.3,14.5,13.9
U01613,2024,11.9,49.6,30.75
U01625,2024,9.8,29.7,19.75
U01628,2024,17.1,32.8,24.95
U01629,2024,11.5,37.4,24.45
U01645,2024,12.8,34.3,23.55
U01646,2024,8.5,53.7,31.1
U01651,2024,11.3,45.2,28.25
U01650,2024,13,35.9,24.45
U01657,2024,14.8,32.6,23.7
U03023,2024,11.4,40.8,26.1
U01670,2024,13.9,28.5,21.2
U03026,2024,12.1,35.1,23.6
U03242,2024,13.4,51.2,32.3
U01715,2024,9.3,34,21.65
U01719,2024,13.9,27.4,20.65
U03331,2024,10.9,24.2,17.55
U01770,2024,10.3,39.3,24.8
U01772,2024,10.6,45.4,28
U01777,2024,14.8,21.8,18.3
U01790,2024,12.9,33.1,23
U01793,2024,11.3,45,28.15
U01795,2024,9.9,35.1,22.5
U02500,2024,19.3,33.9,26.6
U01813,2024,14.4,36.7,25.55
U01816,2024,10.5,46.2,28.35
U01820,2024,20.1,32.7,26.4
U02849,2024,9.9,49.2,29.55
U01828,2024,13.7,41.8,27.75
U01833,2024,10.6,20.8,15.7
U01834,2024,8.4,43.4,25.9
U03067,2024,11.5,40.4,25.95
U01849,2024,20.1,22.3,21.2
U01850,2024,12.8,32.3,22.55
U01859,2024,10.3,35.5,22.9
U01871,2024,15.6,39.4,27.5
U03311,2024,7.6,51.3,29.45
U01882,2024,12.2,27.4,19.8
U01888,2024,9,53.5,31.25
U01896,2024,25.4,33,29.2
U01897,2024,15,25.1,20.05
U03332,2024,15.3,20.8,18.05
U03079,2024,10.3,31.4,20.85
U03087,2024,13.9,27.7,20.8
U01908,2024,14.3,21.4,17.85
U01905,2024,9.2,53.3,31.25
U01916,2024,15.1,38.3,26.7
U03097,2024,13.9,49.1,31.5
U01924,2024,11.3,23.6,17.45
U01926,2024,11.5,51.6,31.55
U03496,2024,13,49.3,31.15
U01931,2024,9.9,44.4,27.15
U01934,2024,16.4,22.8,19.6
U02537,2024,11.3,38.6,24.95
U03108,2024,9.9,40.2,25.05
U01967,2024,20.9,27.7,24.3
U02503,2024,9.4,51.5,30.45
U03117,2024,13.7,31.5,22.6
U01993,2024,12.7,34.1,23.4
U03119,2024,19,45.1,32.05
U01996,2024,13.1,20.2,16.65
U02023,2024,13.2,39.3,26.25
U02024,2024,11.1,50.4,30.75
U02028,2024,17.1,30.2,23.65
U03124,2024,10.9,24.3,17.6
U02538,2024,11.4,32.6,22
U00857,2024,10.8,25.4,18.1
U03136,2024,8.5,45.1,26.8
U02065,2024,15.3,27.9,21.6
U02066,2024,19.1,25.7,22.4
U02132,2024,8.9,41.9,25.4
U02140,2024,15,33.7,24.35
U02143,2024,12,36.5,24.25
U02145,2024,24,24.4,24.2
U02156,2024,15.2,19.7,17.45
U02158,2024,26.1,26.4,26.25
U02161,2024,21,31.8,26.4
U03164,2024,14.6,29.2,21.9
U02176,2024,11.5,49.8,30.65
U02177,2024,8.2,49.5,28.85
U02190,2024,14.4,37.8,26.1
U03172,2024,10.3,23.5,16.9
U02196,2024,26,18.3,22.15
U02219,2024,13.9,38,25.95
U02220,2024,15.4,22.3,18.85
U02546,2024,13.5,37,25.25
U03188,2024,14.4,37.9,26.15
U03367,2024,9.1,44.4,26.75
U03190,2024,29.2,19.9,24.55
U03374,2024,11.2,46.8,29
U03379,2024,16.3,36,26.15
U03386,2024,13.4,41.8,27.6
U03390,2024,10.9,8.8,9.85
U03393,2024,12.9,34.5,23.7
U03399,2024,19.7,27.8,23.75
U03400,2024,12.3,27.4,19.85
U03404,2024,13.3,35.5,24.4
U03406,2024,11.8,41.6,26.7
U03407,2024,19.6,33.3,26.45
U03210,2024,18,35.2,26.6
U03212,2024,17.1,39.3,28.2
U03416,2024,13.7,40.2,26.95
U03434,2024,13.9,34.3,24.1
U03435,2024,17.4,33.1,25.25
U03437,2024,11,46.2,28.6
U03442,2024,15.9,49,32.45
U03447,2024,16.3,43.5,29.9
U03450,2024,15.3,24.8,20.05
U03452,2024,13.4,21.4,17.4
U03228,2024,13.1,25.9,19.5
U03456,2024,12.9,41.5,27.2
U03457,2024,14.5,52.3,33.4
U03467,2024,22.5,19.1,20.8
U03473,2024,24.1,32.1,28.1
U03474,2024,9.9,8.2,9.05
U03231,2024,9.8,45.8,27.8
U03232,2024,12.3,42.6,27.45
U03478,2024,12.6,35.5,24.05
U03483,2024,16.4,34.5,25.45
U03234,2024,12.7,37.3,25
U03304,2024,8.6,25.4,17
U02551,2024,7.8,8.1,7.95
U00008,2024,9.7,30.1,19.9
U02571,2024,9,11.6,10.3
U00019,2024,12,22.7,17.35
U00025,2024,7.7,26.1,16.9
U00029,2024,11.6,17.2,14.4
U00049,2024,13.4,20.8,17.1
U00051,2024,8.8,23.5,16.15
U00070,2024,12.1,31.6,21.85
U00099,2024,16.5,15.2,15.85
U00102,2024,15.3,24.6,19.95
U02589,2024,9.1,39.1,24.1
U02486,2024,12.7,16.5,14.6
U03140,2024,8.6,8.8,8.7
U00127,2024,10.4,18.7,14.55
U02227,2024,10.4,33.5,21.95
U00136,2024,11.6,30.5,21.05
U00137,2024,12.6,23.1,17.85
U00141,2024,9.6,20,14.8
U00142,2024,7.9,33.1,20.5
U00144,2024,8.9,10.4,9.65
U00154,2024,11.2,32.7,21.95
U02247,2024,8,10.2,9.1
U02248,2024,8,12.8,10.4
U02252,2024,9.6,11.1,10.35
U02253,2024,9.3,7.7,8.5
U02254,2024,9.1,9.1,9.1
U02249,2024,9.1,17.1,13.1
U02250,2024,10.5,19.1,14.8
U02251,2024,10,14.6,12.3
U00192,2024,9,12.6,10.8
U00208,2024,16.2,12.5,14.35
U02600,2024,12.6,19.8,16.2
U00214,2024,8.6,13.8,11.2
U00237,2024,12.2,15.7,13.95
U02608,2024,7.8,14.6,11.2
U02611,2024,7.9,12.2,10.05
U02642,2024,8.3,14.4,11.35
U00253,2024,13.7,10.6,12.15
U00256,2024,9.5,17.1,13.3
U02617,2024,5.7,35,20.35
U00261,2024,10.3,10.7,10.5
U00264,2024,7.3,30.2,18.75
U00266,2024,9.4,13.5,11.45
U00267,2024,14.9,23.1,19
U00270,2024,9.5,22.8,16.15
U02643,2024,12.8,13.9,13.35
U02622,2024,9.5,26.7,18.1
U02625,2024,8.6,19.3,13.95
U00281,2024,8.6,14.9,11.75
U00284,2024,9.3,29.2,19.25
U00292,2024,9.4,30.3,19.85
U02634,2024,9.9,17.2,13.55
U00311,2024,9.8,10.3,10.05
U00313,2024,9.4,30.4,19.9
U00314,2024,10.4,20,15.2
U02647,2024,11,9,10
U03500,2024,9.5,22.7,16.1
U00337,2024,10.5,11.7,11.1
U00339,2024,15.2,29,22.1
U02269,2024,13.4,19.3,16.35
U02268,2024,14.9,22.9,18.9
U02674,2024,9.4,11.8,10.6
U00346,2024,11.4,8.9,10.15
U01240,2024,5.2,21.6,13.4
U00357,2024,9.7,18.2,13.95
U00362,2024,9.1,5.8,7.45
U00370,2024,18.2,28.2,23.2
U00428,2024,7.9,30.4,19.15
U00377,2024,10.7,10.7,10.7
U00382,2024,8.8,13,10.9
U00394,2024,10,16.8,13.4
U03307,2024,10.8,28.8,19.8
U00404,2024,11.9,15.9,13.9
U00412,2024,12.7,15.5,14.1
U02689,2024,8,12.4,10.2
U00436,2024,15.7,26.3,21
U00437,2024,17.3,15.5,16.4
U00449,2024,10.7,30.4,20.55
U02701,2024,11.5,25.2,18.35
U00473,2024,11.4,27,19.2
U02709,2024,10.3,28.2,19.25
U00479,2024,12.8,31.3,22.05
U02566,2024,9.9,31.1,20.5
U00495,2024,16.9,12.7,14.8
U00498,2024,15.4,19.1,17.25
U00499,2024,10.3,22,16.15
U00507,2024,10.9,11.1,11
U00518,2024,7.8,23.3,15.55
U00519,2024,9.2,17.5,13.35
U00525,2024,11,16.5,13.75
U00546,2024,9.3,20,14.65
U00555,2024,8.7,37.6,23.15
U00558,2024,9.4,29,19.2
U00563,2024,16.6,20.5,18.55
U02429,2024,11,15.7,13.35
U02438,2024,10.9,21.6,16.25
U02435,2024,13.8,20.2,17
U02439,2024,9.8,7.4,8.6
U00584,2024,8,24.5,16.25
U02443,2024,12.8,25.1,18.95
U00587,2024,9.6,21.3,15.45
U02445,2024,12.1,27.5,19.8
U02463,2024,10.3,14.5,12.4
U00592,2024,11.7,22.3,17
U02448,2024,12,20.7,16.35
U00595,2024,11.7,21.3,16.5
U00582,2024,11,19.1,15.05
U02473,2024,9,5.7,7.35
U02453,2024,10.4,36.4,23.4
U00631,2024,13.1,27.8,20.45
U02748,2024,9.4,33.6,21.5
U03318,2024,8.1,13.5,10.8
U02303,2024,8.6,11.6,10.1
U02753,2024,12.4,16.4,14.4
U00647,2024,9.7,17.9,13.8
U03309,2024,9.4,28.9,19.15
U00661,2024,10.8,33,21.9
U00674,2024,9.3,22.2,15.75
U00676,2024,8.7,34,21.35
U00678,2024,9.6,23.2,16.4
U00681,2024,9.3,20.8,15.05
U00685,2024,12.4,23,17.7
U00702,2024,10.1,18.9,14.5
U02773,2024,8.8,13.7,11.25
U02774,2024,9.3,13.4,11.35
U00707,2024,10.5,12.5,11.5
U00730,2024,15.7,27.4,21.55
U00739,2024,11.2,25.8,18.5
U03320,2024,10.3,19.2,14.75
U00741,2024,12.3,20.7,16.5
U02784,2024,11.8,10.8,11.3
U00746,2024,8.5,34.2,21.35
U00749,2024,11.5,9.8,10.65
U00755,2024,9.3,33.6,21.45
U00760,2024,9.8,15.1,12.45
U00772,2024,11,34,22.5
U00780,2024,8.7,16.4,12.55
U02803,2024,13.2,11.8,12.5
U00792,2024,12.5,12.2,12.35
U02349,2024,12.2,11.6,11.9
U00849,2024,8.4,14,11.2
U00888,2024,9.4,21.5,15.45
U00869,2024,9.9,14.5,12.2
U00877,2024,9.4,36.5,22.95
U00897,2024,9.6,23.4,16.5
U00898,2024,11.5,9.1,10.3
U00907,2024,9.7,12.5,11.1
U00913,2024,9.2,32.3,20.75
U00919,2024,10.6,33.3,21.95
U00929,2024,11.3,22.2,16.75
U00931,2024,9.7,7,8.35
U00932,2024,11.2,12.6,11.9
U00935,2024,11.2,36.7,23.95
U00945,2024,13.6,15.3,14.45
U00946,2024,12.3,11.9,12.1
U00955,2024,13.6,13.6,13.6
U00957,2024,9.1,23,16.05
U00960,2024,9.2,27.6,18.4
U02821,2024,8.8,12.7,10.75
U00997,2024,8.3,11.4,9.85
U00998,2024,10.2,17.3,13.75
U01002,2024,8.3,7.3,7.8
U02830,2024,10.6,19.5,15.05
U01006,2024,10.1,27.8,18.95
U03322,2024,8.6,16,12.3
U01019,2024,12.6,23.5,18.05
U01021,2024,11.6,35.8,23.7
U01030,2024,10.8,24.9,17.85
U01031,2024,8.8,12.4,10.6
U01032,2024,10.3,7.3,8.8
U02832,2024,8.1,12,10.05
U01038,2024,10.1,8.6,9.35
U02835,2024,7.7,10.7,9.2
U01077,2024,22.9,19.2,21.05
U01087,2024,18.8,17.2,18
U01149,2024,9.8,18.4,14.1
U01099,2024,9.7,22.1,15.9
U01100,2024,12.3,21.8,17.05
U01101,2024,15.6,15.9,15.75
U01102,2024,11.3,26.3,18.8
U01111,2024,14.3,20.1,17.2
U02521,2024,9,24.3,16.65
U02842,2024,8.7,18,13.35
U01132,2024,9.5,15.4,12.45
U01139,2024,9.1,14.9,12
U01153,2024,11.1,28,19.55
U02850,2024,8.6,17.2,12.9
U01154,2024,9.3,25.3,17.3
U01155,2024,9.6,37.6,23.6
U02853,2024,8.1,26.3,17.2
U01165,2024,17.3,15.8,16.55
U02864,2024,11.7,30.3,21
U01190,2024,11.6,21.1,16.35
U01192,2024,13.4,14.7,14.05
U03238,2024,15.6,28.8,22.2
U01203,2024,16.1,19.6,17.85
U02875,2024,14.1,25.8,19.95
U01209,2024,14,29.7,21.85
U02877,2024,10.3,26.5,18.4
U02881,2024,18.1,24.6,21.35
U01220,2024,10.8,12.4,11.6
U01224,2024,8.5,10.5,9.5
U02524,2024,13,32.6,22.8
U01245,2024,19.3,22.4,20.85
U01249,2024,11.7,31.9,21.8
U02898,2024,7.5,31.4,19.45
U01257,2024,13.9,15.5,14.7
U02355,2024,9.1,28.7,18.9
U01274,2024,12.1,13.5,12.8
U01275,2024,12.1,11.6,11.85
U01279,2024,14.1,14.3,14.2
U01340,2024,8.1,21.3,14.7
U01290,2024,7.5,23.7,15.6
U01296,2024,12,22.6,17.3
U01300,2024,11.7,8.6,10.15
U02922,2024,13.4,16.1,14.75
U02928,2024,11.8,24.3,18.05
U02568,2024,9.2,10.3,9.75
U03326,2024,9.9,33.6,21.75
U02935,2024,12.6,23.8,18.2
U01322,2024,10.3,11,10.65
U01325,2024,11.6,25.3,18.45
U02939,2024,9.9,16.3,13.1
U01327,2024,9.1,40.9,25
U03327,2024,7.6,6.6,7.1
U01335,2024,10.6,22.9,16.75
U01337,2024,8.4,16,12.2
U02942,2024,9,23.2,16.1
U02386,2024,9.4,16.9,13.15
U01369,2024,8.7,17.3,13
U01370,2024,10.5,14.8,12.65
U01376,2024,8.7,35.2,21.95
U01382,2024,14.1,21,17.55
U01381,2024,18.4,13.3,15.85
U01426,2024,10.3,20,15.15
U01425,2024,10,11.8,10.9
U01388,2024,11.7,8.4,10.05
U01389,2024,14.6,23.1,18.85
U01429,2024,16,12.1,14.05
U01431,2024,8.9,30.1,19.5
U01432,2024,9.5,9.2,9.35
U01401,2024,16.1,17.6,16.85
U01436,2024,10.7,26.9,18.8
U01407,2024,11.5,27.5,19.5
U01408,2024,15.1,22.4,18.75
U01421,2024,11.7,15.7,13.7
U01454,2024,13.1,19.8,16.45
U02497,2024,9,27.2,18.1
U01474,2024,9.7,10.7,10.2
U01477,2024,8.7,23.8,16.25
U01481,2024,9,9.1,9.05
U03146,2024,13,26,19.5
U01484,2024,10.1,11.2,10.65
U01488,2024,11.1,7.7,9.4
U01500,2024,9.8,7.7,8.75
U01506,2024,9.8,10,9.9
U02476,2024,8.1,9.6,8.85
U02977,2024,11.7,29.1,20.4
U01511,2024,12.4,12.8,12.6
U01515,2024,8,5.3,6.65
U01518,2024,12.3,32,22.15
U01525,2024,9.2,5.8,7.5
U01530,2024,11,20,15.5
U01475,2024,9.4,24.5,16.95
U01537,2024,8.4,7.3,7.85
U01538,2024,11.4,22.2,16.8
U01544,2024,9,13.2,11.1
U01546,2024,10.3,19.6,14.95
U01552,2024,15.3,20.6,17.95
U01553,2024,12.6,23.7,18.15
U02984,2024,16.3,23.2,19.75
U01560,2024,9.2,9.6,9.4
U02498,2024,12.2,19.2,15.7
U01569,2024,9.5,16.7,13.1
U02391,2024,9.1,12,10.55
U02993,2024,15.6,21.5,18.55
U02994,2024,17.7,17.7,17.7
U01582,2024,10.7,12.5,11.6
U01585,2024,9.1,26.1,17.6
U01586,2024,7.7,5.2,6.45
U03148,2024,12.6,28.9,20.75
U02499,2024,12.1,33,22.55
U01590,2024,8.7,7.8,8.25
U01591,2024,13.4,9.9,11.65
U01593,2024,12.5,8.2,10.35
U03004,2024,10.3,15.2,12.75
U02395,2024,8.7,10.1,9.4
U03009,2024,9.4,39.3,24.35
U02398,2024,9.5,13.6,11.55
U01616,2024,11.4,28.8,20.1
U01617,2024,10.1,33.9,22
U01624,2024,10.7,14.6,12.65
U02400,2024,10.6,10.2,10.4
U01637,2024,8.7,15.3,12
U03015,2024,14.4,15.4,14.9
U01652,2024,14.9,27.6,21.25
U03020,2024,14.9,26.5,20.7
U03021,2024,10.7,13.7,12.2
U01664,2024,9.9,5.2,7.55
U01666,2024,8.9,29.4,19.15
U01701,2024,9.5,23.9,16.7
U01707,2024,7.9,37.9,22.9
U01713,2024,13.8,26.3,20.05
U03032,2024,16.7,29.9,23.3
U01746,2024,17.1,18.1,17.6
U01749,2024,13.4,16.8,15.1
U01691,2024,9.4,29.3,19.35
U01756,2024,10.6,12,11.3
U03151,2024,14.1,22.6,18.35
U01757,2024,9.1,29.1,19.1
U02848,2024,10.9,19.7,15.3
U01760,2024,14.5,21.8,18.15
U01771,2024,15.5,19.4,17.45
U01779,2024,10.6,10.9,10.75
U01787,2024,9.2,12.1,10.65
U03052,2024,15.4,29.8,22.6
U03054,2024,9.5,25.8,17.65
U03055,2024,10.8,18.6,14.7
U01791,2024,10.7,3.7,7.2
U01794,2024,10.8,8.5,9.65
U03063,2024,7.4,12.8,10.1
U03061,2024,7,9,8
U01822,2024,15.2,24.1,19.65
U01824,2024,14.8,22.5,18.65
U01851,2024,13,19.3,16.15
U01856,2024,16,19.5,17.75
U03070,2024,12.9,15.2,14.05
U01706,2024,8.2,15.8,12
U01863,2024,9.6,3.4,6.5
U01865,2024,10.4,23.8,17.1
U03073,2024,13.5,23.4,18.45
U01872,2024,13.6,20.7,17.15
U03074,2024,11.4,26.4,18.9
U01880,2024,9.5,26.1,17.8
U01883,2024,12,22.3,17.15
U01885,2024,12.2,23.4,17.8
U03076,2024,8.4,13.6,11
U01898,2024,11,13.3,12.15
U01917,2024,11.2,11.4,11.3
U03098,2024,9,35.7,22.35
U01925,2024,9.7,15.8,12.75
U02501,2024,9,18.1,13.55
U01769,2024,9.3,25.9,17.6
U01939,2024,8.6,4.1,6.35
U01940,2024,11.1,30,20.55
U01941,2024,11.3,18.1,14.7
U01942,2024,9.3,14.1,11.7
U01979,2024,9.8,29.9,19.85
U03333,2024,9.8,29.9,19.85
U02502,2024,10.5,26.6,18.55
U01978,2024,11.7,23.2,17.45
U01992,2024,11,14,12.5
U02029,2024,18.9,18.2,18.55
U02030,2024,8.4,11.2,9.8
U02035,2024,11.1,24.2,17.65
U02044,2024,4.6,14.8,9.7
U02479,2024,10.2,22.3,16.25
U02053,2024,12.7,33.9,23.3
U02541,2024,14.7,28.6,21.65
U02055,2024,11,28.5,19.75
U02057,2024,10.5,12.7,11.6
U02144,2024,8.6,33.7,21.15
U02153,2024,9.1,18.9,14
U02146,2024,12,13.9,12.95
U02147,2024,9,12.1,10.55
U02165,2024,11,18.9,14.95
U02170,2024,13.4,21.3,17.35
U02171,2024,9.5,9.5,9.5
U02172,2024,9.2,8.7,8.95
U02188,2024,9,5.1,7.05
U02204,2024,10.2,8.1,9.15
U02203,2024,8,17.1,12.55
U02527,2024,14.3,25,19.65
U03357,2024,10.4,14.3,12.35
U03353,2024,12.6,9.1,10.85
U03356,2024,8.9,4.7,6.8
U02341,2024,8.7,12.2,10.45
U03189,2024,12.2,22,17.1
U03360,2024,22.8,19.3,21.05
U00868,2024,9.6,35.4,22.5
U03375,2024,11.2,26.1,18.65
U03376,2024,7.6,36,21.8
U03370,2024,9.9,7.6,8.75
U03392,2024,9.3,22.9,16.1
U03395,2024,10.7,7.7,9.2
U03394,2024,8.5,29.8,19.15
U03204,2024,13.5,35.3,24.4
U03209,2024,9.7,34.7,22.2
U03455,2024,11.7,34.5,23.1
U03460,2024,12.4,17.6,15
U03461,2024,8.6,26.8,17.7
U03465,2024,10.5,28.8,19.65
U03494,2024,11.2,21.6,16.4
U00005,2024,,,
U00006,2024,,,
U00007,2024,,,
U00010,2024,,,
U00011,2024,,,
U00013,2024,,,
U00015,2024,,,
U00020,2024,,,
U00027,2024,,,
U00028,2024,,,
U02557,2024,,,
U02574,2024,,,
U02484,2024,,,
U02575,2024,,,
U00037,2024,,,
U03316,2024,,,
U00042,2024,,,
U00043,2024,,,
U00047,2024,,,
U00048,2024,,,
U00050,2024,,,
U00052,2024,,,
U00059,2024,,,
U00053,2024,,,
U00054,2024,,,
U00055,2024,,,
U00060,2024,,,
U00062,2024,,,
U00064,2024,,,
U00065,2024,,,
U00067,2024,,,
U00068,2024,,,
U00073,2024,,,
U00075,2024,,,
U02581,2024,,,
U00076,2024,,,
U02582,2024,,,
U02583,2024,,,
U00077,2024,,,
U00079,2024,,,
U00080,2024,,,
U02585,2024,,,
U00081,2024,,,
U00082,2024,,,
U00085,2024,,,
U00086,2024,,,
U00087,2024,,,
U00088,2024,,,
U00089,2024,,,
U00090,2024,,,
U00091,2024,,,
U00093,2024,,,
U00094,2024,,,
U00095,2024,,,
U00096,2024,,,
U00097,2024,,,
U00098,2024,,,
U00056,2024,,,
U00101,2024,,,
U00100,2024,,,
U00057,2024,,,
U00103,2024,,,
U00109,2024,,,
U00108,2024,,,
U00105,2024,,,
U00112,2024,,,
U00117,2024,,,
U00114,2024,,,
U00120,2024,,,
U00121,2024,,,
U00122,2024,,,
U00124,2024,,,
U00123,2024,,,
U00143,2024,,,
U00128,2024,,,
U00131,2024,,,
U00129,2024,,,
U00130,2024,,,
U00132,2024,,,
U00134,2024,,,
U00135,2024,,,
U00145,2024,,,
U00149,2024,,,
U00153,2024,,,
U00150,2024,,,
U00160,2024,,,
U00161,2024,,,
U00163,2024,,,
U03141,2024,,,
U00164,2024,,,
U00165,2024,,,
U00166,2024,,,
U00167,2024,,,
U00168,2024,,,
U00169,2024,,,
U00180,2024,,,
U00185,2024,,,
U00188,2024,,,
U00194,2024,,,
U00200,2024,,,
U00199,2024,,,
U00202,2024,,,
U00207,2024,,,
U00209,2024,,,
U00213,2024,,,
U02602,2024,,,
U00216,2024,,,
U02603,2024,,,
U00220,2024,,,
U00222,2024,,,
U00226,2024,,,
U00229,2024,,,
U00231,2024,,,
U02610,2024,,,
U00233,2024,,,
U00236,2024,,,
U00252,2024,,,
U00250,2024,,,
U00254,2024,,,
U02616,2024,,,
U00260,2024,,,
U00262,2024,,,
U00269,2024,,,
U00278,2024,,,
U02624,2024,,,
U00280,2024,,,
U02626,2024,,,
U00283,2024,,,
U02628,2024,,,
U02071,2024,,,
U00305,2024,,,
U00307,2024,,,
U00309,2024,,,
U00308,2024,,,
U00310,2024,,,
U00312,2024,,,
U03501,2024,,,
U02256,2024,,,
U00323,2024,,,
U02283,2024,,,
U00341,2024,,,
U00336,2024,,,
U02266,2024,,,
U02267,2024,,,
U02271,2024,,,
U00343,2024,,,
U00345,2024,,,
U00347,2024,,,
U00348,2024,,,
U02675,2024,,,
U02555,2024,,,
U02559,2024,,,
U02556,2024,,,
U02558,2024,,,
U00349,2024,,,
U00350,2024,,,
U02679,2024,,,
U00356,2024,,,
U00358,2024,,,
U00361,2024,,,
U02277,2024,,,
U00363,2024,,,
U00372,2024,,,
U00379,2024,,,
U00380,2024,,,
U02683,2024,,,
U00396,2024,,,
U00397,2024,,,
U02276,2024,,,
U00414,2024,,,
U00413,2024,,,
U00418,2024,,,
U00419,2024,,,
U02686,2024,,,
U00441,2024,,,
U02698,2024,,,
U00446,2024,,,
U00451,2024,,,
U02567,2024,,,
U02703,2024,,,
U02704,2024,,,
U00459,2024,,,
U00469,2024,,,
U00475,2024,,,
U00478,2024,,,
U00482,2024,,,
U00487,2024,,,
U00486,2024,,,
U00489,2024,,,
U00492,2024,,,
U00491,2024,,,
U00493,2024,,,
U02720,2024,,,
U00502,2024,,,
U00504,2024,,,
U00508,2024,,,
U00512,2024,,,
U00513,2024,,,
U00466,2024,,,
U02721,2024,,,
U02722,2024,,,
U00517,2024,,,
U00524,2024,,,
U00526,2024,,,
U02729,2024,,,
U03508,2024,,,
U03509,2024,,,
U03510,2024,,,
U03511,2024,,,
U03512,2024,,,
U03515,2024,,,
U03513,2024,,,
U03514,2024,,,
U03516,2024,,,
U03506,2024,,,
U03518,2024,,,
U03517,2024,,,
U03523,2024,,,
U03519,2024,,,
U03520,2024,,,
U03522,2024,,,
U03524,2024,,,
U03526,2024,,,
U03527,2024,,,
U03528,2024,,,
U03529,2024,,,
U03530,2024,,,
U02730,2024,,,
U00537,2024,,,
U00538,2024,,,
U00539,2024,,,
U00541,2024,,,
U00542,2024,,,
U00547,2024,,,
U02733,2024,,,
U00548,2024,,,
U00861,2024,,,
U00556,2024,,,
U00560,2024,,,
U00562,2024,,,
U00564,2024,,,
U02436,2024,,,
U02437,2024,,,
U00568,2024,,,
U00570,2024,,,
U00569,2024,,,
U00572,2024,,,
U00574,2024,,,
U00579,2024,,,
U00588,2024,,,
U00590,2024,,,
U00594,2024,,,
U00598,2024,,,
U00605,2024,,,
U00606,2024,,,
U00616,2024,,,
U00617,2024,,,
U00618,2024,,,
U00621,2024,,,
U00633,2024,,,
U00634,2024,,,
U02749,2024,,,
U00635,2024,,,
U00648,2024,,,
U00653,2024,,,
U02754,2024,,,
U00657,2024,,,
U02756,2024,,,
U00666,2024,,,
U02763,2024,,,
U00679,2024,,,
U00684,2024,,,
U00690,2024,,,
U02077,2024,,,
U00694,2024,,,
U00695,2024,,,
U02078,2024,,,
U00697,2024,,,
U00709,2024,,,
U00710,2024,,,
U00711,2024,,,
U00713,2024,,,
U02780,2024,,,
U00721,2024,,,
U00723,2024,,,
U00724,2024,,,
U00791,2024,,,
U00731,2024,,,
U00736,2024,,,
U00737,2024,,,
U00742,2024,,,
U02788,2024,,,
U02789,2024,,,
U01803,2024,,,
U00750,2024,,,
U00752,2024,,,
U00751,2024,,,
U00753,2024,,,
U03145,2024,,,
U00754,2024,,,
U00757,2024,,,
U00758,2024,,,
U00756,2024,,,
U00761,2024,,,
U00762,2024,,,
U00764,2024,,,
U00767,2024,,,
U02793,2024,,,
U00763,2024,,,
U00774,2024,,,
U02801,2024,,,
U00783,2024,,,
U00790,2024,,,
U00793,2024,,,
U00796,2024,,,
U00798,2024,,,
U00805,2024,,,
U00809,2024,,,
U00816,2024,,,
U00819,2024,,,
U00847,2024,,,
U00850,2024,,,
U00852,2024,,,
U00859,2024,,,
U02350,2024,,,
U00874,2024,,,
U00875,2024,,,
U00876,2024,,,
U00883,2024,,,
U00882,2024,,,
U00885,2024,,,
U00862,2024,,,
U00886,2024,,,
U00890,2024,,,
U00889,2024,,,
U00894,2024,,,
U02085,2024,,,
U00906,2024,,,
U00908,2024,,,
U02492,2024,,,
U00909,2024,,,
U00910,2024,,,
U00911,2024,,,
U00916,2024,,,
U00917,2024,,,
U00920,2024,,,
U00926,2024,,,
U02482,2024,,,
U00930,2024,,,
U00936,2024,,,
U00937,2024,,,
U00947,2024,,,
U00948,2024,,,
U00949,2024,,,
U02820,2024,,,
U00969,2024,,,
U00970,2024,,,
U00975,2024,,,
U00987,2024,,,
U00988,2024,,,
U02827,2024,,,
U00989,2024,,,
U00995,2024,,,
U01007,2024,,,
U01009,2024,,,
U01010,2024,,,
U01016,2024,,,
U01027,2024,,,
U01025,2024,,,
U01026,2024,,,
U01028,2024,,,
U01033,2024,,,
U01037,2024,,,
U01051,2024,,,
U01048,2024,,,
U01049,2024,,,
U01052,2024,,,
U01058,2024,,,
U01059,2024,,,
U01060,2024,,,
U01062,2024,,,
U01067,2024,,,
U01068,2024,,,
U01069,2024,,,
U01086,2024,,,
U02838,2024,,,
U01089,2024,,,
U01092,2024,,,
U01094,2024,,,
U01096,2024,,,
U01098,2024,,,
U01104,2024,,,
U01105,2024,,,
U01106,2024,,,
U01107,2024,,,
U01108,2024,,,
U01116,2024,,,
U01119,2024,,,
U01124,2024,,,
U01126,2024,,,
U01150,2024,,,
U01128,2024,,,
U01129,2024,,,
U01133,2024,,,
U01134,2024,,,
U01136,2024,,,
U01137,2024,,,
U01143,2024,,,
U00986,2024,,,
U01156,2024,,,
U01161,2024,,,
U01164,2024,,,
U01151,2024,,,
U02854,2024,,,
U01168,2024,,,
U01170,2024,,,
U01171,2024,,,
U01175,2024,,,
U01177,2024,,,
U02863,2024,,,
U01179,2024,,,
U01183,2024,,,
U03314,2024,,,
U01185,2024,,,
U01186,2024,,,
U01188,2024,,,
U02089,2024,,,
U01197,2024,,,
U01198,2024,,,
U01201,2024,,,
U01199,2024,,,
U01215,2024,,,
U02882,2024,,,
U02333,2024,,,
U02560,2024,,,
U01226,2024,,,
U01231,2024,,,
U01233,2024,,,
U01234,2024,,,
U02354,2024,,,
U01242,2024,,,
U01244,2024,,,
U01247,2024,,,
U01248,2024,,,
U02902,2024,,,
U01216,2024,,,
U02357,2024,,,
U02905,2024,,,
U02906,2024,,,
U01272,2024,,,
U01276,2024,,,
U02494,2024,,,
U01289,2024,,,
U01294,2024,,,
U01297,2024,,,
U02921,2024,,,
U01302,2024,,,
U01305,2024,,,
U01217,2024,,,
U01308,2024,,,
U01309,2024,,,
U03325,2024,,,
U02931,2024,,,
U01312,2024,,,
U02936,2024,,,
U01745,2024,,,
U01324,2024,,,
U01326,2024,,,
U02938,2024,,,
U01328,2024,,,
U02496,2024,,,
U01330,2024,,,
U01333,2024,,,
U01336,2024,,,
U02362,2024,,,
U02367,2024,,,
U02368,2024,,,
U02373,2024,,,
U02378,2024,,,
U01347,2024,,,
U01349,2024,,,
U01350,2024,,,
U01351,2024,,,
U01352,2024,,,
U01353,2024,,,
U01354,2024,,,
U01371,2024,,,
U01372,2024,,,
U01373,2024,,,
U01424,2024,,,
U01387,2024,,,
U01428,2024,,,
U01422,2024,,,
U02092,2024,,,
U01398,2024,,,
U01435,2024,,,
U01405,2024,,,
U01438,2024,,,
U01446,2024,,,
U01418,2024,,,
U01419,2024,,,
U01445,2024,,,
U01447,2024,,,
U01450,2024,,,
U01455,2024,,,
U01462,2024,,,
U01465,2024,,,
U01467,2024,,,
U01469,2024,,,
U02964,2024,,,
U01471,2024,,,
U01473,2024,,,
U02972,2024,,,
U01483,2024,,,
U01490,2024,,,
U01493,2024,,,
U01505,2024,,,
U02561,2024,,,
U02976,2024,,,
U01513,2024,,,
U01514,2024,,,
U02389,2024,,,
U01521,2024,,,
U01522,2024,,,
U01523,2024,,,
U01526,2024,,,
U02979,2024,,,
U01536,2024,,,
U01541,2024,,,
U01540,2024,,,
U03317,2024,,,
U01545,2024,,,
U01549,2024,,,
U01550,2024,,,
U01551,2024,,,
U01557,2024,,,
U02564,2024,,,
U01558,2024,,,
U02988,2024,,,
U02336,2024,,,
U02337,2024,,,
U01567,2024,,,
U01568,2024,,,
U02315,2024,,,
U01571,2024,,,
U01572,2024,,,
U01581,2024,,,
U03007,2024,,,
U01596,2024,,,
U01598,2024,,,
U01597,2024,,,
U01599,2024,,,
U01600,2024,,,
U01603,2024,,,
U01604,2024,,,
U01606,2024,,,
U01614,2024,,,
U01623,2024,,,
U03014,2024,,,
U02403,2024,,,
U01653,2024,,,
U01654,2024,,,
U01655,2024,,,
U01656,2024,,,
U03022,2024,,,
U01665,2024,,,
U01667,2024,,,
U01669,2024,,,
U03024,2024,,,
U01679,2024,,,
U01681,2024,,,
U01682,2024,,,
U02478,2024,,,
U01694,2024,,,
U01695,2024,,,
U01698,2024,,,
U01704,2024,,,
U01718,2024,,,
U01724,2024,,,
U01726,2024,,,
U01731,2024,,,
U01732,2024,,,
U01733,2024,,,
U01734,2024,,,
U01736,2024,,,
U01729,2024,,,
U01735,2024,,,
U01730,2024,,,
U01738,2024,,,
U01748,2024,,,
U01750,2024,,,
U01755,2024,,,
U03039,2024,,,
U03040,2024,,,
U03041,2024,,,
U01765,2024,,,
U01767,2024,,,
U01774,2024,,,
U01775,2024,,,
U01778,2024,,,
U01782,2024,,,
U01780,2024,,,
U01781,2024,,,
U01783,2024,,,
U02407,2024,,,
U03049,2024,,,
U03051,2024,,,
U02408,2024,,,
U01792,2024,,,
U01797,2024,,,
U01798,2024,,,
U01802,2024,,,
U03062,2024,,,
U01808,2024,,,
U01810,2024,,,
U01811,2024,,,
U01817,2024,,,
U01821,2024,,,
U01823,2024,,,
U01825,2024,,,
U01826,2024,,,
U01827,2024,,,
U02119,2024,,,
U01857,2024,,,
U01870,2024,,,
U01873,2024,,,
U01876,2024,,,
U02340,2024,,,
U01879,2024,,,
U01881,2024,,,
U01889,2024,,,
U01891,2024,,,
U01894,2024,,,
U03077,2024,,,
U03078,2024,,,
U00863,2024,,,
U01912,2024,,,
U01921,2024,,,
U01922,2024,,,
U01938,2024,,,
U01943,2024,,,
U01930,2024,,,
U01932,2024,,,
U01933,2024,,,
U01950,2024,,,
U03106,2024,,,
U03107,2024,,,
U01953,2024,,,
U01954,2024,,,
U01956,2024,,,
U03111,2024,,,
U01982,2024,,,
U03116,2024,,,
U01987,2024,,,
U01991,2024,,,
U03118,2024,,,
U01997,2024,,,
U01998,2024,,,
U01999,2024,,,
U02000,2024,,,
U02016,2024,,,
U02001,2024,,,
U02004,2024,,,
U02006,2024,,,
U02007,2024,,,
U02009,2024,,,
U02013,2024,,,
U02014,2024,,,
U02015,2024,,,
U02010,2024,,,
U02011,2024,,,
U02012,2024,,,
U02003,2024,,,
U02017,2024,,,
U02018,2024,,,
U01980,2024,,,
U02020,2024,,,
U02033,2024,,,
U03123,2024,,,
U02420,2024,,,
U02416,2024,,,
U02417,2024,,,
U02048,2024,,,
U00873,2024,,,
U02049,2024,,,
U02052,2024,,,
U02539,2024,,,
U00856,2024,,,
U03128,2024,,,
U00865,2024,,,
U02058,2024,,,
U02060,2024,,,
U02059,2024,,,
U02061,2024,,,
U03154,2024,,,
U03160,2024,,,
U02133,2024,,,
U02135,2024,,,
U02137,2024,,,
U02138,2024,,,
U02141,2024,,,
U02155,2024,,,
U02159,2024,,,
U02163,2024,,,
U02168,2024,,,
U02180,2024,,,
U03167,2024,,,
U02191,2024,,,
U02192,2024,,,
U02193,2024,,,
U02194,2024,,,
U02195,2024,,,
U02197,2024,,,
U02198,2024,,,
U02202,2024,,,
U02205,2024,,,
U02211,2024,,,
U02210,2024,,,
U02216,2024,,,
U02218,2024,,,
U02222,2024,,,
U02223,2024,,,
U03342,2024,,,
U03341,2024,,,
U03343,2024,,,
U03347,2024,,,
U02421,2024,,,
U01444,2024,,,
U03355,2024,,,
U03354,2024,,,
U03359,2024,,,
U03186,2024,,,
U03363,2024,,,
U03364,2024,,,
U03365,2024,,,
U03368,2024,,,
U03193,2024,,,
U03377,2024,,,
U03381,2024,,,
U03385,2024,,,
U03387,2024,,,
U03391,2024,,,
U03202,2024,,,
U03203,2024,,,
U03411,2024,,,
U03418,2024,,,
U03419,2024,,,
U03415,2024,,,
U03417,2024,,,
U03425,2024,,,
U03427,2024,,,
U02130,2024,,,
U03222,2024,,,
U03429,2024,,,
U02131,2024,,,
U03430,2024,,,
U03431,2024,,,
U03436,2024,,,
U03448,2024,,,
U03451,2024,,,
U03454,2024,,,
U03459,2024,,,
U03470,2024,,,
U03475,2024,,,
U03479,2024,,,
U03490,2024,,,
U03491,2024,,,
U03492,2024,,,
U03493,2024,,,
