Country Name,Country Code,adult_literacy,primary_completion,primary_pupil_teacher_ratio,primary_enrolment,secondary_pupil_teacher_ratio,tertiary_enrolment,education_expenditure_gdp,lower_secondary_enrolment,upper_secondary_enrolment
Afghanistan,AFG,31.74112,,44.23235473632812,,,3.829684972763065,3.2273924946784973,47.4367904663086,31.3326206207275
Albania,ALB,97.04613499999999,96.62396545410151,19.67063827514648,93.140510559082,14.8807577133179,49.74500961303712,3.53943991661072,87.6665878295898,67.4512023925781
Algeria,DZA,,98.6740127563477,23.203479766845717,98.7396469116211,,31.41059226989746,,,
American Samoa,ASM,,,,,,,,,
Andorra,AND,,,9.74613189697266,,7.80663013458252,,2.9627850055694576,,
Angola,AGO,,44.71204884847007,44.0647850036621,81.6808624267578,27.4166507720947,8.43482995033264,3.47622990608215,5.583845138549805,3.2663350105285653
Antigua and Barbuda,ATG,,99.2271830240885,14.911780118942225,88.83862495422366,12.08467984199525,17.224152565002473,2.55447006225586,72.70438639322917,45.2751833597819
Arab World,ARB,77.3645858764648,85.3887908935547,20.67960777282716,85.25334167480467,15.11440811157226,25.248164367675777,,,
Argentina,ARG,,103.6630950927736,,99.23619537353514,,76.17719116210938,5.30399408340454,84.44503784179689,58.50604629516604
Armenia,ARM,99.74441,,,,,47.60248718261718,3.1303919792175305,90.799690246582,74.94927978515626
Aruba,ABW,96.82264,95.8655446370443,15.945805311203,97.45794296264651,14.079999923706074,33.08183250427246,6.406230068206787,70.4275989532471,58.417324066162095
Australia,AUS,,,,97.36337280273439,,82.62433624267578,5.185146045684814,86.27063140869141,76.0459594726563
Austria,AUT,,97.82994384765627,10.962924003601078,,9.82910213470458,70.63226547241214,5.634683990478516,,
Azerbaijan,AZE,99.774948,90.83471984863283,11.47233600616456,88.0947479248047,,19.968790054321282,2.599809980392456,82.4904708862305,75.77907867431642
"Bahamas, The",BHS,,96.5319938659668,13.5700397491455,96.99850463867185,12.22818994522095,,,74.9055824279785,69.02846145629886
Bahrain,BHR,94.55679,92.37177530924481,11.911743164062534,92.78893025716148,9.998143513997404,42.2267901102702,2.56110000610352,,73.05343170166016
Bangladesh,BGD,47.07731,73.5736484527588,42.98155848185223,94.36311721801755,30.912013626098638,12.3959436416626,2.0505675077438372,61.80791397094727,33.808078289031975
Barbados,BRB,,96.52767690022786,13.412196477254232,94.17808787027997,,70.32109578450523,5.576435089111327,81.31748962402348,65.19822947184242
Belarus,BLR,99.61706,103.95646209716793,15.06839790344238,92.33967132568357,7.73804998397827,84.20952606201172,5.020973873138426,94.3587703704834,83.89370727539062
Belgium,BEL,,88.77991676330568,11.1420560836792,98.9776412963867,9.44806003570557,69.23772735595699,6.4617600440979,86.6188583374023,84.6604766845703
Belize,BLZ,,102.86160278320327,22.182929611206042,98.25606689453123,16.75925407409668,22.94444160461426,6.308789889017736,70.15211334228515,29.98230361938476
Benin,BEN,32.94882,70.14309692382811,44.6677780151367,94.08939361572267,9.82353973388672,12.855817794799805,4.669532299041748,44.3204917907715,16.8404693603516
Bermuda,BMU,,91.8296089172363,8.330644965171816,85.6842994689941,5.8779250383377075,30.691464233398438,2.6297000646591204,80.9955101013184,68.1576538085938
Bhutan,BTN,57.0336,92.41862487792974,26.32770843505862,88.80093841552733,19.251033782959002,8.478990173339849,4.723357439041134,50.66841430664062,16.50698018074035
Bolivia,BOL,92.61818333333333,97.39362182617188,16.389263470967602,93.70527801513671,26.650356928507467,,7.047729969024656,71.10671539306642,62.21360321044922
Bosnia and Herzegovina,BIH,97.56690499999999,,17.0992107391357,,11.12965965271,,,,
Botswana,BWA,,98.27113596598308,23.8496500651042,89.04613494873047,,19.784289836883552,9.63292026519775,52.2048492431641,28.2575798034668
Brazil,BRA,90.982144,,21.56797599792478,95.39376258850098,16.677812385559058,43.04595756530763,5.72923994064331,76.85551643371582,58.307559967041
British Virgin Islands,VGB,,80.18002510070804,12.880530039469399,,8.487566630045569,62.4870986938477,4.164415121078489,,
Brunei Darussalam,BRN,96.08556,106.50182952880839,11.074818038940418,,10.060517549514778,19.41999778747558,2.752766688664753,92.12845764160156,82.30671119689941
Bulgaria,BGR,98.35245,100.22447662353511,17.463051986694342,98.11954193115231,12.34604396820068,60.20589981079102,3.856920003890992,88.3353744506836,78.4179763793945
Burkina Faso,BFA,,52.58591747283935,49.66436157226563,64.18521728515624,27.122223663330082,4.11836199760437,4.267497420310975,18.504455947875982,3.3859139919281
Burundi,BDI,,55.748536682128915,48.47592849731446,89.80300649007161,29.442919921875,3.384356069564818,6.071288013458254,11.369025802612299,2.5781375765800476
Cabo Verde,CPV,85.32779,96.34564056396479,23.34679794311524,96.48673095703126,17.385982131958,18.85819797515868,5.221930146217345,64.546799659729,35.0065593719482
Cambodia,KHM,73.90003,88.34785766601563,47.493005371093766,96.06795501708984,,13.893716812133798,1.65881199836731,,
Cameroon,CMR,71.29051,69.9594841003418,45.7779121398926,88.91539255777997,21.7121664683024,11.979926109313965,3.16968402862549,39.5690402984619,19.2967491149902
Canada,CAN,,,,99.46710968017581,,,5.16779327392578,,84.8774452209473
Cayman Islands,CYM,,,12.807429949442566,,7.108454942703251,,,,
Central African Republic,CAF,36.75261,41.2571907043457,85.08977699279782,68.85615348815915,71.66696166992183,2.6909999847412123,1.24374000231425,11.721983273824067,3.526749968528745
Chad,TCD,,33.810541915893566,61.9018730163574,71.0818214416504,31.64014434814455,2.111853281656903,2.321307992935182,,
Channel Islands,CHI,,,,,,,,,
Chile,CHL,97.17458333333333,96.74811299641931,21.816183471679675,93.83235015869138,21.27509384155276,73.97087326049805,4.327332019805906,81.13446960449218,82.8852310180664
China,CHN,95.12448,107.35088157653824,16.90998992919922,,15.194977951049799,25.73663787841798,,,
Colombia,COL,93.39918333333334,116.35556182861339,27.010280227661163,95.76391601562499,26.05550575256346,43.262052154541024,4.664444065093994,79.29715728759766,44.17338027954099
Comoros,COM,49.19614,73.5740280151367,27.777345657348647,85.2704162597656,8.70555019378662,7.338475894927976,4.709086577097576,43.8596496582031,19.5877799987793
"Congo, Dem. Rep.",COD,75.01719,63.64242095947263,36.70526809692384,,15.345240020751959,7.220072507858275,1.9235649704933149,,
"Congo, Rep.",COG,79.31117,73.32365226745608,51.26529884338378,91.09158706665039,18.6760292053223,8.95699489116668,6.2178897857666,,
Costa Rica,CRI,97.40658,100.72584228515623,16.7350299358368,99.126220703125,15.053827524185175,48.83767064412433,6.536277961730955,74.89502716064453,40.494243621826165
Cote d'Ivoire,CIV,40.98163,52.98353290557863,43.422712326049776,63.5298843383789,,7.266172409057618,4.489276027679445,,
Croatia,HRV,99.12536,92.65676879882808,14.136797428131125,95.89405212402347,8.071250081062315,58.12303085327149,4.343972563743592,97.84781265258789,
Cuba,CUB,99.75253,96.97825164794922,9.158735847473144,98.34735260009768,9.134300231933592,82.05258178710946,12.9812150001526,93.835791015625,78.36354370117188
Curacao,CUW,,,,,,20.3126392364502,4.93095016479492,,
Cyprus,CYP,98.67843,100.5212417602539,13.761028099060042,98.67613067626951,9.721532058715818,48.0488067626953,6.69713246822357,94.65477447509768,87.5120468139648
Czech Republic,CZE,,103.11454010009761,18.7870620727539,,11.239240074157701,64.41087875366212,4.175110054016114,,
Denmark,DNK,,98.93911285400391,,97.48944854736327,,77.04228057861329,8.3212158203125,92.42831878662109,66.0537872314453
Djibouti,DJI,,50.447910308837905,34.630922317504876,54.53090286254883,27.3253378868103,3.95469339688619,4.48079013824463,,
Dominica,DMA,,93.39544677734379,15.741741943359381,97.1752090454102,13.056833267211934,,,81.19709777832033,53.810325622558594
Dominican Republic,DOM,90.16461000000001,91.29627838134766,24.66011772155762,91.1487564086914,28.132887649536123,46.7269287109375,,57.00870056152344,51.270351409912095
East Asia & Pacific,EAS,95.1082229614258,102.56640319824221,18.314823913574237,96.20325012207033,15.867136001586923,29.52057609558106,,,
East Asia & Pacific (excluding high income),EAP,94.7516708374023,102.6401779174804,18.363205718994116,95.97351989746093,16.117354202270498,26.439715957641624,,,
Ecuador,ECU,90.601452,107.0962314605711,22.270492553710948,96.83704833984376,20.8087854385376,40.17218589782715,4.6448901176452635,74.14313888549808,55.12045669555667
"Egypt, Arab Rep.",EGY,73.65805666666667,102.93385060628235,26.057316462198866,98.69672012329097,12.1341104507446,29.06013793945312,,89.5707626342773,
El Salvador,SLV,85.214295,106.56990356445299,30.14504528045655,95.8910858154297,24.35409927368165,27.49630012512206,3.528157997131344,68.10090179443361,41.43501129150392
Equatorial Guinea,GNQ,,49.01250839233397,26.36523246765135,54.73214912414548,,,,,
Eritrea,ERI,,42.459562683105474,40.698152923584004,40.536468505859396,39.48904495239258,2.125149965286255,,28.255756378173817,16.725489807128902
Estonia,EST,99.88579,102.5112335205079,11.68979797363282,98.8070816040039,8.689669990539551,70.04425964355464,5.21212615966797,95.11082153320312,82.6417999267578
Ethiopia,ETH,,53.127052307128935,55.6894709269206,77.22804069519043,42.79259300231933,7.120457410812376,4.894798088073729,31.841117858886726,
Euro area,EMU,,98.72091827392578,12.9564081192017,99.0707946777344,11.43509578704836,66.97945098876953,,,
Europe & Central Asia,ECS,98.9975891113281,98.44972991943357,14.751672172546401,97.22813720703127,11.42576389312744,62.36359634399412,,,
Europe & Central Asia (excluding high income),ECA,98.7996368408203,98.74805450439459,18.09330978393556,95.10608978271486,11.410572052001958,59.07067947387694,,,
European Union,EUU,,98.02829132080078,13.2116958618164,98.64483184814452,11.5836601257324,65.87081909179686,,,
Faroe Islands,FRO,,,,,,,,,
Fiji,FJI,,104.02877998352024,29.3784952163696,98.54025650024415,22.879055023193402,,4.184809923171996,88.99514516194664,59.375272115071596
Finland,FIN,,98.362646484375,13.62091789245604,98.54122619628906,10.254088020324707,93.17937927246093,6.772724056243897,95.37616119384765,88.8633575439453
France,FRA,,,18.00116958618164,99.1628112792969,12.72802181243898,58.44505310058594,5.589389991760254,94.78395538330078,87.904182434082
French Polynesia,PYF,,,,,,,,,
Gabon,GAB,82.2838,,24.5309791564941,,,,3.027205049991605,,
"Gambia, The",GMB,41.95005,70.47327041625978,36.2742929458618,70.5522518157959,,2.897890011469523,3.5964819431304926,48.05621910095215,
Georgia,GEO,,109.84011459350576,9.00753498077392,99.657527923584,7.527100086212155,29.92255744934082,2.6339732805887834,86.93358612060545,75.02530670166016
Germany,DEU,,101.7875640869144,12.160903930664059,99.65205383300778,12.864864158630379,61.0564193725586,4.89336214065552,,
Ghana,GHA,71.49707,93.79318237304685,32.2048101425171,82.34021949768066,18.085792541503874,11.896250009536736,6.603267955780031,41.7461910247803,11.1799697875977
Gibraltar,GIB,,,16.0344791412354,,5.87588977813721,,,,
Greece,GRC,95.51693,97.75052452087405,9.345375061035154,97.88272476196289,7.71531009674072,107.746307373047,,95.88751602172854,89.5271224975586
Greenland,GRL,,,,,,,,,
Grenada,GRD,,109.03916676839201,15.981503168741867,97.93553161621091,15.0991865793864,52.7773399353027,,85.7559127807617,50.29945945739745
Guam,GUM,,,,,,,,,
Guatemala,GTM,77.651765,85.13772430419925,26.06015434265138,95.88529663085936,13.89923992156984,18.3258399963379,2.8806949853897126,45.069378662109386,24.453014850616427
Guinea,GIN,25.30774,58.96187114715575,43.544104003906256,72.34107055664063,33.1355400085449,9.991563987731947,3.199429988861084,30.3503093719482,
Guinea-Bissau,GNB,,62.1748199462891,51.9251518249512,69.23095703125,,,1.9687200188636775,,
Guyana,GUY,84.99401,85.9998664855957,24.484075069427476,84.58617782592773,21.119364738464373,12.728087425231925,3.451169967651367,85.1507453918457,56.0162582397461
Haiti,HTI,,,,,,,,,
Heavily indebted poor countries (HIPC),HPC,57.83716583251951,64.96544647216797,42.391796112060554,77.65465698242187,23.597208023071303,7.307007980346678,,,
High income,HIC,,98.09013671875002,14.1367359161377,96.8610549926758,12.7255500793457,73.32542724609372,,,
Honduras,HND,85.1746575,96.98587646484376,33.8764495849609,96.43430023193359,,20.784772872924833,5.86775016784667,48.0282592773438,25.248779296875
"Hong Kong SAR, China",HKG,,,14.849138069152861,,15.708623886108379,60.4667205810547,3.7155700206756586,92.47259979248051,73.12819595336914
Hungary,HUN,,98.5364894866943,10.49955596923828,97.5190155029297,10.21475219726562,59.67787628173828,4.655235052108765,95.59700622558593,88.2000732421875
Iceland,ISL,,98.25417518615723,9.828273137410479,98.82420959472654,,79.42138977050782,7.455048084259036,97.62300491333008,
India,IND,69.30256,95.0059534708659,33.736478805542006,96.46455841064456,26.79299736022947,21.02625770568844,3.6563640117645284,74.6149673461914,44.6013793945313
Indonesia,IDN,92.696805,99.83412933349616,18.490912246704102,95.67183227539063,14.30591201782226,27.140620040893555,3.258064031600952,77.49969024658202,61.5463981628418
"Iran, Islamic Rep.",IRN,84.126395,103.53528785705575,23.07149505615235,99.49159545898439,17.5510501861572,48.04573974609372,3.577938032150268,88.46428680419919,72.5367889404297
Iraq,IRQ,43.68328,,,,,,,,
Ireland,IRL,,,15.811609745025628,99.45590057373047,,65.4942687988281,5.809846019744876,97.99964141845703,
Isle of Man,IMN,,,,,,,,,
Israel,ISR,,102.71145935058601,12.686477422714225,97.26022338867185,9.76438999176025,65.59401702880861,5.6351719856262195,94.30301971435546,91.9764862060547
Italy,ITA,98.84828,102.12690124511721,12.0342302322388,99.23397216796874,11.375470161438,65.53654022216799,4.305912494659422,97.77610015869142,88.7811508178711
Jamaica,JAM,,,22.508846282958967,,15.759440104166666,26.785049438476562,6.242488002777099,72.98050689697266,50.2474708557129
Japan,JPN,,101.54821205139174,17.42870368957518,99.9529556274414,11.8311948776245,59.909474182128896,3.660334944725035,99.91751098632812,97.0718231201172
Jordan,JOR,95.44860333333334,86.4511489868164,,88.81641960144043,,43.322700500488274,,88.5156478881836,
Kazakhstan,KAZ,99.75702000000001,107.35116882324239,16.33720436096192,99.43439636230471,,48.99135780334473,3.06209993362427,98.862255859375,94.32090759277341
Kenya,KEN,,,50.008909225463896,85.113151550293,33.2995109558105,4.04682016372681,5.4414048194885245,33.2332992553711,30.0158405303955
Kiribati,KIR,,,,,,,,,
"Korea, Dem. People’s Rep.",PRK,,97.4287567138672,21.9999694824219,96.9731292724609,19.9999408721924,30.59167003631595,,96.6603317260742,98.4383926391602
"Korea, Rep.",KOR,,102.68628234863282,19.415570068359358,98.47729034423828,16.69035778045654,97.94073181152345,4.6521501541137695,95.68492279052737,91.1089172363281
Kosovo,XKX,,,,,,,,,
Kuwait,KWT,95.18933333333332,100.39594650268573,8.550337982177739,98.02011871337893,8.17473983764648,27.0270500183105,,88.81268692016603,61.94587421417238
Kyrgyz Republic,KGZ,99.24343,96.28097991943356,24.3358299255371,95.22588043212893,13.61644611358644,43.69746856689454,6.607966041564943,88.96408462524414,65.63326549530032
Lao PDR,LAO,58.28794,89.99733581542966,27.503559875488282,93.35993804931638,19.84300003051758,17.04206962585446,2.1213639974594103,39.93272171020508,22.301408386230456
Latin America & Caribbean,LCN,92.6243133544922,99.33126983642579,22.424768066406237,95.16383056640623,16.799098587036163,42.213997650146524,,,
Latin America & Caribbean (excluding high income),LAC,92.4479904174805,99.42661590576174,22.63000984191894,95.21922454833984,16.7851161956787,41.07207794189454,,,
Latvia,LVA,99.8959,100.55169525146482,11.184729957580561,98.26854705810544,8.432988071441649,69.36349334716797,5.838908004760742,86.19953765869144,77.0108795166016
Least developed countries: UN classification,LDC,60.5682334899902,66.026286315918,41.74546966552734,80.51154937744141,26.386082077026362,8.37559814453125,,,
Lebanon,LBN,91.18419,83.45570678710938,13.741016197204582,91.52339324951171,8.914750099182129,47.73384323120116,1.963606023788452,67.32034111022952,56.34223683675134
Lesotho,LSO,75.8002,72.73240814208984,33.6228614807129,79.7295028686523,24.2845458984375,10.4856548309326,,25.24713039398195,10.0397500991821
Liberia,LBR,,62.81350898742675,27.0978956222534,40.540266036987305,,10.468724727630594,2.75756001472473,,
Libya,LBY,,,,,,,,,
Liechtenstein,LIE,,102.15748596191435,6.979192495346068,98.72046279907228,9.970789909362814,39.1587600708008,2.55604004859924,91.89427947998047,
Lithuania,LTU,99.8156,99.1092330932617,12.622871971130362,99.00259552001957,8.552989768981934,80.81843566894534,5.07600002288818,94.47935028076174,80.8403625488281
Low & middle income,LMY,82.3050842285156,89.82996368408205,26.48739395141602,89.99319000244145,18.56728210449216,24.903411865234382,,,
Low income,LIC,56.57405548095704,65.09500885009761,43.82201995849606,78.93800506591796,24.377589797973638,6.891130065917968,,,
Lower middle income,LMC,73.9100799560547,89.63317260742188,30.7737201690674,90.13080291748045,21.60576820373536,19.963786315917982,,,
Luxembourg,LUX,,84.09786033630371,8.699932336807253,95.18422889709473,8.23817229270935,18.84127998352055,4.14091014862061,89.79248619079593,66.7796630859375
"Macao SAR, China",MAC,95.64004,94.18407897949218,15.210580062866219,84.52959442138672,15.12912216186524,61.34008407592772,2.65133399963379,74.25319976806644,55.709629821777334
"Macedonia, FYR",MKD,,88.78034210205075,15.765090227127075,89.737060546875,11.15218234062195,40.0586347579956,,,
Madagascar,MDG,68.026765,70.7012420654297,42.82473068237304,,25.559869766235302,3.8761960029602056,2.694809973239898,27.68752241134645,7.312803427378333
Malawi,MWI,61.30972,71.13547821044922,75.85162048339843,98.0618209838867,42.14065074920655,0.7451499998569484,4.36807664235433,30.796058273315417,6.762353992462158
Malaysia,MYS,93.11789,102.8762573242188,12.37913970947264,97.42223510742186,13.62847213745116,36.11253814697267,5.583518028259276,90.50510559082035,56.4076499938965
Maldives,MDV,,114.378601074219,11.8513339996338,96.5268020629883,,,4.72985200881958,,
Mali,MLI,32.330345,55.304647827148436,47.57825183868405,66.69345321655274,22.467679977416967,6.280800104141235,3.5690439701080345,35.0278582572937,15.350380182266225
Malta,MLT,93.30736,95.76008148193357,12.44317746162415,98.5413335164388,8.449806531270342,39.765609741210945,6.741701984405516,85.66079711914062,76.7008285522461
Marshall Islands,MHL,98.26508,104.43892669677714,,99.7081985473633,,42.8617515563965,,,
Mauritania,MRT,,68.46705627441406,38.204311370849595,70.69742279052733,,4.763651990890503,3.0901575088500977,21.94624519348145,8.835494995117191
Mauritius,MUS,90.83529333333333,97.08601074218748,20.83444786071778,96.03873748779294,14.74421195983884,35.90131301879884,3.392782020568846,,
Mexico,MEX,93.64441,95.96729125976567,28.01655006408692,96.76336669921874,17.78531036376954,27.18259353637694,5.0900919914245595,78.25764465332028,51.1059684753418
"Micronesia, Fed. Sts.",FSM,,,,,,,,,
Middle East & North Africa,MEA,80.7500152587891,92.61839599609375,20.1084819793701,94.98594055175782,15.32882404327392,32.2464626312256,,,
Middle East & North Africa (excluding high income),MNA,78.4388122558594,92.01900939941409,22.301491928100596,95.28005981445312,16.38929004669188,31.515715408325196,,,
Middle income,MIC,84.3886795043945,93.95556945800777,24.69512596130372,92.26432037353517,18.0744819641113,26.853039932250937,,,
Moldova,MDA,99.13831,91.71469116210935,15.719775962829601,90.36499633789063,10.161774063110368,39.45441284179684,8.882632493972777,85.23546447753907,60.075625610351565
Monaco,MCO,,,,,,,1.470970034599302,,
Mongolia,MNG,98.257,,29.25766792297364,97.00274353027342,14.4926204681396,56.391915893554675,4.796229998270671,,68.2617263793945
Montenegro,MNE,98.44221,84.38648223876955,,93.08190155029295,,53.19307899475095,,,
Morocco,MAR,64.19774,90.66044158935546,26.216221618652337,95.93954772949218,,17.181517982482898,5.26403999328613,52.46635055541993,29.2320467631022
Mozambique,MOZ,50.58381,52.00489959716798,56.99306945800778,86.00104370117187,35.840653228759734,4.716152095794676,6.2802200317382795,13.23109607696534,2.5864639997482297
Myanmar,MMR,,84.37700653076169,28.3176641464233,87.9141578674316,34.14815521240235,13.854389667511,,47.9652500152588,27.42267036437985
Namibia,NAM,88.27463,84.30269432067873,29.942480087280252,88.24345397949217,,,8.34961032867432,,
Nauru,NRU,,94.8837203979492,,76.71533203125,,,,77.0049591064453,58.9531707763672
Nepal,NPL,59.62725,102.12621688842799,29.601960372924804,99.1072883605957,31.46448402404784,14.261507749557499,3.8735039710998542,44.219400405883775,33.534200668335004
Netherlands,NLD,,,11.572230021158868,99.82705879211429,13.765484046936038,70.93505382537839,5.527105903625489,83.63022804260257,56.6709899902344
New Caledonia,NCL,,,,,,,,,
New Zealand,NZL,,,14.55853724479675,98.9499954223633,14.3838427066803,81.4771713256836,6.815595912933352,99.02238769531249,89.581298828125
Nicaragua,NIC,,85.3660736083984,30.2163791656494,98.410530090332,30.8304691314697,,4.48548984527588,43.9512214660645,23.8073902130127
Niger,NER,15.4567,44.34297256469724,38.30368423461916,58.356401824951206,30.761629740397137,1.5331649780273424,4.344358015060424,13.427639961242667,2.0402400493621853
Nigeria,NGA,,73.31135940551755,37.5531883239746,65.6777153015137,23.1970806121826,9.775189876556414,,,
North America,NAC,,,14.34450778961184,94.70181121826171,14.654899978637701,89.31271362304686,,,
Northern Mariana Islands,MNP,,,,,,,,,
Norway,NOR,,99.91733703613295,8.95777988433838,99.40130310058592,,73.60971221923828,7.008613967895505,99.32955322265624,90.8580322265625
OECD members,OED,,97.90338592529295,15.95671424865724,96.93342590332033,13.60412597656248,68.6802200317383,,,
Oman,OMN,86.939,101.00545120239263,,97.33963203430173,,,4.5740649700164795,87.90438461303714,81.472541809082
Pakistan,PAK,55.473036,69.68072204589843,40.77470932006836,72.21755371093752,22.82560062408445,8.974067568778988,2.34728593826294,46.56328010559083,27.591382026672374
Palau,PLW,99.50313,108.368202209473,,98.9193115234375,,61.8638000488281,,67.5370101928711,
Panama,PAN,94.09412,98.99987182617183,23.0107437133789,97.01135559082033,14.877133941650403,42.59523620605471,3.18772006034851,69.18030548095706,49.678800582885756
Papua New Guinea,PNG,,78.6113586425781,45.1745681762695,87.1588821411133,27.4098091125488,,,,
Paraguay,PRY,93.81258,91.25388717651364,24.159740447998,89.52141189575198,18.4041004180908,36.11240386962895,4.566819985707603,62.64054489135742,47.0422286987305
Peru,PER,93.84173,98.84393768310555,19.33495597839354,97.03416748046871,16.286226081848138,40.5127906799316,2.977432012557982,77.80824127197266,53.973039627075195
Philippines,PHL,96.398,96.4763641357424,31.3932704925537,94.00496673583984,30.9024238586426,30.8587615966797,2.65167999267578,60.8030776977539,30.7959098815918
Poland,POL,,95.98940086364745,9.899484252929685,96.78826751708985,9.635827827453614,72.23290252685548,4.920098018646242,92.08245697021485,85.9906005859375
Portugal,PRT,94.47705,,11.539031982421879,99.18684692382814,8.017593955993656,66.3334197998047,5.269532012939452,85.3309631347656,72.2851867675781
Puerto Rico,PRI,91.96523,,12.466450309753421,85.62743949890135,12.401792287826549,85.19735717773435,6.39076995849609,79.71029154459633,63.4092597961426
Qatar,QAT,96.314268,100.45762888590492,10.826713943481451,96.48116455078127,9.815737915039069,10.851765823364262,3.909085988998414,88.08395131429033,76.68477884928383
Romania,ROU,98.60429,94.79489707946775,16.71642231941225,93.01588630676268,12.679116058349619,61.70821304321288,3.3979474902153,90.43458862304688,80.5871200561523
Russian Federation,RUS,99.68427,98.41711616516105,19.1607297261556,97.08175659179685,8.614569664001465,76.51046180725092,3.86133003234863,,
Rwanda,RWA,67.09165,68.29368209838869,62.02146148681642,97.31414794921875,23.004215240478526,6.248404026031493,4.85727500915527,,
Samoa,WSM,98.97326,104.4275245666505,30.96364021301265,96.91278839111328,21.2768096923828,,,71.19527244567873,69.4411163330078
San Marino,SMR,,95.41760253906239,6.340497374534605,93.06769053141277,14.0927548408508,62.996289571126304,2.346549987792965,,
Sao Tome and Principe,STP,90.1431,94.40627479553235,28.998922348022475,94.76155344645184,19.7737102508545,5.4989400704701765,8.156027436256402,31.8754266103109,8.05718517303466
Saudi Arabia,SAU,94.42634,97.75447336832667,11.00550594329834,91.04951782226561,11.05607986450195,42.448234558105455,,69.9720993041992,56.817289352417
Senegal,SEN,48.18819666666667,58.12862014770506,33.03560943603517,71.10559539794922,27.3514804840088,8.915556144714353,6.397894191741942,,
Serbia,SRB,97.96241,98.78238677978509,15.762127876281738,96.05098724365232,9.408008003234855,52.08141403198242,4.563987374305725,97.60713348388671,85.64382476806642
Seychelles,SYC,93.95423,107.51071166992179,13.0624620437622,95.4365463256835,12.581237983703598,2.28763997554779,3.60644006729126,90.26690165201823,
Sierra Leone,SLE,32.42617,71.8030827840169,33.05219650268554,99.3236694335938,20.9545466105143,,2.6431120395660423,33.9224281311035,17.17006492614745
Singapore,SGP,96.24032,,17.4392890930176,,14.9102201461791,,3.050068044662474,,
Sint Maarten (Dutch part),SXM,,,11.2735795974731,,11.8293695449829,,,,
Slovak Republic,SVK,,97.43445739746092,15.204964065551717,,11.73042793273926,55.84889602661134,4.017000007629396,,
Slovenia,SVN,,97.40165710449212,16.90934410095214,97.47845458984378,9.404536883036291,86.12375946044922,5.568537998199462,95.59307861328126,94.3594436645508
Solomon Islands,SLB,,85.65298843383788,19.79485511779785,70.6607208251953,25.9560629526774,,9.487169742584246,24.1230869293213,
Somalia,SOM,,,,,,,,,
South Africa,ZAF,93.1509475,,32.76632843017578,,25.0475997924805,19.32843017578125,5.864302062988278,,
South Asia,SAS,66.6911773681641,89.2842788696289,36.1698944091797,92.52314758300778,26.287059783935536,18.345902442932122,,,
South Sudan,SSD,,25.574369430542,49.8998413085938,40.6473693847656,,,0.9920549988746654,,
Spain,ESP,97.837118,102.05754547119143,12.668665885925261,99.63703613281248,11.153934097290039,81.68628387451172,4.659289932250976,94.77783966064455,78.5413970947266
Sri Lanka,LKA,91.18136,97.6265014648438,23.861755752563482,95.09796142578125,17.26928520202635,16.922499895095825,1.7398060083389282,91.89519882202148,67.2890701293945
St. Kitts and Nevis,KNA,,91.52170104980469,14.21744594573974,86.36624603271484,9.748799896240236,,,86.61495666503905,70.92499351501465
St. Lucia,LCA,,,18.01043586730958,,14.746975898742681,14.10268211364748,4.189033937454224,82.41904449462892,67.1376152038574
St. Martin (French part),MAF,,,,,,,,,
St. Vincent and the Grenadines,VCT,,97.08295631408699,16.0685727596283,97.78268280029296,15.37361602783202,,5.3875050544738805,86.734001159668,52.526941935221366
Sub-Saharan Africa,SSF,60.8805465698242,67.94211120605468,42.37881088256836,76.68256378173825,25.61012802124024,8.029464054107667,,,
Sub-Saharan Africa (excluding high income),SSA,60.87575531005861,67.93945617675783,42.384538269042956,76.68143157958984,25.6142696380615,8.030080032348632,,,
Sudan,SDN,,57.5954704284668,,56.01388549804685,,15.2365556716919,2.22459006309509,22.40824508666995,
Suriname,SUR,93.772205,89.61086425781252,14.47369995117188,93.23727874755858,13.16252403259276,,,47.16918309529623,18.789336522420232
Swaziland,SWZ,83.09829,76.43997955322266,30.324024581909196,80.0120376586914,17.10679397583008,5.646255016326905,6.478916645050046,23.35174140930174,10.355002641677848
Sweden,SWE,,99.36020355224608,9.920034027099602,99.49147338867188,10.132114028930673,70.61802291870113,7.0690860748291,93.6660659790039,89.1798095703125
Switzerland,CHE,,96.39877014160156,10.6000399589539,99.25610046386717,9.3291597366333,53.79132003784177,5.024767971038818,93.47938842773438,74.5098037719727
Syrian Arab Republic,SYR,,100.97397918701186,,84.8922042846679,,28.52456741333004,5.13013982772827,77.52578506469727,29.60529403686524
Tajikistan,TJK,,99.37830924987782,23.48010597229002,98.08028869628906,16.5847527186076,22.47649421691894,4.014550089836122,93.72805786132811,57.060826619466134
Tanzania,TZA,72.95064500000001,85.13298797607419,48.36955547332762,85.29727427164714,26.3933601379395,3.2371199925740566,4.332504987716675,,
Thailand,THA,95.06649,,16.107786496480333,96.3403396606445,19.9069690704346,50.943408203125,4.174343967437746,91.08133697509768,
Timor-Leste,TLS,58.30898,84.60692901611326,30.44347381591797,95.56855010986325,23.63856506347655,17.37683486938475,8.688383960723883,33.17966003417968,21.61165199279786
Togo,TGO,58.75166,72.66223297119143,41.55890197753908,,26.2458400726318,10.07156729698182,4.48148412704468,,
Tonga,TON,99.38553,105.726894378662,24.090446090698237,97.2511329650879,14.426742792129499,,,85.08943176269531,
Trinidad and Tobago,TTO,,95.2993927001953,17.5794296264648,98.51639556884766,,,,,
Tunisia,TUN,79.66774666666667,94.9196980794271,17.20519599914552,99.4779769897461,13.589443524678535,34.83447036743164,6.344549973805743,,
Turkey,TUR,93.551964,99.88280105590829,19.98278999328615,94.85640106201176,19.0391206741333,62.244481658935555,4.4138200283050555,90.08228759765625,74.2807769775391
Turkmenistan,TKM,,,,,,,3.05590009689331,,
Turks and Caicos Islands,TCA,,,,,,,,,
Tuvalu,TUV,,,,,,,,,
Uganda,UGA,71.70505,59.42692642211912,48.005831909179676,92.71220207214358,,4.1476749777793875,2.51181000471115,20.14377975463865,
Ukraine,UKR,99.97435,101.83212890625002,15.929710197448738,96.25346374511719,,82.32967071533204,6.710120081901548,89.41577453613283,74.55837631225585
United Arab Emirates,ARE,,90.77989807128905,16.74398403167726,93.08454589843745,,,,,
United Kingdom,GBR,,,17.9000419616699,99.503955078125,15.8664798736572,58.459911346435526,5.580885052680969,95.90863647460938,88.7270889282227
United States,USA,,,14.124808120727518,94.54139556884769,14.3139238357544,92.55660095214844,5.205158042907712,87.64491424560546,77.4836883544922
Upper middle income,UMC,94.2689895629883,101.04227600097656,18.963191986084,95.684455871582,15.33289394378662,34.79244537353514,,,
Uruguay,URY,98.28713,104.437510172526,13.248156865437833,99.59420522054036,11.8725299835205,60.49754079182944,4.35693979263306,64.2544873555501,45.3927612304688
Uzbekistan,UZB,99.99486,96.36283264160156,16.2235019683838,95.3532730102539,12.61657199859618,8.993314170837401,,99.1904830932617,76.51373291015626
Vanuatu,VUT,,87.25481414794923,22.242589950561502,,,,5.01294994354248,49.7366905212402,28.5801792144775
"Venezuela, RB",VEN,95.141105,94.13681488037108,,93.57920837402344,,76.9795913696289,6.87723016738892,72.07224578857418,48.87163314819336
Vietnam,VNM,93.52045,101.2907206217448,19.467621994018536,98.47086944580079,,23.5262218475342,5.188805961608886,,
Virgin Islands (U.S.),VIR,,,,,,,,,
West Bank and Gaza,PSE,95.397908,91.87486114501951,25.88088035583494,90.29662475585936,21.271365737915062,47.5062088012695,1.5491200089454649,84.99391632080079,66.30792007446287
World,WLD,85.31385955810545,90.90682525634767,24.193025970459,90.89888458251954,17.145693969726562,30.668947601318383,,,
"Yemen, Rep.",YEM,,67.6330057779948,30.438786824544266,83.86102040608723,,10.559879938761414,,42.22660064697265,26.128403345743834
Zambia,ZMB,83.00767,88.04916954040529,51.504152297973604,89.36044464111326,,3.9939949512481645,,,
Zimbabwe,ZWE,83.58271,89.7372398376465,36.134645462036104,87.70671463012695,22.457719802856452,5.867444992065431,6.280636628468834,38.14934539794925,32.0711517333984
