university_id,university_name,country_name,country_code,country_name_canonical,qs_rank_2025,qs_overall_score,qs_academic_reputation_score,qs_employer_reputation_score,qs_faculty_student_score,qs_citations_per_faculty_score,qs_international_students_score,qs_international_faculty_score,qs_employment_outcomes_score,qs_sustainability_score,qs_present,the_rank_2024,the_overall_score_2024,the_teaching_score_2024,the_research_score_2024,the_citations_score_2024,the_industry_income_score_2024,the_international_outlook_score_2024,the_student_staff_ratio_2024,the_international_students_pct_2024,the_female_percentage_2024,the24_present,the_rank_2023,the_overall_score_2023,the_teaching_score_2023,the_research_score_2023,the_citations_score_2023,the_industry_income_score_2023,the_international_outlook_score_2023,the_student_staff_ratio_2023,the_international_students_pct_2023,the_female_percentage_2023,the23_present,worldbank_match_key,wb_country_code,wb_country_name,wb_long_name,wb_2alpha_code,wb_region,wb_income_group,worldbank_linked,wb_tertiary_enrollment_ratio_2015,wb_tertiary_graduation_ratio_2015,wb_female_tertiary_students_pct_2015,wb_tertiary_pupil_teacher_ratio_2015,wb_youth_literacy_15_24_pct_2015,wb_tertiary_graduates_2015,worldbank_education_2015_linked,rank_difference,absolute_rank_difference
U0002,imperial college london,United Kingdom,GB,united kingdom,2.0,98.5,98.5,99.5,98.2,93.9,99.6,100.0,93.4,99.7,True,8.0,95.1,90.9,95.5,98.6,90.9,98.3,11.8,61.0,42.0,True,10.0,90.4,82.8,90.8,98.3,59.8,97.5,11.2,61.0,40.0,True,united kingdom,GBR,United Kingdom,United Kingdom of Great Britain and Northern Ireland,GB,Europe & Central Asia,High income: OECD,True,,,,,,740276.0,True,-6.0,6.0
U0003,university of oxford,United Kingdom,GB,united kingdom,3.0,96.9,100.0,100.0,100.0,84.8,97.7,98.1,100.0,85.0,True,1.0,98.5,96.6,100.0,99.0,98.7,97.5,10.9,42.0,49.0,True,1.0,96.4,92.3,99.7,99.0,74.9,96.2,10.6,42.0,48.0,True,united kingdom,GBR,United Kingdom,United Kingdom of Great Britain and Northern Ireland,GB,Europe & Central Asia,High income: OECD,True,,,,,,740276.0,True,2.0,2.0
U0004,harvard university,United States,US,united states,4.0,96.8,100.0,100.0,96.3,100.0,69.0,74.1,100.0,84.4,True,4.0,97.8,97.7,99.9,99.4,84.2,90.8,9.0,25.0,51.0,True,2.0,95.2,94.8,99.0,99.3,49.5,80.5,9.6,25.0,50.0,True,united states,USA,United States,United States of America,US,North America,High income: OECD,True,85.7957763671875,,56.2370185852051,,,,True,0.0,0.0
U0005,university of cambridge,United Kingdom,GB,united kingdom,5.0,96.7,100.0,100.0,100.0,84.6,94.8,100.0,100.0,84.8,True,5.0,97.5,95.8,100.0,98.0,87.9,97.4,11.5,38.0,48.0,True,3.0,94.8,90.9,99.5,97.0,54.2,95.8,11.3,39.0,47.0,True,united kingdom,GBR,United Kingdom,United Kingdom of Great Britain and Northern Ireland,GB,Europe & Central Asia,High income: OECD,True,,,,,,740276.0,True,0.0,0.0
U0006,stanford university,United States,US,united states,6.0,96.1,100.0,100.0,100.0,99.0,60.8,70.3,100.0,81.2,True,2.0,98.0,99.0,97.8,99.6,100.0,87.0,6.4,23.0,47.0,True,3.0,94.8,94.2,96.7,99.8,65.0,79.8,7.1,24.0,46.0,True,united states,USA,United States,United States of America,US,North America,High income: OECD,True,85.7957763671875,,56.2370185852051,,,,True,4.0,4.0
U0009,ucl,United Kingdom,GB,united kingdom,9.0,91.6,99.5,98.3,95.9,72.2,100.0,99.0,70.3,74.8,True,22.0,88.1,78.4,86.4,98.6,75.2,97.9,11.3,61.0,59.0,True,22.0,85.7,74.5,85.4,97.9,44.5,96.7,10.3,60.0,59.0,True,united kingdom,GBR,United Kingdom,United Kingdom of Great Britain and Northern Ireland,GB,Europe & Central Asia,High income: OECD,True,,,,,,740276.0,True,-13.0,13.0
U0011,university of pennsylvania,United States,US,united states,11.0,90.3,96.3,91.9,99.8,74.0,66.2,90.9,100.0,93.0,True,16.0,91.0,87.7,89.7,97.6,97.7,78.8,6.2,22.0,54.0,True,14.0,88.8,86.0,88.8,97.0,75.8,71.5,6.3,23.0,53.0,True,united states,USA,United States,United States of America,US,North America,High income: OECD,True,85.7957763671875,,56.2370185852051,,,,True,-5.0,5.0
U0014,peking university,China (Mainland),CN,china,14.0,88.5,99.5,96.6,92.6,97.7,23.6,50.3,94.2,46.9,True,14.0,91.8,95.6,97.3,87.2,98.8,70.2,10.9,14.0,53.0,True,17.0,88.1,92.5,96.7,80.4,91.8,65.0,10.3,19.0,53.0,True,china,CHN,China,People's Republic of China,CN,East Asia & Pacific,Upper middle income,True,43.3917694091797,25.7051906585693,51.4681091308594,,,11923653.0,True,0.0,0.0
U0016,cornell university,United States,US,united states,16.0,87.9,98.3,93.1,52.7,97.5,63.4,54.2,97.1,72.1,True,20.0,89.5,85.7,88.7,97.6,69.4,86.0,10.0,24.0,51.0,True,20.0,85.9,80.2,86.1,97.3,40.4,76.9,10.3,26.0,51.0,True,united states,USA,United States,United States of America,US,North America,High income: OECD,True,85.7957763671875,,56.2370185852051,,,,True,-4.0,4.0
U0018,the university of sydney,Australia,AU,australia,18.0,87.3,96.4,90.0,10.9,93.7,100.0,99.9,93.1,99.6,True,60.0,73.8,52.6,68.9,92.0,97.7,90.2,23.1,51.0,58.0,True,54.0,70.9,53.1,65.8,88.5,73.2,90.6,19.0,45.0,58.0,True,australia,AUS,Australia,Commonwealth of Australia,AU,East Asia & Pacific,High income: OECD,True,,,,,,,False,-42.0,42.0
U0020,tsinghua university,China (Mainland),CN,china,20.0,86.5,99.2,97.7,95.0,99.1,13.4,18.1,92.3,40.4,True,12.0,92.4,95.3,98.1,93.2,99.9,51.7,11.2,10.0,53.0,True,16.0,88.2,90.1,97.4,88.0,100.0,40.3,11.6,10.0,53.0,True,china,CHN,China,People's Republic of China,CN,East Asia & Pacific,Upper middle income,True,43.3917694091797,25.7051906585693,51.4681091308594,,,11923653.0,True,8.0,8.0
U0022,princeton university,United States,US,united states,22.0,85.5,99.8,98.3,57.0,100.0,56.6,9.6,95.7,51.5,True,6.0,96.9,96.3,97.9,98.8,95.1,89.1,7.3,23.0,47.0,True,7.0,92.4,87.6,95.9,99.1,66.0,80.3,8.0,23.0,46.0,True,united states,USA,United States,United States of America,US,North America,High income: OECD,True,85.7957763671875,,56.2370185852051,,,,True,16.0,16.0
U0023,yale university,United States,US,united states,23.0,85.2,99.9,99.9,100.0,38.6,63.3,91.5,98.5,92.2,True,10.0,94.2,94.0,94.9,97.7,86.5,82.4,5.2,21.0,51.0,True,9.0,91.4,92.6,92.7,97.0,55.0,70.9,5.9,21.0,52.0,True,united states,USA,United States,United States of America,US,North America,High income: OECD,True,85.7957763671875,,56.2370185852051,,,,True,13.0,13.0
U0025,university of toronto,Canada,CA,canada,25.0,84.1,99.7,96.9,44.9,50.8,96.1,96.9,98.7,100.0,True,21.0,88.6,77.5,94.1,92.8,96.1,90.7,25.8,27.0,56.0,True,18.0,87.4,77.3,93.3,92.8,65.5,89.7,25.8,26.0,56.0,True,canada,CAN,Canada,Canada,CA,North America,High income: OECD,True,,,,,,,False,4.0,4.0
U0029,mcgill university,Canada,CA,canada,29.0,83.0,94.3,87.6,62.3,57.9,89.6,83.7,98.3,99.1,True,49.0,76.0,62.3,72.3,88.8,76.1,92.5,11.9,29.0,61.0,True,46.0,73.0,62.0,72.4,82.5,43.5,91.0,12.5,30.0,60.0,True,canada,CAN,Canada,Canada,CA,North America,High income: OECD,True,,,,,,,False,-20.0,20.0
U0031,seoul national university,South Korea,KR,south korea,31.0,82.3,98.5,98.6,83.1,71.7,16.9,10.5,100.0,96.0,True,62.0,73.4,74.2,75.3,74.6,100.0,43.7,16.1,13.0,53.0,True,56.0,70.8,75.2,76.2,67.6,96.6,35.9,15.1,10.0,53.0,True,korea,KOR,Korea,Republic of Korea,KR,East Asia & Pacific,High income: OECD,True,93.1791381835938,,40.7566299438477,,,,True,-31.0,31.0
U0032,johns hopkins university,United States,US,united states,32.0,82.1,86.0,62.6,100.0,84.2,95.8,63.7,71.5,61.9,True,15.0,91.1,84.4,92.3,97.2,100.0,84.2,4.1,28.0,56.0,True,15.0,88.3,79.4,91.5,97.0,89.5,75.3,4.7,29.0,53.0,True,united states,USA,United States,United States of America,US,North America,High income: OECD,True,85.7957763671875,,56.2370185852051,,,,True,17.0,17.0
U0033,the university of tokyo,Japan,JP,japan,32.0,82.1,100.0,99.8,89.3,57.3,29.7,10.1,99.9,98.3,True,29.0,83.1,93.9,94.2,67.8,100.0,49.7,10.3,15.0,53.0,True,39.0,75.9,88.1,91.4,55.5,86.7,43.3,10.5,15.0,53.0,True,japan,JPN,Japan,Japan,JP,East Asia & Pacific,High income: OECD,True,,,,,,,False,3.0,3.0
U0034,columbia university,United States,US,united states,34.0,82.0,99.6,98.8,100.0,31.7,97.0,41.5,99.9,71.8,True,17.0,90.9,88.6,89.7,97.4,75.2,86.9,5.2,35.0,53.0,True,11.0,89.4,89.4,87.7,97.1,44.8,79.9,4.5,38.0,53.0,True,united states,USA,United States,United States of America,US,North America,High income: OECD,True,85.7957763671875,,56.2370185852051,,,,True,17.0,17.0
U0037,monash university,Australia,AU,australia,37.0,81.2,89.2,79.6,9.4,87.6,100.0,100.0,79.4,98.2,True,54.0,75.2,55.3,67.8,94.7,99.7,91.1,43.1,38.0,56.0,True,44.0,73.6,56.9,68.7,90.4,78.4,91.0,42.5,41.0,57.0,True,australia,AUS,Australia,Commonwealth of Australia,AU,East Asia & Pacific,High income: OECD,True,,,,,,,False,-17.0,17.0
U0038,university of british columbia,Canada,CA,canada,38.0,81.0,98.3,94.3,34.5,57.7,72.8,95.5,74.6,99.8,True,41.0,78.0,62.5,76.6,90.5,76.7,95.0,19.4,34.0,55.0,True,40.0,75.7,62.9,73.1,88.8,47.9,94.8,18.9,34.0,55.0,True,canada,CAN,Canada,Canada,CA,North America,High income: OECD,True,,,,,,,False,-3.0,3.0
U0039,fudan university,China (Mainland),CN,china,39.0,80.3,85.7,87.8,79.7,80.7,35.1,88.4,64.4,82.7,True,44.0,77.5,76.5,75.3,83.5,96.0,56.1,12.6,9.0,52.0,True,51.0,72.0,71.8,75.8,74.5,77.3,45.2,11.9,9.0,52.0,True,china,CHN,China,People's Republic of China,CN,East Asia & Pacific,Upper middle income,True,43.3917694091797,25.7051906585693,51.4681091308594,,,11923653.0,True,-5.0,5.0
U0041,the university of queensland,Australia,AU,australia,40.0,80.2,86.7,74.0,21.2,90.2,100.0,100.0,56.7,96.7,True,70.0,72.0,52.9,64.3,89.1,99.8,94.0,39.1,42.0,55.0,True,53.0,71.1,55.9,66.5,84.3,82.0,93.2,34.2,41.0,55.0,True,australia,AUS,Australia,Commonwealth of Australia,AU,East Asia & Pacific,High income: OECD,True,,,,,,,False,-30.0,30.0
U0044,university of michigan-ann arbor,United States,US,united states,44.0,79.0,97.9,92.1,80.3,47.6,39.2,65.5,94.5,62.2,True,23.0,87.4,84.7,87.4,95.5,80.7,69.0,8.1,16.0,51.0,True,23.0,82.9,79.3,84.6,93.6,48.7,59.2,8.2,17.0,50.0,True,united states,USA,United States,United States of America,US,North America,High income: OECD,True,85.7957763671875,,56.2370185852051,,,,True,21.0,21.0
U0045,shanghai jiao tong university,China (Mainland),CN,china,45.0,77.8,84.0,86.3,58.6,99.6,19.6,23.1,73.5,80.3,True,43.0,77.7,76.6,82.5,75.4,100.0,60.6,12.6,9.0,37.0,True,52.0,71.2,75.3,82.9,59.9,100.0,43.7,11.5,8.0,42.0,True,china,CHN,China,People's Republic of China,CN,East Asia & Pacific,Upper middle income,True,43.3917694091797,25.7051906585693,51.4681091308594,,,11923653.0,True,2.0,2.0
U0046,institut polytechnique de paris,France,FR,france,46.0,77.5,44.7,99.6,95.9,86.1,98.0,99.1,97.7,54.8,True,71.0,71.3,71.0,61.6,70.8,98.8,97.1,6.8,42.0,25.0,True,95.0,63.6,58.5,58.8,64.8,72.7,95.6,6.7,41.0,24.0,True,france,FRA,France,French Republic,FR,Europe & Central Asia,High income: OECD,True,,47.0227584838867,,,,752068.0,True,-25.0,25.0
U0049,delft university of technology,Netherlands,NL,netherlands,49.0,77.0,74.4,83.0,39.4,79.7,91.4,100.0,54.8,99.1,True,48.0,76.3,66.7,78.2,76.5,100.0,92.8,15.9,30.0,31.0,True,70.0,67.7,58.8,76.4,59.1,93.4,94.2,16.1,31.0,31.0,True,netherlands,NLD,Netherlands,Kingdom of the Netherlands,NL,Europe & Central Asia,High income: OECD,True,,48.2467498779297,52.307559967041,13.4636602401733,,,True,1.0,1.0
U0051,northwestern university,United States,US,united states,50.0,76.0,84.0,68.0,97.6,67.7,52.0,45.4,96.8,55.4,True,28.0,83.2,72.3,78.8,97.8,99.7,75.9,13.1,18.0,52.0,True,26.0,82.1,71.7,80.7,97.5,85.0,67.0,13.2,20.0,51.0,True,united states,USA,United States,United States of America,US,North America,High income: OECD,True,85.7957763671875,,56.2370185852051,,,,True,22.0,22.0
U0054,university of bristol,United Kingdom,GB,united kingdom,54.0,75.4,75.8,82.5,36.7,75.9,89.8,87.5,51.2,98.9,True,81.0,69.8,48.7,56.5,97.3,72.3,92.5,14.8,31.0,55.0,True,76.0,66.5,43.8,53.4,98.6,43.5,89.4,14.6,31.0,56.0,True,united kingdom,GBR,United Kingdom,United Kingdom of Great Britain and Northern Ireland,GB,Europe & Central Asia,High income: OECD,True,,,,,,740276.0,True,-27.0,27.0
U0055,university of amsterdam,Netherlands,NL,netherlands,55.0,73.7,83.8,52.1,21.4,92.2,87.5,96.0,79.8,38.2,True,61.0,73.6,55.0,63.1,96.7,77.6,93.2,13.2,36.0,60.0,True,60.0,69.6,48.0,64.1,93.3,44.4,91.9,14.5,32.0,59.0,True,netherlands,NLD,Netherlands,Kingdom of the Netherlands,NL,Europe & Central Asia,High income: OECD,True,,48.2467498779297,52.307559967041,13.4636602401733,,,True,-6.0,6.0
U0058,carnegie mellon university,United States,US,united states,58.0,72.0,69.8,80.1,40.9,98.9,99.1,33.7,61.5,24.5,True,24.0,86.3,75.0,84.6,98.9,87.3,85.5,11.9,44.0,44.0,True,28.0,81.1,65.4,81.8,98.7,55.2,80.1,12.9,47.0,44.0,True,united states,USA,United States,United States of America,US,North America,High income: OECD,True,85.7957763671875,,56.2370185852051,,,,True,34.0,34.0
U0061,duke university,United States,US,united states,61.0,70.8,86.0,74.7,100.0,35.1,61.0,16.3,85.5,75.0,True,26.0,83.9,79.3,76.1,96.2,100.0,74.8,3.9,18.0,52.0,True,25.0,82.6,78.1,76.2,95.7,99.6,68.0,4.2,24.0,52.0,True,united states,USA,United States,United States of America,US,North America,High income: OECD,True,85.7957763671875,,56.2370185852051,,,,True,35.0,35.0
U0062,city university of hong kong,Hong Kong SAR,HK,hong kong,62.0,70.7,60.9,30.8,89.5,100.0,100.0,100.0,37.5,72.9,True,82.0,69.3,52.2,52.4,91.1,100.0,98.7,13.2,67.0,54.0,True,99.0,63.4,47.2,53.0,79.9,76.6,99.6,12.1,62.0,54.0,True,"hong kong sar, china",HKG,"Hong Kong SAR, China",Hong Kong Special Administrative Region of the People's Republic of China,HK,East Asia & Pacific,High income: nonOECD,True,68.475456237793,,52.449649810791,,,,True,-20.0,20.0
U0063,ku leuven,Belgium,BE,belgium,63.0,70.3,84.6,49.6,7.1,91.0,47.7,93.8,75.3,51.2,True,45.0,77.0,60.1,74.9,91.9,100.0,79.6,37.3,19.0,52.0,True,42.0,74.6,59.7,74.9,86.7,99.2,76.8,36.5,18.0,51.0,True,belgium,BEL,Belgium,Kingdom of Belgium,BE,Europe & Central Asia,High income: OECD,True,75.0368270874023,,55.8789100646973,,,,True,18.0,18.0
U0064,sorbonne university,France,FR,france,63.0,70.3,87.2,52.0,43.0,72.3,46.7,33.8,79.7,87.6,True,75.0,70.5,64.7,60.8,83.7,69.5,78.8,14.5,22.0,60.0,True,90.0,64.5,58.7,58.3,76.6,40.0,72.3,13.9,21.0,59.0,True,france,FRA,France,French Republic,FR,Europe & Central Asia,High income: OECD,True,,47.0227584838867,,,,752068.0,True,-12.0,12.0
U0066,university of texas at austin,United States,US,united states,66.0,69.5,93.5,86.6,8.1,76.7,11.7,6.1,81.7,52.1,True,52.0,75.5,66.0,75.7,91.0,81.4,47.3,16.4,8.0,55.0,True,50.0,72.3,66.2,73.1,87.5,51.3,40.1,17.4,10.0,53.0,True,united states,USA,United States,United States of America,US,North America,High income: OECD,True,85.7957763671875,,56.2370185852051,,,,True,14.0,14.0
U0070,university of illinois at urbana-champaign,United States,US,united states,69.0,68.2,83.9,75.7,6.4,77.5,56.3,14.0,81.7,65.0,True,42.0,77.9,69.5,81.5,85.2,85.3,64.0,19.6,23.0,51.0,True,48.0,72.7,67.1,78.9,78.1,50.1,56.2,17.4,22.0,48.0,True,united states,USA,United States,United States of America,US,North America,High income: OECD,True,85.7957763671875,,56.2370185852051,,,,True,27.0,27.0
U0073,université paris-saclay,France,FR,france,73.0,67.0,60.7,99.1,99.8,35.0,58.6,35.7,70.8,72.6,True,58.0,74.4,70.9,66.1,82.4,92.4,78.6,13.0,24.0,50.0,True,93.0,63.9,56.7,55.2,79.1,54.6,69.7,14.9,19.0,49.0,True,france,FRA,France,French Republic,FR,Europe & Central Asia,High income: OECD,True,,47.0227584838867,,,,752068.0,True,15.0,15.0
U0076,university of washington,United States,US,united states,76.0,65.3,81.9,55.5,28.6,78.8,32.8,11.0,68.7,66.5,True,25.0,85.3,78.0,83.5,98.2,77.6,73.2,10.1,16.0,56.0,True,26.0,82.1,71.6,82.8,98.9,53.9,63.0,10.8,18.0,55.0,True,united states,USA,United States,United States of America,US,North America,High income: OECD,True,85.7957763671875,,56.2370185852051,,,,True,51.0,51.0
U0080,university of birmingham,United Kingdom,GB,united kingdom,80.0,64.1,68.9,69.0,39.0,40.5,89.3,92.6,44.5,96.8,True,101.0,66.6,46.1,49.3,95.5,72.1,95.1,15.2,32.0,58.0,True,108.0,62.6,40.5,46.2,95.2,42.3,92.2,15.0,34.0,58.0,True,united kingdom,GBR,United Kingdom,United Kingdom of Great Britain and Northern Ireland,GB,Europe & Central Asia,High income: OECD,True,,,,,,740276.0,True,-21.0,21.0
U0083,university of leeds,United Kingdom,GB,united kingdom,82.0,63.8,70.5,75.9,36.4,39.8,88.5,82.5,50.9,71.8,True,129.0,63.9,46.1,49.1,87.3,68.8,94.6,14.4,32.0,59.0,True,128.0,59.8,46.0,47.8,79.3,40.5,91.8,14.6,36.0,60.0,True,united kingdom,GBR,United Kingdom,United Kingdom of Great Britain and Northern Ireland,GB,Europe & Central Asia,High income: OECD,True,,,,,,740276.0,True,-47.0,47.0
U0088,university of technology sydney,Australia,AU,australia,88.0,62.4,43.9,55.0,9.8,97.7,86.0,96.6,40.2,96.3,True,148.0,62.3,36.2,43.3,95.9,78.9,94.3,37.4,25.0,50.0,True,133.0,59.3,36.9,42.1,90.5,49.7,96.0,35.1,31.0,50.0,True,australia,AUS,Australia,Commonwealth of Australia,AU,East Asia & Pacific,High income: OECD,True,,,,,,,False,-60.0,60.0
U0089,durham university,United Kingdom,GB,united kingdom,89.0,61.7,59.6,83.9,26.3,40.9,84.9,97.3,39.4,98.6,True,174.0,60.6,43.5,44.5,83.5,65.6,95.8,14.0,32.0,54.0,True,198.0,54.4,40.0,44.6,70.0,39.4,94.3,14.1,35.0,54.0,True,united kingdom,GBR,United Kingdom,United Kingdom of Great Britain and Northern Ireland,GB,Europe & Central Asia,High income: OECD,True,,,,,,740276.0,True,-85.0,85.0
U0098,pohang university of science and technology (postech),South Korea,KR,south korea,98.0,60.3,45.9,80.0,99.9,96.9,2.7,27.6,11.0,36.6,True,149.0,62.2,58.1,51.5,77.2,100.0,40.0,10.5,5.0,53.0,True,163.0,56.9,54.7,51.4,67.7,96.2,31.8,10.0,3.0,53.0,True,korea,KOR,Korea,Republic of Korea,KR,East Asia & Pacific,High income: OECD,True,93.1791381835938,,40.7566299438477,,,,True,-51.0,51.0
U0099,rwth aachen university,Germany,DE,germany,99.0,59.9,46.6,93.7,6.3,71.9,85.5,48.6,33.4,84.8,True,90.0,68.0,54.9,64.8,78.9,100.0,71.2,43.3,29.0,34.0,True,99.0,63.4,56.8,64.5,66.1,93.8,65.1,50.0,28.0,33.0,True,germany,DEU,Germany,Federal Republic of Germany,DE,Europe & Central Asia,High income: OECD,True,68.2655868530273,,47.9433212280273,7.51541996002197,,,True,9.0,9.0
U0109,technical university of denmark,Denmark,DK,denmark,109.0,58.3,33.2,22.1,99.1,84.4,87.7,100.0,43.6,47.9,True,126.0,64.6,50.7,47.4,83.2,99.7,92.2,7.7,28.0,32.0,True,166.0,56.8,40.4,44.9,73.2,86.0,94.0,6.9,26.0,32.0,True,denmark,DNK,Denmark,Kingdom of Denmark,DK,Europe & Central Asia,High income: OECD,True,82.7869720458984,,57.0733299255371,8.46296977996826,,74428.0,True,-17.0,17.0
U0110,university of zurich,Switzerland,CH,switzerland,109.0,58.3,59.9,26.4,92.2,40.1,42.8,100.0,88.6,58.7,True,80.0,69.9,54.8,53.4,91.8,93.7,92.4,14.7,24.0,58.0,True,82.0,65.3,51.5,50.7,87.5,57.6,93.0,13.7,22.0,56.0,True,switzerland,CHE,Switzerland,Switzerland,CH,Europe & Central Asia,High income: OECD,True,57.672191619873,51.3324813842773,49.8023414611816,,,86178.0,True,29.0,29.0
U0112,boston university,United States,US,united states,108.0,58.6,61.9,69.1,38.3,41.3,88.9,34.3,77.2,65.9,True,78.0,70.1,59.6,54.1,94.3,76.4,74.1,10.8,29.0,58.0,True,71.0,67.5,55.9,56.1,92.9,41.1,65.9,10.8,31.0,59.0,True,united states,USA,United States,United States of America,US,North America,High income: OECD,True,85.7957763671875,,56.2370185852051,,,,True,30.0,30.0
U0114,georgia institute of technology,United States,US,united states,114.0,57.3,67.1,82.6,20.3,52.8,66.4,21.3,43.1,39.5,True,36.0,80.0,63.4,78.9,94.1,94.6,84.8,28.0,29.0,34.0,True,38.0,76.0,60.2,75.9,91.4,64.9,81.2,24.7,40.0,33.0,True,united states,USA,United States,United States of America,US,North America,High income: OECD,True,85.7957763671875,,56.2370185852051,,,,True,78.0,78.0
U0116,university of wisconsin-madison,United States,US,united states,116.0,57.1,77.7,47.8,74.3,23.7,23.6,35.3,81.6,59.6,True,63.0,73.3,68.5,67.5,85.5,79.8,62.8,9.9,13.0,53.0,True,81.0,65.5,59.7,62.9,78.7,48.4,51.8,10.0,14.0,53.0,True,united states,USA,United States,United States of America,US,North America,High income: OECD,True,85.7957763671875,,56.2370185852051,,,,True,53.0,53.0
U0117,university of helsinki,Finland,FI,finland,117.0,56.8,62.3,29.1,59.4,49.6,5.7,73.4,90.5,94.5,True,121.0,65.1,48.1,57.6,90.6,69.2,56.7,15.9,5.0,67.0,True,110.0,62.5,45.9,58.5,86.6,39.1,57.0,15.8,5.0,67.0,True,finland,FIN,Finland,Republic of Finland,FI,Europe & Central Asia,High income: OECD,True,87.2897033691406,53.0008697509766,53.594970703125,,,56829.0,True,-4.0,4.0
U0119,university of oslo,Norway,NO,norway,119.0,56.1,55.6,16.0,73.8,55.7,31.7,91.6,80.9,72.1,True,127.0,64.3,45.6,50.6,92.1,72.3,75.6,12.5,15.0,66.0,True,126.0,60.2,40.1,48.5,89.0,44.5,77.0,13.3,15.0,66.0,True,norway,NOR,Norway,Kingdom of Norway,NO,Europe & Central Asia,High income: OECD,True,76.6963806152344,47.5122604370117,57.8713912963867,9.92749977111816,,48212.0,True,-8.0,8.0
U0120,queen mary university of london,United Kingdom,GB,united kingdom,120.0,55.8,48.3,36.9,30.4,62.8,99.2,99.5,21.4,95.6,True,135.0,63.1,37.6,42.6,97.9,73.9,98.1,14.6,45.0,54.0,True,124.0,60.4,34.3,41.3,97.7,44.0,97.1,13.1,46.0,55.0,True,united kingdom,GBR,United Kingdom,United Kingdom of Great Britain and Northern Ireland,GB,Europe & Central Asia,High income: OECD,True,,,,,,740276.0,True,-15.0,15.0
U0125,university of southern california,United States,US,united states,125.0,55.2,50.4,54.5,17.3,58.0,74.1,26.0,92.6,97.7,True,74.0,70.8,59.2,58.8,92.5,74.4,74.3,14.2,24.0,49.0,True,65.0,68.3,58.9,58.6,90.4,43.8,63.7,12.6,22.0,49.0,True,united states,USA,United States,United States of America,US,North America,High income: OECD,True,85.7957763671875,,56.2370185852051,,,,True,51.0,51.0
U0130,"university of california, davis",United States,US,united states,130.0,54.4,63.0,48.0,23.5,52.5,51.3,72.7,22.8,76.1,True,59.0,74.1,63.7,67.8,87.2,91.5,78.7,13.3,18.0,60.0,True,63.0,68.5,59.7,66.3,80.9,52.4,68.7,13.1,18.0,60.0,True,united states,USA,United States,United States of America,US,North America,High income: OECD,True,85.7957763671875,,56.2370185852051,,,,True,71.0,71.0
U0132,sapienza university of rome,Italy,IT,italy,132.0,54.2,80.7,48.5,5.0,45.3,8.0,3.1,88.0,72.3,True,181.0,60.0,53.5,48.1,77.9,85.4,46.5,22.2,9.0,61.0,True,201.0,52.75,52.4,44.9,67.7,53.0,43.5,28.2,10.0,60.0,True,italy,ITA,Italy,Italian Republic,IT,Europe & Central Asia,High income: OECD,True,62.4960708618164,,56.3315086364746,20.300500869751,,,True,-49.0,49.0
U0134,macquarie university,Australia,AU,australia,133.0,54.1,33.4,39.2,9.1,79.6,91.6,99.9,54.1,95.0,True,180.0,60.1,36.7,44.2,87.4,90.9,88.6,51.7,22.0,53.0,True,175.0,56.2,38.7,44.6,76.1,64.9,89.8,69.0,27.0,52.0,True,australia,AUS,Australia,Commonwealth of Australia,AU,East Asia & Pacific,High income: OECD,True,,,,,,,False,-47.0,47.0
U0135,university of science and technology of china,China (Mainland),CN,china,133.0,54.1,50.0,23.7,94.7,97.7,5.1,11.6,31.9,11.9,True,57.0,74.8,74.3,66.3,88.2,95.6,45.4,8.1,5.0,53.0,True,74.0,67.1,65.0,64.9,78.8,69.4,36.9,8.1,6.0,53.0,True,china,CHN,China,People's Republic of China,CN,East Asia & Pacific,Upper middle income,True,43.3917694091797,25.7051906585693,51.4681091308594,,,11923653.0,True,76.0,76.0
U0139,chalmers university of technology,Sweden,SE,sweden,139.0,53.7,26.3,50.4,50.5,77.4,63.1,100.0,31.7,87.0,True,189.0,59.4,42.7,46.6,79.4,97.1,74.1,15.4,17.0,32.0,True,251.0,50.0,34.9,44.5,64.4,66.0,77.4,13.8,19.0,32.0,True,sweden,SWE,Sweden,Kingdom of Sweden,SE,Europe & Central Asia,High income: OECD,True,62.3007698059082,,59.1986618041992,12.5553598403931,,,True,-50.0,50.0
U0142,leiden university,Netherlands,NL,netherlands,141.0,53.6,68.4,32.9,21.3,54.5,51.7,85.0,48.8,25.5,True,77.0,70.2,46.0,62.7,93.0,98.1,87.8,19.3,21.0,60.0,True,77.0,66.4,43.2,64.4,86.6,68.4,85.4,19.3,20.0,60.0,True,netherlands,NLD,Netherlands,Kingdom of the Netherlands,NL,Europe & Central Asia,High income: OECD,True,,48.2467498779297,52.307559967041,13.4636602401733,,,True,64.0,64.0
U0145,nanjing university,China (Mainland),CN,china,145.0,53.0,57.1,32.5,35.6,93.0,7.6,61.9,29.0,16.5,True,73.0,70.9,64.0,61.7,85.3,96.8,61.8,16.7,8.0,54.0,True,95.0,63.6,58.4,58.2,74.3,87.3,55.2,16.5,8.0,54.0,True,china,CHN,China,People's Republic of China,CN,East Asia & Pacific,Upper middle income,True,43.3917694091797,25.7051906585693,51.4681091308594,,,11923653.0,True,72.0,72.0
U0154,texas a&m university,United States,US,united states,154.0,51.8,61.2,66.0,4.4,64.3,12.1,21.9,44.4,39.5,True,118.0,65.3,55.2,62.1,77.3,76.4,64.1,20.5,6.0,47.0,True,181.0,55.8,50.2,54.8,63.2,45.1,56.0,21.3,8.0,47.0,True,united states,USA,United States,United States of America,US,North America,High income: OECD,True,85.7957763671875,,56.2370185852051,,,,True,36.0,36.0
U0155,university of geneva,Switzerland,CH,switzerland,155.0,51.6,45.5,17.2,40.4,62.4,97.6,100.0,49.5,42.3,True,183.0,59.8,41.8,38.0,86.7,80.7,97.1,8.4,40.0,62.0,True,201.0,52.75,34.7,35.4,81.8,48.2,98.6,8.7,40.0,62.0,True,switzerland,CHE,Switzerland,Switzerland,CH,Europe & Central Asia,High income: OECD,True,57.672191619873,51.3324813842773,49.8023414611816,,,86178.0,True,-28.0,28.0
U0160,university of groningen,Netherlands,NL,netherlands,159.0,51.3,52.3,34.4,49.3,41.2,83.5,93.2,40.0,40.1,True,79.0,70.0,47.5,57.2,94.5,99.9,93.4,28.8,29.0,53.0,True,75.0,66.6,45.4,57.6,90.4,75.8,89.8,24.4,28.0,52.0,True,netherlands,NLD,Netherlands,Kingdom of the Netherlands,NL,Europe & Central Asia,High income: OECD,True,,48.2467498779297,52.307559967041,13.4636602401733,,,True,80.0,80.0
U0169,ghent university,Belgium,BE,belgium,169.0,50.1,53.2,24.8,78.5,21.5,21.4,79.7,72.9,98.3,True,115.0,65.6,47.2,59.3,85.3,99.7,65.7,37.6,12.0,57.0,True,107.0,62.7,48.6,60.1,77.8,80.0,63.9,35.6,12.0,57.0,True,belgium,BEL,Belgium,Kingdom of Belgium,BE,Europe & Central Asia,High income: OECD,True,75.0368270874023,,55.8789100646973,,,,True,54.0,54.0
U0171,university of cape town,South Africa,ZA,south africa,171.0,50.0,45.2,51.8,13.8,46.8,19.2,56.5,95.8,95.6,True,167.0,60.9,38.7,47.0,88.3,78.2,82.9,13.6,13.0,54.0,True,160.0,57.2,33.9,43.8,88.7,53.3,78.8,12.8,15.0,54.0,True,south africa,ZAF,South Africa,Republic of South Africa,ZA,Sub-Saharan Africa,Upper middle income,True,,,,,98.95578,,True,4.0,4.0
U0184,university of york,United Kingdom,GB,united kingdom,184.0,48.2,42.9,30.1,43.0,40.1,75.6,87.8,23.5,97.4,True,147.0,62.4,42.4,44.8,90.8,66.9,93.1,16.1,31.0,56.0,True,139.0,58.4,39.3,44.0,85.9,38.4,88.7,14.4,28.0,56.0,True,united kingdom,GBR,United Kingdom,United Kingdom of Great Britain and Northern Ireland,GB,Europe & Central Asia,High income: OECD,True,,,,,,740276.0,True,37.0,37.0
U0186,cardiff university,United Kingdom,GB,united kingdom,186.0,47.6,46.8,43.2,36.1,30.0,67.7,82.8,18.9,96.0,True,190.0,59.3,35.5,39.6,91.9,70.4,92.5,15.0,27.0,58.0,True,187.0,55.2,31.1,38.9,88.5,41.5,88.3,14.3,28.0,59.0,True,united kingdom,GBR,United Kingdom,United Kingdom of Great Britain and Northern Ireland,GB,Europe & Central Asia,High income: OECD,True,,,,,,740276.0,True,-4.0,4.0
U0216,university of florida,United States,US,united states,215.0,44.2,46.7,42.3,62.9,32.1,10.3,17.8,44.5,60.6,True,132.0,63.7,55.5,56.7,78.3,88.9,50.9,16.7,9.0,56.0,True,151.0,57.7,55.0,58.7,64.2,51.4,41.4,16.1,8.0,56.0,True,united states,USA,United States,United States of America,US,North America,High income: OECD,True,85.7957763671875,,56.2370185852051,,,,True,83.0,83.0
U0218,"university of maryland, college park",United States,US,united states,218.0,44.0,48.6,29.4,32.5,55.0,16.2,20.9,41.2,54.4,True,114.0,65.7,49.4,58.1,92.8,70.2,48.6,17.0,9.0,49.0,True,104.0,62.9,48.1,57.7,89.7,40.0,42.6,16.5,11.0,49.0,True,united states,USA,United States,United States of America,US,North America,High income: OECD,True,85.7957763671875,,56.2370185852051,,,,True,104.0,104.0
U0221,vrije universiteit amsterdam,Netherlands,NL,netherlands,221.0,43.8,39.4,17.8,21.3,63.7,47.4,67.3,45.1,50.8,True,125.0,64.7,40.4,51.0,93.4,91.5,84.3,19.2,18.0,57.0,True,121.0,60.9,38.4,52.2,87.5,59.1,79.4,19.8,16.0,56.0,True,netherlands,NLD,Netherlands,Kingdom of the Netherlands,NL,Europe & Central Asia,High income: OECD,True,,48.2467498779297,52.307559967041,13.4636602401733,,,True,96.0,96.0
U0233,university of twente,Netherlands,NL,netherlands,233.0,42.7,20.7,32.0,43.3,61.3,90.4,100.0,20.0,13.8,True,184.0,59.7,43.4,46.0,75.1,99.6,93.3,13.9,38.0,37.0,True,251.0,50.0,34.3,46.4,57.2,80.5,94.5,14.7,37.0,37.0,True,netherlands,NLD,Netherlands,Kingdom of the Netherlands,NL,Europe & Central Asia,High income: OECD,True,,48.2467498779297,52.307559967041,13.4636602401733,,,True,49.0,49.0
U0238,university of rochester,United States,US,united states,236.0,42.3,22.6,20.8,99.1,33.6,93.8,63.9,40.4,63.7,True,133.0,63.6,50.8,42.9,88.3,89.0,81.7,7.3,34.0,50.0,True,154.0,57.6,42.0,40.5,87.0,49.3,73.8,7.7,36.0,50.0,True,united states,USA,United States,United States of America,US,North America,High income: OECD,True,85.7957763671875,,56.2370185852051,,,,True,103.0,103.0
U0287,university of cologne,Germany,DE,germany,285.0,37.2,35.2,30.4,15.7,29.3,30.1,35.9,56.8,91.9,True,160.0,61.5,42.9,47.1,85.6,98.8,73.3,28.7,17.0,53.0,True,146.0,58.0,44.5,46.5,80.0,77.3,64.4,30.4,16.0,53.0,True,germany,DEU,Germany,Federal Republic of Germany,DE,Europe & Central Asia,High income: OECD,True,68.2655868530273,,47.9433212280273,7.51541996002197,,,True,125.0,125.0
