university_id,year,global_rank,overall_score,academic_reputation,employer_reputation
U01330,2025,1,100.0,100.0,100.0
U00871,2025,2,98.5,98.5,99.5
U03171,2025,3,96.9,100.0,100.0
U00790,2025,4,96.8,100.0,100.0
U02820,2025,5,96.7,100.0,100.0
U02059,2025,6,96.1,100.0,100.0
U00609,2025,7,93.9,98.8,87.2
U01531,2025,8,93.7,99.5,91.1
U02351,2025,9,91.6,99.5,98.3
U00335,2025,10,90.9,96.5,95.3
U03183,2025,11,90.3,96.3,91.9
U02808,2025,12,90.1,100.0,100.0
U02252,2025,13,88.9,98.5,93.9
U01681,2025,14,88.5,99.5,96.6
U01451,2025,15,88.4,91.9,73.3
U00475,2025,16,87.9,98.3,93.1
U02248,2025,17,87.6,97.4,59.4
U02261,2025,18,87.3,96.4,90.0
U02253,2025,19,87.1,90.5,90.4
U02332,2025,20,86.5,99.2,97.7
U02843,2025,21,86.2,99.1,96.4
U01760,2025,22,85.5,99.8,98.3
U03658,2025,23,85.2,99.9,99.9
U03528,2025,24,84.7,74.4,97.6
U03360,2025,25,84.1,99.7,96.9
U00592,2025,26,83.5,84.2,67.2
U02244,2025,27,83.3,98.3,97.2
U02166,2025,28,83.2,83.0,98.6
U01335,2025,29,83.0,94.3,87.6
U02206,2025,30,82.4,93.8,75.4
U01925,2025,31,82.3,98.5,98.6
U01039,2025,32,82.1,86.0,62.6
U02268,2025,32,82.1,100.0,99.8
U00463,2025,34,82.0,99.6,98.8
U02251,2025,34,82.0,95.6,98.1
U02212,2025,36,81.3,86.7,53.3
U01390,2025,37,81.2,89.2,79.6
U02796,2025,38,81.0,98.3,94.3
U00688,2025,39,80.3,85.7,87.8
U01146,2025,40,80.2,90.3,85.7
U02257,2025,40,80.2,86.7,74.0
U02812,2025,42,79.8,100.0,99.8
U01550,2025,43,79.6,96.3,98.8
U03091,2025,44,79.0,97.9,92.1
U01949,2025,45,77.8,84.0,86.3
U00912,2025,46,77.5,44.7,99.6
U02222,2025,47,77.1,81.1,50.3
U03699,2025,47,77.1,75.3,95.4
U00521,2025,49,77.0,74.4,83.0
U01206,2025,50,76.0,98.8,99.0
U01594,2025,50,76.0,84.0,68.0
U02230,2025,50,76.0,67.2,97.0
U01056,2025,53,75.7,87.7,91.0
U02794,2025,54,75.4,75.8,82.5
U02742,2025,55,73.7,83.8,52.1
U03677,2025,56,72.9,81.5,97.0
U02220,2025,57,72.1,68.0,35.6
U00352,2025,58,72.0,69.8,80.1
U01281,2025,59,71.6,92.2,86.6
U02673,2025,60,71.2,82.9,95.1
U00554,2025,61,70.8,86.0,74.7
U00444,2025,62,70.7,60.9,30.8
U01186,2025,63,70.3,84.6,49.6
U02018,2025,63,70.3,87.2,52.0
U02242,2025,65,69.7,82.2,44.7
U03324,2025,66,69.5,93.5,86.6
U01178,2025,67,69.0,78.2,93.8
U01500,2025,68,68.7,93.4,92.1
U02270,2025,69,68.2,72.2,86.4
U02977,2025,69,68.2,83.9,75.7
U02434,2025,71,67.6,94.1,94.1
U02816,2025,72,67.1,89.3,57.8
U03525,2025,73,67.0,60.7,99.1
U01184,2025,74,65.7,45.2,55.6
U01283,2025,75,65.6,68.3,52.5
U03408,2025,76,65.3,81.9,55.5
U02271,2025,77,65.2,55.5,41.8
U02930,2025,78,65.0,77.4,67.7
U00317,2025,79,64.7,59.9,49.6
U02777,2025,80,64.1,68.9,69.0
U03279,2025,80,64.1,50.1,44.3
U02237,2025,82,63.8,56.0,38.9
U03031,2025,82,63.8,70.5,75.9
U01846,2025,84,63.7,76.9,59.4
U02293,2025,84,63.7,75.1,94.1
U01648,2025,86,63.5,82.4,87.0
U02328,2025,87,62.9,69.5,47.4
U03316,2025,88,62.4,43.9,55.0
U00559,2025,89,61.7,59.6,83.9
U01684,2025,89,61.7,76.6,64.5
U01768,2025,89,61.7,63.3,81.1
U02577,2025,92,61.6,92.8,74.6
U01730,2025,93,61.5,93.7,98.0
U01266,2025,94,61.4,78.0,82.3
U02516,2025,94,61.4,97.0,94.4
U02732,2025,96,61.2,57.0,42.2
U00683,2025,97,60.6,80.3,56.9
U01703,2025,98,60.3,45.9,80.0
U01856,2025,99,59.9,46.6,93.7
U02860,2025,100,59.6,74.0,31.6
U01138,2025,101,59.5,38.0,46.5
U01152,2025,102,59.4,44.9,80.9
U03538,2025,103,59.3,61.4,33.7
U03286,2025,104,59.2,46.5,63.2
U02259,2025,105,59.1,58.3,48.7
U03552,2025,105,59.1,66.5,38.8
U02286,2025,107,58.8,73.8,82.8
U03154,2025,108,58.5,61.1,65.8
U02158,2025,109,58.3,33.2,22.1
U03439,2025,109,58.3,59.9,26.4
U01706,2025,111,58.2,70.8,77.0
U00303,2025,108,58.6,61.9,69.1
U00002,2025,113,57.9,45.7,40.6
U00717,2025,114,57.3,67.1,82.6
U03409,2025,115,57.2,40.4,64.2
U03419,2025,116,57.1,77.7,47.8
U02957,2025,117,56.8,62.3,29.1
U00884,2025,118,56.3,58.5,86.0
U03162,2025,119,56.1,55.6,16.0
U01783,2025,120,55.8,48.3,36.9
U03626,2025,120,55.8,32.6,38.9
U01774,2025,122,55.7,29.8,50.6
U01823,2025,123,55.5,40.4,48.0
U02088,2025,123,55.5,57.9,70.7
U03280,2025,125,55.2,50.4,54.5
U00841,2025,126,55.0,89.2,69.9
U02716,2025,126,55.0,51.4,43.5
U02070,2025,128,54.8,52.5,21.0
U01551,2025,129,54.5,50.0,59.3
U02809,2025,130,54.4,63.0,48.0
U02761,2025,131,54.3,26.6,13.5
U01893,2025,132,54.2,80.7,48.5
U00089,2025,133,54.1,80.8,47.8
U01294,2025,133,54.1,33.4,39.2
U03244,2025,133,54.1,50.0,23.7
U00586,2025,136,54.0,28.7,72.1
U03397,2025,137,53.9,70.9,40.4
U02670,2025,138,53.8,61.7,66.4
U00384,2025,139,53.7,26.3,50.4
U02439,2025,139,53.7,82.8,90.0
U01229,2025,141,53.6,38.9,36.7
U01243,2025,141,53.6,68.4,32.9
U01814,2025,141,53.6,39.1,27.3
U00003,2025,144,53.3,54.7,27.6
U01442,2025,145,53.0,57.1,32.5
U02687,2025,146,52.7,63.3,69.7
U02171,2025,147,52.5,55.3,74.3
U02684,2025,148,52.3,61.0,61.9
U01133,2025,149,52.2,59.8,61.4
U00885,2025,150,52.1,54.1,80.9
U02763,2025,150,52.1,35.8,67.9
U01365,2025,152,51.9,59.5,48.6
U01425,2025,152,51.9,63.2,65.8
U02196,2025,154,51.8,61.2,66.0
U02924,2025,155,51.6,45.5,17.2
U03148,2025,155,51.6,61.4,36.5
U03603,2025,155,51.6,42.1,23.8
U00593,2025,158,51.5,37.0,58.2
U03492,2025,159,51.3,55.5,32.8
U02938,2025,159,51.3,52.3,34.4
U02774,2025,161,51.2,29.7,16.1
U00781,2025,162,51.1,43.0,78.0
U00076,2025,163,51.0,54.2,79.6
U00468,2025,164,50.9,68.1,68.1
U02655,2025,165,50.7,73.7,30.3
U03043,2025,165,50.7,46.1,39.4
U01216,2025,167,50.3,58.3,66.5
U03422,2025,167,50.3,29.5,24.5
U00723,2025,169,50.1,53.2,24.8
U02246,2025,169,50.1,42.9,45.0
U02830,2025,171,50.0,45.2,51.8
U03209,2025,172,49.9,32.2,41.7
U00818,2025,173,49.8,59.0,63.3
U00489,2025,174,49.3,33.1,27.7
U02654,2025,175,49.2,64.0,35.8
U01337,2025,176,49.0,39.5,34.2
U03612,2025,171,49.9,36.3,12.0
U02818,2025,178,48.9,52.6,21.3
U02254,2025,179,48.7,28.3,24.5
U02459,2025,179,48.7,67.7,88.4
U02692,2025,181,48.5,48.6,59.6
U03610,2025,181,48.5,60.7,96.1
U00776,2025,183,48.3,12.9,4.7
U03433,2025,184,48.2,42.9,30.1
U02181,2025,185,48.1,53.8,91.4
U00347,2025,186,47.6,46.8,43.2
U03732,2025,187,47.5,29.8,16.3
U01100,2025,188,47.4,53.0,91.6
U03165,2025,189,47.3,26.2,23.3
U02175,2025,190,47.2,33.9,50.4
U03461,2025,191,47.1,50.7,35.7
U02314,2025,192,46.9,31.8,16.9
U01786,2025,193,46.8,40.8,56.7
U02933,2025,194,46.7,35.4,18.3
U03644,2025,194,46.7,39.2,40.5
U00590,2025,196,46.6,25.2,19.0
U00518,2025,197,46.4,31.3,23.9
U02395,2025,198,46.3,61.0,64.3
U02806,2025,198,46.3,37.9,44.5
U00168,2025,200,46.2,48.6,44.1
U01145,2025,200,46.2,39.4,28.7
U00123,2025,332,33.6,20.9,38.6
U03477,2025,203,46.0,48.4,25.9
U03097,2025,203,46.0,56.8,33.1
U00573,2025,205,45.8,8.9,58.5
U01787,2025,206,45.7,35.4,33.6
U02640,2025,206,45.7,53.8,79.2
U02235,2025,208,45.6,58.6,50.4
U02188,2025,209,45.2,32.0,18.6
U01508,2025,210,45.1,54.8,71.2
U00878,2025,211,45.0,45.7,26.3
U00069,2025,212,44.8,43.1,24.5
U01791,2025,213,44.7,39.8,33.1
U03164,2025,214,44.4,45.0,24.6
U01463,2025,215,44.2,51.5,74.0
U02910,2025,215,44.2,46.7,42.3
U01220,2025,217,44.1,23.6,19.8
U03074,2025,218,44.0,48.6,29.4
U01538,2025,219,43.9,32.9,62.7
U02520,2025,219,43.9,71.0,89.9
U03597,2025,221,43.8,39.4,17.8
U00571,2025,222,43.7,46.0,30.7
U00894,2025,222,43.7,34.0,51.1
U00685,2025,224,43.6,25.8,27.7
U01275,2025,224,43.6,29.7,55.3
U03030,2025,224,43.6,28.4,18.8
U00895,2025,227,43.5,42.4,63.2
U01812,2025,227,43.5,52.8,24.1
U00431,2025,229,43.4,68.2,35.9
U01289,2025,230,43.0,23.0,27.8
U02666,2025,230,43.0,33.3,34.5
U02582,2025,232,42.9,71.8,40.3
U03376,2025,233,42.7,20.7,32.0
U02173,2025,234,42.6,36.3,42.5
U03401,2025,235,42.5,19.1,11.7
U03456,2025,236,42.3,58.9,27.3
U02723,2025,236,42.3,30.5,28.8
U03214,2025,236,42.3,22.6,20.8
U00702,2025,239,41.8,54.4,73.5
U01331,2025,239,41.8,30.1,14.0
U01708,2025,241,41.7,40.2,52.1
U02157,2025,241,41.7,20.0,35.9
U00513,2025,243,41.3,22.8,31.0
U03572,2025,244,41.2,42.8,21.4
U03055,2025,245,41.1,11.9,10.5
U00397,2025,246,41.0,45.6,49.1
U03297,2025,246,41.0,22.6,10.4
U03562,2025,248,40.8,24.4,21.8
U03127,2025,249,40.7,30.6,68.0
U00118,2025,250,40.6,28.6,29.5
U02151,2025,251,40.5,27.0,81.0
U00786,2025,252,40.3,27.1,21.1
U00822,2025,252,40.3,18.2,12.0
U02946,2025,252,40.3,46.4,27.1
U00748,2025,255,40.1,27.0,13.7
U00234,2025,256,39.9,43.2,72.7
U00800,2025,256,39.9,17.8,27.1
U03405,2025,258,39.8,50.0,53.6
U00353,2025,259,39.7,17.2,15.4
U03042,2025,260,39.6,44.0,20.7
U00341,2025,523,23.5,20.1,19.9
U02827,2025,261,39.4,34.7,27.3
U00893,2025,263,39.3,36.9,56.9
U01597,2025,264,39.1,33.2,25.2
U02352,2025,265,38.8,27.0,65.1
U02662,2025,265,38.8,31.7,29.4
U02746,2025,267,38.7,24.1,11.3
U03421,2025,267,38.7,26.5,42.1
U02277,2025,269,38.6,17.2,13.5
U02697,2025,269,38.6,19.5,28.1
U00259,2025,271,38.5,33.9,10.3
U01793,2025,272,38.4,28.0,14.1
U02715,2025,273,38.3,30.1,35.1
U02920,2025,273,38.3,26.2,30.3
U00504,2025,275,38.2,19.4,16.7
U03077,2025,275,38.2,38.2,17.2
U03192,2025,275,38.2,35.0,12.7
U03197,2025,278,38.1,41.3,17.9
U03599,2025,278,38.1,23.3,13.7
U02360,2025,280,38.0,13.6,13.5
U02218,2025,281,37.9,32.8,18.2
U03291,2025,281,37.9,25.9,30.0
U03521,2025,283,37.5,65.6,33.3
U02034,2025,284,37.3,9.3,2.5
U01367,2025,285,37.2,31.2,70.2
U02411,2025,285,37.2,33.5,56.3
U02851,2025,285,37.2,35.2,30.4
U03032,2025,285,37.2,19.8,13.7
U03092,2025,285,37.2,52.8,17.0
U03296,2025,285,37.2,19.7,17.9
U02099,2025,291,37.1,13.9,11.4
U02773,2025,291,37.1,31.6,8.3
U02241,2025,293,37.0,37.3,22.2
U03311,2025,293,37.0,16.0,7.4
U03651,2025,295,36.9,19.0,39.4
U02067,2025,296,36.7,26.1,35.8
U03399,2025,297,36.6,37.3,27.3
U00245,2025,298,36.5,36.2,51.9
U02096,2025,298,36.5,23.1,43.1
U00834,2025,300,36.4,20.4,28.2
U00716,2025,301,36.3,29.3,41.9
U00255,2025,302,35.9,23.2,24.3
U03522,2025,302,35.9,27.8,6.2
U01251,2025,304,35.8,18.5,26.6
U02615,2025,304,35.8,61.9,23.3
U00001,2025,306,35.7,19.9,20.8
U02810,2025,307,35.5,37.5,22.3
U00042,2025,308,35.3,37.1,79.1
U00733,2025,309,35.2,43.2,33.2
U03464,2025,309,35.2,20.3,7.8
U01569,2025,311,35.1,26.7,25.4
U00998,2025,312,35.0,37.8,46.4
U02993,2025,312,35.0,17.7,17.9
U03473,2025,314,34.9,23.1,33.0
U01779,2025,315,34.8,17.3,42.4
U01843,2025,316,34.7,24.4,48.7
U01946,2025,316,34.7,16.6,35.5
U03153,2025,316,34.7,25.8,25.2
U01989,2025,319,34.6,24.0,11.4
U02853,2025,320,34.4,36.1,17.5
U01261,2025,321,34.2,34.4,62.0
U01504,2025,321,34.2,21.3,44.9
U02548,2025,321,34.2,31.3,56.5
U03090,2025,324,34.1,19.0,29.5
U03282,2025,324,34.1,20.2,15.9
U00501,2025,326,34.0,10.5,11.8
U00980,2025,326,34.0,27.0,67.2
U01210,2025,328,33.8,23.2,37.1
U01854,2025,328,33.8,36.2,28.1
U02876,2025,328,33.8,38.1,35.3
U02085,2025,331,33.7,31.8,28.8
U00016,2025,501,24.1,15.9,24.6
U02890,2025,332,33.6,17.2,7.2
U03509,2025,334,33.5,44.7,14.3
U00898,2025,335,33.4,19.4,29.0
U00669,2025,336,33.3,13.5,5.6
U01232,2025,336,33.3,6.4,9.4
U01978,2025,336,33.3,20.4,12.3
U03343,2025,336,33.3,36.3,65.3
U03239,2025,340,33.2,11.1,5.3
U03268,2025,340,33.2,21.3,12.7
U00318,2025,342,33.0,11.1,13.3
U01957,2025,342,33.0,11.5,33.6
U00888,2025,344,32.9,18.8,32.0
U02339,2025,344,32.9,16.9,7.7
U03167,2025,344,32.9,15.1,13.5
U02279,2025,347,32.8,14.7,32.5
U03125,2025,347,32.8,36.6,19.7
U03396,2025,349,32.6,17.0,7.7
U00333,2025,350,32.5,45.8,41.0
U01910,2025,350,32.5,16.8,34.8
U00446,2025,352,32.4,20.8,21.3
U01528,2025,353,32.3,20.4,71.6
U03200,2025,354,32.2,23.9,48.8
U00902,2025,355,32.1,33.4,23.6
U02849,2025,355,32.1,29.4,10.8
U03053,2025,355,32.1,9.2,4.5
U03309,2025,358,32.0,22.9,10.5
U00766,2025,359,31.9,13.8,9.0
U01734,2025,359,31.9,48.4,61.6
U02752,2025,359,31.9,13.9,5.6
U02082,2025,362,31.7,18.6,17.1
U03648,2025,362,31.7,23.6,16.2
U03681,2025,362,31.7,22.7,18.6
U01869,2025,365,31.6,36.3,30.5
U02976,2025,365,31.6,38.5,28.3
U03629,2025,367,31.5,31.6,22.8
U01301,2025,368,31.4,44.1,21.8
U02995,2025,368,31.4,32.9,46.7
U03319,2025,368,31.4,20.6,26.8
U00715,2025,371,31.3,25.2,28.8
U01248,2025,371,31.3,8.2,5.0
U02660,2025,371,31.3,31.8,27.7
U03372,2025,371,31.3,41.5,7.2
U02909,2025,375,31.2,34.6,8.4
U03373,2025,375,31.2,27.8,12.1
U01448,2025,377,31.1,18.5,9.8
U01735,2025,377,31.1,45.3,56.6
U03368,2025,377,31.1,36.6,22.5
U02170,2025,380,30.8,4.9,4.8
U03004,2025,380,30.8,15.4,10.0
U03191,2025,382,30.7,40.4,15.1
U00147,2025,383,30.6,10.0,12.0
U03625,2025,384,30.5,19.9,14.2
U02021,2025,385,30.4,12.1,6.6
U02668,2025,385,30.4,20.2,8.8
U00267,2025,387,30.3,28.4,40.7
U02623,2025,388,30.2,28.7,21.8
U03457,2025,389,30.1,3.3,1.8
U02868,2025,389,30.1,10.0,4.7
U03583,2025,389,30.1,26.4,26.2
U01502,2025,392,30.0,27.6,37.9
U01458,2025,393,29.9,26.7,33.2
U02819,2025,393,29.9,17.7,5.9
U03218,2025,393,29.9,31.3,15.4
U01576,2025,396,29.7,19.2,11.8
U01845,2025,396,29.7,20.3,8.8
U01918,2025,396,29.7,10.8,16.1
U03489,2025,396,29.7,17.0,11.8
U03283,2025,396,29.7,8.8,5.7
U01098,2025,401,29.6,23.6,11.4
U01182,2025,401,29.6,24.3,54.6
U00126,2025,403,29.5,5.2,20.5
U02824,2025,403,29.5,14.3,7.7
U00911,2025,405,29.3,7.4,28.7
U01898,2025,405,29.3,27.8,43.4
U03549,2025,405,29.3,6.1,4.6
U00290,2025,408,29.1,10.0,3.6
U01327,2025,408,29.1,23.5,31.7
U00829,2025,410,29.0,24.0,38.4
U02205,2025,410,29.0,32.1,31.1
U00197,2025,412,28.9,19.3,11.2
U00745,2025,413,28.8,14.7,15.7
U03671,2025,413,28.8,3.1,2.8
U00470,2025,415,28.7,15.8,11.4
U01654,2025,416,28.6,30.7,37.6
U02169,2025,416,28.6,23.9,24.8
U02887,2025,418,28.5,18.4,13.7
U00298,2025,418,28.5,24.9,65.3
U00495,2025,420,28.4,22.0,42.4
U00553,2025,421,28.3,20.1,26.0
U03039,2025,421,28.3,18.3,25.5
U00184,2025,423,28.1,12.5,18.5
U03514,2025,423,28.1,19.2,8.1
U01496,2025,425,28.0,13.9,54.7
U00949,2025,426,27.9,23.5,46.9
U01242,2025,426,27.9,21.2,32.0
U01044,2025,428,27.8,15.8,7.0
U02026,2025,428,27.8,13.5,6.6
U03242,2025,430,27.7,11.8,4.2
U00374,2025,431,27.6,8.6,4.1
U02309,2025,431,27.6,22.0,13.5
U02934,2025,431,27.6,44.4,14.1
U00045,2025,477,25.1,17.3,42.2
U00854,2025,435,27.4,8.1,49.3
U00953,2025,436,27.2,7.8,14.0
U01414,2025,436,27.2,8.0,4.5
U02661,2025,436,27.2,26.5,16.3
U03580,2025,439,27.1,19.1,23.5
U01994,2025,440,27.0,7.4,5.3
U03450,2025,440,27.0,21.7,7.4
U00461,2025,442,26.8,18.3,20.4
U01605,2025,442,26.8,24.7,18.4
U03447,2025,442,26.8,24.2,35.5
U01000,2025,445,26.7,14.4,6.5
U01047,2025,445,26.7,12.7,5.9
U02657,2025,445,26.7,35.6,11.0
U00507,2025,448,26.6,9.6,3.8
U00843,2025,448,26.6,7.9,10.3
U03491,2025,448,26.6,18.6,3.4
U02899,2025,451,26.5,5.3,5.0
U00252,2025,452,26.4,12.1,7.8
U01497,2025,452,26.4,34.7,20.5
U03000,2025,452,26.4,14.4,12.6
U03289,2025,452,26.4,11.2,9.4
U01400,2025,456,26.3,16.6,23.6
U02367,2025,456,26.3,19.9,11.6
U03500,2025,456,26.3,39.1,10.3
U02943,2025,456,26.3,12.8,12.8
U02072,2025,460,26.2,18.0,7.3
U02475,2025,461,26.1,43.4,55.0
U02125,2025,462,26.0,21.7,15.4
U02476,2025,462,26.0,39.1,12.6
U01291,2025,464,25.9,4.4,3.4
U01161,2025,465,25.8,28.4,33.2
U03466,2025,466,25.7,18.3,10.5
U02663,2025,466,25.7,11.0,52.0
U02707,2025,466,25.7,18.0,10.7
U03611,2025,466,25.7,23.3,20.0
U00947,2025,470,25.6,20.7,12.0
U00272,2025,471,25.5,14.4,14.5
U00607,2025,472,25.3,15.5,5.2
U01036,2025,472,25.3,12.8,12.3
U00238,2025,474,25.2,8.6,5.8
U00811,2025,474,25.2,24.1,12.3
U03469,2025,474,25.2,15.8,3.4
U03253,2025,434,27.5,18.1,17.3
U00286,2025,477,25.1,24.0,52.1
U00892,2025,477,25.1,6.1,5.0
U01840,2025,477,25.1,14.9,5.7
U00043,2025,481,25.0,36.9,6.5
U01728,2025,481,25.0,19.9,29.4
U02262,2025,481,25.0,10.1,8.2
U00406,2025,484,24.9,8.4,2.6
U00122,2025,485,24.8,4.6,3.3
U01493,2025,485,24.8,26.5,24.9
U03468,2025,487,24.7,15.3,53.9
U02952,2025,488,24.6,15.2,6.6
U00423,2025,489,24.5,7.6,4.6
U00436,2025,489,24.5,16.0,31.9
U00960,2025,489,24.5,4.9,15.7
U01953,2025,489,24.5,20.3,13.1
U02372,2025,489,24.5,41.1,25.8
U02997,2025,489,24.5,16.2,11.4
U00372,2025,495,24.4,9.0,6.7
U00560,2025,495,24.4,11.9,25.3
U01028,2025,497,24.2,12.1,46.1
U01487,2025,497,24.2,9.2,11.8
U02441,2025,497,24.2,35.4,24.3
U02814,2025,497,24.2,16.3,9.4
U01110,2025,202,46.1,22.7,21.0
U00460,2025,501,24.1,6.8,12.5
U00566,2025,501,24.1,13.3,4.7
U01035,2025,501,24.1,22.3,11.4
U02967,2025,501,24.1,12.7,12.4
U02875,2025,506,24.0,9.4,7.9
U03363,2025,506,24.0,24.9,10.5
U00167,2025,508,23.9,28.2,26.1
U01960,2025,508,23.9,7.7,3.2
U02000,2025,508,23.9,17.1,9.4
U00618,2025,511,23.8,22.1,21.2
U03704,2025,511,23.8,5.4,22.0
U00865,2025,513,23.7,10.5,11.4
U01752,2025,513,23.7,20.3,23.0
U03094,2025,513,23.7,20.4,10.9
U00188,2025,516,23.6,21.4,64.5
U00576,2025,516,23.6,8.5,6.8
U00943,2025,516,23.6,7.7,19.9
U01212,2025,516,23.6,11.1,16.7
U01860,2025,516,23.6,19.5,44.6
U02968,2025,516,23.6,8.9,4.5
U03540,2025,516,23.6,19.6,14.2
U03692,2025,621-630,,17.6,18.4
U01770,2025,524,23.4,18.7,16.5
U02385,2025,524,23.4,20.9,36.2
U03465,2025,526,23.3,17.2,5.7
U01383,2025,527,23.2,4.0,6.1
U03467,2025,527,23.2,23.5,9.7
U02766,2025,527,23.2,10.2,15.7
U03609,2025,527,23.2,23.3,51.9
U00480,2025,526,23.3,9.9,10.4
U00882,2025,531,23.1,5.5,5.9
U02788,2025,531,23.1,9.1,7.1
U03383,2025,531,23.1,15.7,6.3
U02526,2025,534,23.0,40.8,19.2
U01227,2025,535,22.9,17.2,73.2
U01586,2025,535,22.9,10.9,10.8
U02785,2025,535,22.9,31.3,5.5
U02892,2025,535,22.9,13.8,7.6
U00157,2025,539,22.8,23.5,25.0
U00813,2025,539,22.8,14.4,73.0
U02090,2025,539,22.8,13.0,39.2
U03485,2025,539,22.8,10.3,3.0
U03224,2025,539,22.8,26.9,14.6
U02482,2025,544,22.7,21.3,5.1
U02552,2025,544,22.7,8.3,71.6
U01592,2025,547,22.6,5.8,3.2
U02133,2025,547,22.6,30.6,19.9
U02925,2025,547,22.6,18.8,4.9
U02973,2025,547,22.6,6.8,2.5
U03416,2025,547,22.6,3.9,3.9
U02376,2025,261,39.4,30.1,38.3
U03302,2025,552,22.5,5.9,5.0
U00792,2025,554,22.4,5.8,3.3
U01041,2025,554,22.4,21.0,30.7
U02703,2025,554,22.4,22.0,25.4
U02881,2025,554,22.4,23.0,45.6
U03446,2025,554,22.4,7.4,5.5
U01690,2025,559,22.3,16.0,10.9
U02362,2025,559,22.3,8.1,11.3
U02369,2025,559,22.3,20.7,12.8
U03479,2025,562,22.2,18.1,3.7
U02690,2025,562,22.2,15.4,6.3
U00620,2025,564,22.1,23.3,22.6
U01446,2025,565,22.0,5.7,2.5
U02858,2025,565,22.0,14.4,8.1
U00403,2025,567,21.9,34.8,17.1
U01236,2025,567,21.9,29.0,34.4
U01360,2025,567,21.9,9.8,25.4
U02841,2025,570,21.8,5.6,9.3
U03299,2025,570,21.8,18.5,16.8
U03344,2025,570,21.8,15.6,52.2
U00675,2025,573,21.6,25.6,18.1
U00674,2025,574,21.5,15.3,22.5
U02873,2025,574,21.5,17.9,13.9
U01489,2025,576,21.4,8.9,8.4
U02003,2025,576,21.4,17.5,45.5
U02027,2025,576,21.4,4.4,2.8
U02380,2025,576,21.4,20.6,57.0
U01011,2025,580,21.3,31.0,14.4
U01031,2025,580,21.3,5.2,2.7
U01306,2025,580,21.3,15.1,18.1
U01705,2025,580,21.3,6.9,4.8
U03526,2025,580,21.3,17.7,3.4
U00915,2025,585,21.2,17.3,48.9
U01993,2025,585,21.2,12.3,14.2
U00301,2025,587,21.1,4.3,4.6
U01971,2025,587,21.1,10.0,14.9
U02247,2025,587,21.1,20.6,18.6
U02695,2025,587,21.1,30.8,40.4
U03015,2025,587,21.1,12.6,10.2
U00040,2025,592,21.0,24.0,32.2
U01600,2025,592,21.0,10.6,15.1
U03458,2025,592,21.0,18.5,7.7
U00984,2025,595,20.9,10.5,13.0
U02200,2025,596,20.8,24.6,19.4
U02648,2025,596,20.8,19.0,41.6
U02987,2025,596,20.8,18.4,8.7
U03046,2025,596,20.8,19.9,9.2
U03328,2025,596,20.8,13.1,15.9
U00332,2025,601-610,,19.6,15.8
U00860,2025,601-610,,12.8,11.0
U01140,2025,601-610,,16.6,8.3
U01149,2025,601-610,,17.9,15.3
U01310,2025,601-610,,11.8,12.6
U01465,2025,601-610,,20.1,37.8
U01666,2025,601-610,,9.7,2.9
U01808,2025,601-610,,8.0,8.4
U03459,2025,601-610,,10.2,5.0
U02863,2025,601-610,,13.9,12.7
U02959,2025,601-610,,8.6,6.1
U03272,2025,601-610,,13.8,9.4
U00124,2025,611-620,,23.1,21.6
U00181,2025,611-620,,9.3,12.5
U00315,2025,611-620,,13.0,29.3
U00429,2025,611-620,,17.7,10.8
U00570,2025,611-620,,5.6,2.1
U01740,2025,611-620,,32.4,16.2
U02116,2025,611-620,,10.6,12.5
U03010,2025,611-620,,5.7,3.7
U03095,2025,611-620,,15.6,7.1
U00014,2025,621-630,,7.5,4.8
U00115,2025,621-630,,10.3,16.9
U00199,2025,621-630,,18.5,28.7
U00395,2025,621-630,,5.7,4.2
U00981,2025,621-630,,28.1,25.3
U01806,2025,621-630,,19.5,37.3
U02121,2025,621-630,,12.8,10.2
U02431,2025,621-630,,9.7,5.8
U02467,2025,621-630,,10.2,9.8
U03276,2025,621-630,,12.9,9.5
U03366,2025,621-630,,11.0,4.3
U00055,2025,552,22.5,22.6,15.7
U00046,2025,631-640,,13.7,15.0
U00302,2025,631-640,,21.3,16.2
U00386,2025,631-640,,6.3,4.3
U00412,2025,631-640,,3.4,1.7
U00623,2025,631-640,,12.8,5.5
U00908,2025,631-640,,12.2,14.3
U01907,2025,631-640,,8.9,18.3
U02341,2025,631-640,,9.8,6.0
U02440,2025,631-640,,26.2,22.4
U03198,2025,631-640,,8.1,7.3
U00264,2025,641-650,,17.7,14.8
U00515,2025,641-650,,22.6,52.4
U00568,2025,641-650,,6.9,3.4
U00769,2025,641-650,,22.5,29.4
U01241,2025,641-650,,5.2,4.8
U01461,2025,641-650,,21.5,28.2
U01641,2025,641-650,,14.6,4.2
U01822,2025,641-650,,16.6,55.7
U02008,2025,641-650,,6.6,2.6
U02101,2025,641-650,,5.4,95.6
U02698,2025,641-650,,8.0,11.6
U03101,2025,641-650,,14.3,8.0
U03337,2025,641-650,,19.5,7.3
U00836,2025,651-660,,11.5,21.3
U01658,2025,651-660,,15.2,13.9
U02576,2025,651-660,,24.1,10.8
U02964,2025,651-660,,12.7,11.4
U03434,2025,651-660,,16.3,7.3
U00012,2025,661-670,,9.4,5.9
U00447,2025,661-670,,19.9,35.6
U00464,2025,661-670,,12.8,8.5
U00682,2025,661-670,,5.8,1.5
U00937,2025,661-670,,24.4,17.0
U00956,2025,661-670,,6.9,5.9
U01354,2025,661-670,,7.2,5.9
U01471,2025,661-670,,21.1,23.0
U02002,2025,661-670,,14.2,18.0
U02294,2025,661-670,,11.8,6.5
U02449,2025,661-670,,27.1,13.7
U03066,2025,661-670,,13.6,15.9
U03194,2025,661-670,,8.9,8.9
U00004,2025,671-680,,26.5,22.8
U00240,2025,671-680,,7.8,6.1
U01075,2025,671-680,,19.9,10.9
U01088,2025,671-680,,19.9,16.4
U01326,2025,671-680,,13.1,6.4
U02597,2025,671-680,,32.4,8.9
U02948,2025,671-680,,13.0,5.9
U00411,2025,681-690,,3.5,1.6
U00734,2025,681-690,,13.1,5.1
U00889,2025,681-690,,6.2,4.4
U01018,2025,681-690,,15.6,11.1
U01755,2025,681-690,,6.5,5.3
U01758,2025,681-690,,16.6,14.8
U02190,2025,681-690,,12.3,7.1
U02727,2025,681-690,,6.3,11.6
U03133,2025,681-690,,4.9,8.3
U00385,2025,691-700,,14.1,51.3
U01596,2025,691-700,,5.8,4.3
U01657,2025,691-700,,6.5,9.6
U01966,2025,691-700,,6.9,5.4
U02426,2025,691-700,,21.0,40.6
U02448,2025,691-700,,17.0,10.6
U02542,2025,691-700,,9.9,20.0
U02605,2025,691-700,,10.5,5.1
U02617,2025,691-700,,28.0,5.3
U02792,2025,691-700,,4.4,2.2
U02936,2025,691-700,,4.7,4.1
U03258,2025,691-700,,13.6,3.5
U00260,2025,701-710,,4.5,1.8
U00542,2025,701-710,,7.9,10.5
U01235,2025,701-710,,13.5,20.3
U01482,2025,701-710,,4.1,2.8
U02069,2025,701-710,,2.6,4.0
U02127,2025,701-710,,18.9,36.6
U03128,2025,701-710,,10.6,5.8
U03159,2025,701-710,,10.2,9.8
U00036,2025,711-720,,16.7,8.4
U00113,2025,711-720,,16.2,29.3
U00469,2025,711-720,,11.7,30.5
U00496,2025,711-720,,10.4,6.7
U00517,2025,711-720,,5.3,4.8
U01250,2025,711-720,,9.9,6.5
U01435,2025,711-720,,5.0,1.9
U01700,2025,711-720,,14.0,19.1
U01865,2025,711-720,,8.2,16.4
U02233,2025,711-720,,6.2,9.0
U02311,2025,711-720,,5.0,6.4
U03484,2025,711-720,,6.5,2.1
U03118,2025,711-720,,9.1,28.8
U00311,2025,721-730,,9.4,4.8
U00322,2025,721-730,,15.6,25.7
U00535,2025,721-730,,19.2,41.7
U00552,2025,721-730,,8.1,4.5
U00580,2025,721-730,,3.8,2.6
U00997,2025,721-730,,17.8,5.9
U01173,2025,721-730,,7.0,8.1
U01231,2025,721-730,,8.1,2.5
U01370,2025,721-730,,5.3,5.3
U01817,2025,721-730,,11.5,26.8
U03487,2025,721-730,,23.5,5.5
U03495,2025,721-730,,14.9,5.2
U03106,2025,721-730,,8.6,4.0
U03364,2025,721-730,,11.7,4.0
U02664,2025,731-740,,6.4,2.3
U03480,2025,731-740,,15.5,4.1
U02769,2025,731-740,,17.6,8.4
U00106,2025,741-750,,11.7,3.3
U00349,2025,741-750,,11.1,13.5
U02412,2025,741-750,,28.4,50.8
U02464,2025,741-750,,18.6,16.1
U03470,2025,741-750,,10.3,6.0
U02675,2025,741-750,,10.8,5.3
U02837,2025,741-750,,13.7,23.0
U03349,2025,741-750,,9.0,9.0
U03414,2025,741-750,,11.5,6.8
U03558,2025,741-750,,12.6,16.9
U03571,2025,741-750,,6.9,6.1
U03602,2025,741-750,,10.4,16.8
U03605,2025,741-750,,5.1,6.3
U00926,2025,751-760,,15.2,31.0
U01086,2025,751-760,,11.2,18.5
U02172,2025,751-760,,10.9,14.3
U02303,2025,751-760,,10.4,51.5
U02575,2025,751-760,,25.3,7.9
U02632,2025,751-760,,5.9,2.8
U02803,2025,751-760,,17.1,6.5
U02903,2025,751-760,,10.0,43.2
U03062,2025,751-760,,6.1,4.6
U03089,2025,751-760,,8.4,2.3
U00022,2025,761-770,,16.0,9.1
U00237,2025,761-770,,16.9,36.6
U01139,2025,761-770,,16.4,12.7
U01444,2025,761-770,,5.5,3.4
U02846,2025,761-770,,11.0,6.0
U02855,2025,761-770,,8.2,6.1
U03179,2025,761-770,,11.7,17.1
U00025,2025,771-780,,6.4,9.3
U00305,2025,771-780,,5.8,6.4
U00405,2025,771-780,,16.6,8.5
U00409,2025,771-780,,5.1,1.4
U00457,2025,771-780,,14.9,2.5
U00820,2025,771-780,,6.7,6.4
U02490,2025,771-780,,15.8,28.5
U03503,2025,771-780,,9.4,4.3
U03073,2025,771-780,,10.2,6.8
U03182,2025,771-780,,14.3,11.9
U03569,2025,771-780,,9.1,2.7
U00216,2025,781-790,,15.5,19.5
U01083,2025,781-790,,25.2,18.6
U01532,2025,781-790,,25.5,15.8
U01772,2025,781-790,,10.6,5.0
U02198,2025,781-790,,10.9,10.6
U02234,2025,781-790,,15.2,8.2
U02433,2025,781-790,,9.4,12.7
U02601,2025,781-790,,19.3,4.8
U03029,2025,781-790,,11.5,16.7
U03110,2025,781-790,,7.1,7.0
U03710,2025,781-790,,5.4,6.6
U00074,2025,791-800,,4.8,3.0
U00988,2025,791-800,,10.4,1.2
U01099,2025,791-800,,6.0,4.4
U01547,2025,791-800,,4.8,6.7
U01915,2025,791-800,,5.3,5.0
U02432,2025,791-800,,29.1,20.8
U03005,2025,791-800,,11.1,9.8
U03137,2025,791-800,,10.5,8.0
U03566,2025,791-800,,12.7,16.1
U03614,2025,791-800,,7.6,3.4
U00061,2025,801-850,,9.6,10.1
U00072,2025,801-850,,23.1,18.3
U00146,2025,801-850,,20.2,16.8
U00182,2025,801-850,,5.9,1.8
U00263,2025,801-850,,7.7,4.9
U00265,2025,801-850,,14.8,26.7
U00291,2025,801-850,,11.0,19.7
U00575,2025,801-850,,5.0,5.0
U00708,2025,801-850,,9.4,15.2
U00832,2025,801-850,,4.2,2.1
U00870,2025,801-850,,7.6,2.5
U00925,2025,801-850,,19.1,28.8
U01042,2025,801-850,,11.7,5.1
U01118,2025,801-850,,16.7,27.9
U01195,2025,801-850,,14.7,7.9
U01256,2025,801-850,,10.0,6.8
U01272,2025,801-850,,3.3,2.9
U01333,2025,801-850,,10.4,7.7
U01505,2025,801-850,,16.2,31.8
U01612,2025,801-850,,5.4,2.7
U01696,2025,801-850,,12.7,8.8
U01731,2025,801-850,,27.0,24.4
U01855,2025,801-850,,10.1,4.9
U02104,2025,801-850,,12.9,8.7
U02210,2025,801-850,,4.5,2.9
U02316,2025,801-850,,8.0,12.0
U02336,2025,801-850,,14.1,16.0
U02384,2025,801-850,,13.1,20.4
U02499,2025,801-850,,18.5,24.3
U02557,2025,801-850,,16.0,8.6
U03451,2025,801-850,,9.1,2.3
U02637,2025,801-850,,19.2,42.4
U03460,2025,801-850,,11.3,4.2
U03471,2025,801-850,,7.3,2.9
U03490,2025,801-850,,13.6,3.3
U02701,2025,801-850,,14.0,30.9
U02731,2025,801-850,,2.7,2.0
U02738,2025,801-850,,13.5,6.7
U02754,2025,801-850,,11.0,16.9
U02759,2025,801-850,,12.4,3.0
U02793,2025,801-850,,7.9,6.1
U02797,2025,801-850,,15.2,19.5
U02970,2025,801-850,,13.2,3.0
U03161,2025,801-850,,18.3,9.4
U03189,2025,801-850,,21.8,6.1
U03226,2025,801-850,,8.6,2.4
U03288,2025,801-850,,7.1,5.8
U03380,2025,801-850,,5.0,2.3
U03646,2025,801-850,,6.9,2.5
U00034,2025,851-900,,9.6,13.9
U00104,2025,851-900,,5.8,14.6
U00156,2025,851-900,,9.9,15.7
U00396,2025,851-900,,5.1,5.4
U00425,2025,851-900,,9.3,4.7
U00439,2025,851-900,,8.8,7.8
U00451,2025,851-900,,1.3,1.9
U00492,2025,851-900,,3.7,2.5
U00544,2025,851-900,,3.8,1.6
U00719,2025,851-900,,11.3,14.2
U00760,2025,851-900,,14.6,9.3
U01003,2025,851-900,,9.3,3.1
U01067,2025,851-900,,8.2,6.7
U01072,2025,851-900,,9.7,7.7
U01207,2025,851-900,,9.3,7.0
U01356,2025,851-900,,6.2,6.5
U01421,2025,851-900,,6.9,2.3
U01587,2025,851-900,,4.5,1.4
U01589,2025,851-900,,7.4,11.0
U01624,2025,851-900,,8.9,3.7
U01625,2025,851-900,,8.3,8.1
U01676,2025,851-900,,4.7,5.1
U01744,2025,851-900,,5.6,2.2
U01938,2025,851-900,,7.9,7.3
U02097,2025,851-900,,3.4,2.4
U02176,2025,851-900,,12.6,13.1
U02204,2025,851-900,,4.7,4.4
U02299,2025,851-900,,13.8,7.4
U02480,2025,851-900,,10.5,3.8
U02541,2025,851-900,,11.2,12.4
U02628,2025,851-900,,6.7,2.6
U03493,2025,851-900,,10.4,3.4
U03497,2025,851-900,,6.8,4.2
U03507,2025,851-900,,15.3,7.6
U02705,2025,851-900,,8.1,4.5
U02718,2025,851-900,,12.3,8.5
U02884,2025,851-900,,5.2,4.2
U02922,2025,851-900,,12.0,6.2
U02927,2025,851-900,,11.5,7.6
U02958,2025,851-900,,4.4,3.7
U03041,2025,851-900,,5.9,4.7
U03100,2025,851-900,,4.2,2.0
U03173,2025,851-900,,11.1,2.3
U03236,2025,851-900,,12.8,39.9
U03266,2025,851-900,,10.6,7.2
U03426,2025,851-900,,14.9,12.6
U03574,2025,851-900,,15.3,18.7
U03578,2025,851-900,,8.7,13.8
U03582,2025,851-900,,7.1,8.5
U03673,2025,851-900,,9.7,24.7
U00203,2025,901-950,,8.2,8.9
U00257,2025,901-950,,9.7,5.4
U00262,2025,901-950,,3.2,2.6
U00354,2025,901-950,,11.6,3.0
U00699,2025,901-950,,4.8,34.7
U00706,2025,901-950,,18.6,15.3
U00720,2025,901-950,,7.1,6.6
U00721,2025,901-950,,8.6,15.1
U00869,2025,901-950,,14.8,7.6
U01062,2025,901-950,,10.5,3.9
U01071,2025,901-950,,15.6,24.5
U01209,2025,901-950,,15.1,10.9
U01276,2025,901-950,,9.5,6.7
U01303,2025,901-950,,11.0,4.2
U01312,2025,901-950,,10.9,8.2
U01366,2025,901-950,,4.8,3.7
U01488,2025,901-950,,5.0,2.7
U01554,2025,901-950,,7.6,2.6
U01571,2025,901-950,,13.3,48.1
U01647,2025,901-950,,12.4,11.6
U01759,2025,901-950,,9.1,25.3
U01820,2025,901-950,,6.1,8.3
U01824,2025,901-950,,3.7,11.5
U02023,2025,901-950,,8.4,4.7
U02422,2025,901-950,,12.5,12.8
U02428,2025,901-950,,5.3,1.4
U02497,2025,901-950,,12.9,42.8
U02498,2025,901-950,,13.0,28.9
U02522,2025,901-950,,26.4,14.0
U02539,2025,901-950,,20.6,22.9
U02550,2025,901-950,,8.4,8.8
U02573,2025,901-950,,13.0,13.6
U02578,2025,901-950,,8.9,5.3
U03448,2025,901-950,,4.6,1.2
U03453,2025,901-950,,17.4,8.0
U02730,2025,901-950,,5.8,4.2
U02802,2025,901-950,,6.8,2.3
U02891,2025,901-950,,3.6,3.6
U02949,2025,901-950,,5.2,1.9
U03048,2025,901-950,,11.5,4.1
U03071,2025,901-950,,8.0,6.6
U03119,2025,901-950,,11.7,2.9
U03122,2025,901-950,,10.0,11.7
U03187,2025,901-950,,6.9,9.9
U03227,2025,901-950,,6.8,3.9
U03442,2025,901-950,,7.1,3.5
U03573,2025,901-950,,18.8,24.6
U03633,2025,901-950,,3.5,5.2
U03638,2025,901-950,,11.7,18.9
U03670,2025,901-950,,7.0,2.9
U03675,2025,901-950,,3.4,2.4
U00093,2025,951-1000,,6.2,4.2
U00189,2025,951-1000,,7.6,29.3
U00194,2025,951-1000,,7.1,7.7
U00227,2025,951-1000,,12.9,5.5
U00287,2025,951-1000,,12.5,21.8
U00450,2025,951-1000,,2.6,2.5
U00453,2025,951-1000,,7.3,7.0
U00499,2025,951-1000,,13.0,7.7
U00660,2025,951-1000,,7.0,6.0
U00665,2025,951-1000,,5.3,9.9
U00774,2025,951-1000,,2.8,1.8
U00883,2025,951-1000,,4.3,3.5
U00927,2025,951-1000,,8.8,24.6
U01120,2025,951-1000,,17.2,10.7
U01143,2025,951-1000,,13.2,6.3
U01188,2025,951-1000,,7.1,2.8
U01315,2025,951-1000,,14.1,12.0
U01559,2025,951-1000,,4.9,3.2
U01582,2025,951-1000,,13.1,4.7
U01733,2025,951-1000,,17.3,16.2
U01753,2025,951-1000,,21.6,5.6
U01782,2025,951-1000,,3.5,4.3
U01813,2025,951-1000,,6.3,7.7
U01815,2025,951-1000,,6.1,13.4
U01912,2025,951-1000,,6.7,4.2
U01906,2025,951-1000,,5.5,2.6
U02015,2025,951-1000,,12.7,19.9
U02028,2025,951-1000,,6.6,3.8
U02051,2025,951-1000,,4.4,2.6
U02240,2025,951-1000,,10.0,20.3
U02250,2025,951-1000,,11.1,19.4
U02408,2025,951-1000,,23.6,11.3
U02444,2025,951-1000,,10.6,3.9
U02450,2025,951-1000,,21.0,25.5
U02457,2025,951-1000,,6.7,3.6
U02460,2025,951-1000,,16.4,18.1
U02472,2025,951-1000,,7.7,19.7
U02530,2025,951-1000,,19.5,7.7
U02570,2025,951-1000,,9.8,33.0
U02568,2025,951-1000,,12.4,20.8
U03531,2025,951-1000,,9.5,4.1
U03533,2025,951-1000,,13.4,4.6
U02682,2025,951-1000,,13.1,9.9
U02755,2025,951-1000,,9.7,5.1
U02838,2025,951-1000,,5.4,4.9
U02852,2025,951-1000,,13.1,18.0
U02877,2025,951-1000,,5.4,7.4
U03176,2025,951-1000,,9.5,2.7
U03210,2025,951-1000,,3.3,2.5
U03270,2025,951-1000,,5.2,2.3
U03352,2025,951-1000,,8.6,5.3
U03665,2025,951-1000,,14.1,20.1
U03672,2025,951-1000,,3.8,2.9
U00064,2025,1001-1200,,13.1,10.3
U00082,2025,1001-1200,,11.1,2.8
U00127,2025,1001-1200,,9.8,10.6
U00133,2025,1001-1200,,5.8,4.7
U00149,2025,1001-1200,,7.7,12.1
U00158,2025,1001-1200,,7.4,8.4
U00183,2025,1001-1200,,11.4,9.8
U00211,2025,1001-1200,,7.3,5.3
U00212,2025,1001-1200,,13.0,14.5
U00231,2025,1001-1200,,13.5,8.0
U00248,2025,1001-1200,,6.1,9.1
U00283,2025,1001-1200,,14.2,3.3
U00288,2025,1001-1200,,7.0,5.1
U00292,2025,1001-1200,,6.2,4.4
U00310,2025,1001-1200,,11.6,27.9
U00312,2025,1001-1200,,7.5,7.0
U00343,2025,1001-1200,,5.1,2.2
U00389,2025,1001-1200,,8.5,4.6
U00434,2025,1001-1200,,6.3,5.3
U00437,2025,1001-1200,,3.8,2.7
U00459,2025,1001-1200,,8.1,9.1
U00476,2025,1001-1200,,10.3,21.6
U00483,2025,1001-1200,,11.0,21.3
U00512,2025,1001-1200,,5.8,4.0
U00581,2025,1001-1200,,10.0,13.6
U00602,2025,1001-1200,,14.3,8.4
U00677,2025,1001-1200,,6.8,8.3
U00711,2025,1001-1200,,4.5,3.4
U00714,2025,1001-1200,,8.8,4.8
U00726,2025,1001-1200,,6.6,2.3
U00729,2025,1001-1200,,5.2,5.4
U00762,2025,1001-1200,,3.5,1.9
U00764,2025,1001-1200,,4.5,4.4
U00784,2025,1001-1200,,5.4,2.4
U00817,2025,1001-1200,,4.1,1.5
U00827,2025,1001-1200,,7.0,9.2
U00844,2025,1001-1200,,6.0,4.9
U00903,2025,1001-1200,,7.1,4.5
U00931,2025,1001-1200,,5.2,11.5
U00936,2025,1001-1200,,7.0,10.7
U00966,2025,1001-1200,,5.5,1.9
U00983,2025,1001-1200,,6.3,4.4
U01023,2025,1001-1200,,4.4,3.3
U01055,2025,1001-1200,,6.1,2.9
U01063,2025,1001-1200,,4.8,4.7
U01091,2025,1001-1200,,14.4,28.2
U01103,2025,1001-1200,,5.5,2.9
U01214,2025,1001-1200,,4.6,5.4
U01238,2025,1001-1200,,4.5,5.9
U01263,2025,1001-1200,,7.9,3.9
U01264,2025,1001-1200,,5.0,3.4
U01269,2025,1001-1200,,5.0,3.0
U01279,2025,1001-1200,,8.5,17.3
U01285,2025,1001-1200,,8.4,13.5
U01324,2025,1001-1200,,8.1,11.4
U01382,2025,1001-1200,,6.2,3.6
U01412,2025,1001-1200,,11.0,15.4
U01417,2025,1001-1200,,5.0,8.4
U01418,2025,1001-1200,,9.1,11.0
U01419,2025,1001-1200,,6.2,8.7
U01439,2025,1001-1200,,5.0,1.8
U01455,2025,1001-1200,,9.6,7.5
U01469,2025,1001-1200,,12.5,24.9
U01503,2025,1001-1200,,6.5,10.6
U01518,2025,1001-1200,,5.1,10.6
U01567,2025,1001-1200,,5.9,14.3
U01580,2025,1001-1200,,5.8,6.2
U01590,2025,1001-1200,,4.0,1.4
U01633,2025,1001-1200,,8.8,10.0
U01621,2025,1001-1200,,8.1,5.5
U01662,2025,1001-1200,,7.8,7.3
U01673,2025,1001-1200,,11.8,2.8
U01738,2025,1001-1200,,10.1,14.8
U01746,2025,1001-1200,,7.8,6.8
U01826,2025,1001-1200,,7.2,10.7
U01849,2025,1001-1200,,4.9,7.6
U01867,2025,1001-1200,,5.4,3.6
U01871,2025,1001-1200,,3.6,3.2
U01880,2025,1001-1200,,4.1,2.2
U01888,2025,1001-1200,,5.4,3.0
U01958,2025,1001-1200,,6.7,8.6
U01964,2025,1001-1200,,3.6,3.2
U01975,2025,1001-1200,,6.8,4.5
U01986,2025,1001-1200,,6.8,3.8
U01998,2025,1001-1200,,8.5,9.0
U01999,2025,1001-1200,,9.1,9.0
U02005,2025,1001-1200,,4.4,5.0
U02013,2025,1001-1200,,5.6,4.7
U02032,2025,1001-1200,,4.9,3.6
U02040,2025,1001-1200,,3.0,1.9
U02048,2025,1001-1200,,8.6,16.0
U02083,2025,1001-1200,,5.8,5.3
U02089,2025,1001-1200,,5.6,8.3
U02105,2025,1001-1200,,9.2,31.2
U02111,2025,1001-1200,,6.1,2.1
U02118,2025,1001-1200,,9.0,4.3
U02159,2025,1001-1200,,7.5,4.4
U02180,2025,1001-1200,,8.4,21.0
U02189,2025,1001-1200,,8.7,12.1
U02216,2025,1001-1200,,9.4,14.6
U02255,2025,1001-1200,,3.2,2.7
U02264,2025,1001-1200,,4.6,5.1
U02289,2025,1001-1200,,4.4,1.8
U02296,2025,1001-1200,,12.8,5.5
U02382,2025,1001-1200,,12.3,7.4
U02386,2025,1001-1200,,13.9,8.0
U02388,2025,1001-1200,,3.7,2.5
U02396,2025,1001-1200,,14.5,8.5
U02407,2025,1001-1200,,19.3,8.2
U02438,2025,1001-1200,,7.9,2.1
U02445,2025,1001-1200,,18.9,7.5
U02447,2025,1001-1200,,10.3,3.0
U02453,2025,1001-1200,,7.9,9.1
U02458,2025,1001-1200,,9.6,26.2
U02461,2025,1001-1200,,14.6,8.5
U02466,2025,1001-1200,,12.5,3.7
U02471,2025,1001-1200,,10.2,6.8
U02478,2025,1001-1200,,10.8,5.6
U02487,2025,1001-1200,,9.6,11.9
U02488,2025,1001-1200,,7.0,28.0
U02493,2025,1001-1200,,18.1,8.2
U02496,2025,1001-1200,,14.7,14.9
U02500,2025,1001-1200,,5.7,6.1
U02521,2025,1001-1200,,12.9,6.1
U02525,2025,1001-1200,,6.1,5.3
U02532,2025,1001-1200,,3.8,1.4
U02535,2025,1001-1200,,5.5,2.5
U02544,2025,1001-1200,,9.5,8.5
U02555,2025,1001-1200,,7.9,8.3
U02560,2025,1001-1200,,13.7,15.9
U02564,2025,1001-1200,,7.8,17.8
U02567,2025,1001-1200,,4.5,14.3
U02574,2025,1001-1200,,5.9,4.8
U02600,2025,1001-1200,,11.6,2.4
U02604,2025,1001-1200,,11.8,6.4
U02613,2025,1001-1200,,13.0,5.8
U02620,2025,1001-1200,,9.6,2.5
U02629,2025,1001-1200,,3.7,1.6
U03452,2025,1001-1200,,7.1,2.7
U03454,2025,1001-1200,,7.1,1.7
U02639,2025,1001-1200,,14.3,13.0
U02650,2025,1001-1200,,12.9,16.3
U02656,2025,1001-1200,,6.0,2.0
U03472,2025,1001-1200,,4.5,1.7
U03483,2025,1001-1200,,8.8,2.8
U03494,2025,1001-1200,,7.9,1.7
U03496,2025,1001-1200,,7.0,4.1
U03499,2025,1001-1200,,4.5,1.8
U03501,2025,1001-1200,,9.4,2.7
U03502,2025,1001-1200,,7.2,3.9
U03516,2025,1001-1200,,10.1,2.5
U03519,2025,1001-1200,,3.7,3.3
U03524,2025,1001-1200,,11.4,2.6
U02677,2025,1001-1200,,14.7,8.9
U02678,2025,1001-1200,,13.2,7.3
U02680,2025,1001-1200,,10.5,4.3
U02700,2025,1001-1200,,10.3,6.2
U02750,2025,1001-1200,,5.8,3.5
U02878,2025,1001-1200,,4.8,4.8
U02880,2025,1001-1200,,6.3,24.9
U02965,2025,1001-1200,,5.0,2.5
U02972,2025,1001-1200,,9.9,7.8
U02974,2025,1001-1200,,3.1,1.4
U02986,2025,1001-1200,,7.2,3.8
U03001,2025,1001-1200,,11.6,16.1
U03007,2025,1001-1200,,6.1,4.0
U03023,2025,1001-1200,,8.4,7.5
U03051,2025,1001-1200,,3.5,3.2
U03078,2025,1001-1200,,11.0,7.7
U03102,2025,1001-1200,,4.4,4.4
U03126,2025,1001-1200,,3.8,1.9
U03135,2025,1001-1200,,10.7,7.2
U03136,2025,1001-1200,,5.0,4.1
U03146,2025,1001-1200,,5.1,5.8
U03150,2025,1001-1200,,6.9,5.0
U03156,2025,1001-1200,,8.4,5.9
U03212,2025,1001-1200,,5.6,3.5
U03237,2025,1001-1200,,4.4,1.6
U03249,2025,1001-1200,,11.0,9.7
U03304,2025,1001-1200,,5.2,2.4
U03327,2025,1001-1200,,6.0,3.0
U03329,2025,1001-1200,,4.4,2.6
U03338,2025,1001-1200,,6.1,5.8
U03347,2025,1001-1200,,3.6,1.9
U03358,2025,1001-1200,,3.7,3.0
U03369,2025,1001-1200,,3.2,2.1
U03391,2025,1001-1200,,3.1,2.2
U03404,2025,1001-1200,,6.9,8.9
U03423,2025,1001-1200,,3.2,2.7
U03430,2025,1001-1200,,3.2,1.6
U02975,2025,1001-1200,,6.6,1.8
U03551,2025,1001-1200,,6.2,2.0
U03600,2025,1001-1200,,6.0,10.5
U03608,2025,1001-1200,,6.6,4.4
U03621,2025,1001-1200,,5.6,4.7
U03649,2025,1001-1200,,4.2,1.9
U03676,2025,1001-1200,,9.3,16.4
U00066,2025,1201-1400,,5.8,6.6
U00073,2025,1201-1400,,7.5,11.9
U00134,2025,1201-1400,,4.9,3.9
U00154,2025,1201-1400,,7.0,10.9
U00186,2025,1201-1400,,5.8,2.3
U00190,2025,1201-1400,,6.8,7.7
U00223,2025,1201-1400,,6.0,6.2
U00253,2025,1201-1400,,5.7,2.9
U00261,2025,1201-1400,,4.4,1.6
U00268,2025,1201-1400,,6.6,17.1
U00271,2025,1201-1400,,13.7,5.4
U00295,2025,1201-1400,,7.6,7.1
U00314,2025,1201-1400,,6.0,5.5
U00316,2025,1201-1400,,4.0,6.3
U00369,2025,1201-1400,,3.6,3.4
U00391,2025,1201-1400,,5.5,5.8
U00415,2025,1201-1400,,2.7,37.6
U00420,2025,1201-1400,,6.1,7.4
U00421,2025,1201-1400,,8.9,12.4
U00454,2025,1201-1400,,4.1,3.1
U00487,2025,1201-1400,,4.9,3.8
U00488,2025,1201-1400,,7.2,3.0
U00502,2025,1201-1400,,9.5,19.8
U00508,2025,1201-1400,,6.1,3.7
U00538,2025,1201-1400,,6.8,7.8
U00545,2025,1201-1400,,8.6,11.4
U00596,2025,1201-1400,,4.4,3.0
U00599,2025,1201-1400,,6.9,9.2
U00658,2025,1201-1400,,10.8,7.9
U00672,2025,1201-1400,,4.7,6.2
U00686,2025,1201-1400,,7.6,6.9
U00695,2025,1201-1400,,4.4,9.4
U00722,2025,1201-1400,,8.3,15.2
U00779,2025,1201-1400,,7.3,7.3
U00788,2025,1201-1400,,4.2,10.3
U00799,2025,1201-1400,,7.3,12.4
U00825,2025,1201-1400,,4.2,5.6
U00835,2025,1201-1400,,4.6,12.9
U00928,2025,1201-1400,,1.6,4.0
U00970,2025,1201-1400,,4.9,3.0
U00973,2025,1201-1400,,4.9,4.3
U00987,2025,1201-1400,,5.7,12.8
U00993,2025,1201-1400,,7.2,4.4
U00999,2025,1201-1400,,9.7,12.7
U01001,2025,1201-1400,,5.1,1.8
U01015,2025,1201-1400,,3.6,1.9
U01087,2025,1201-1400,,7.7,9.0
U01095,2025,1201-1400,,5.7,4.1
U01104,2025,1201-1400,,7.0,7.4
U01115,2025,1201-1400,,3.9,12.3
U01121,2025,1201-1400,,6.9,5.0
U01122,2025,1201-1400,,6.6,11.8
U01130,2025,1201-1400,,5.2,4.3
U01141,2025,1201-1400,,8.3,3.7
U01142,2025,1201-1400,,8.5,4.9
U01175,2025,1201-1400,,3.6,4.0
U01197,2025,1201-1400,,6.9,6.0
U01201,2025,1201-1400,,6.1,3.9
U01208,2025,1201-1400,,14.6,7.0
U01325,2025,1201-1400,,3.4,2.4
U01351,2025,1201-1400,,6.7,19.2
U01357,2025,1201-1400,,4.5,3.9
U01362,2025,1201-1400,,3.8,5.4
U01401,2025,1201-1400,,7.8,3.6
U01424,2025,1201-1400,,5.7,2.6
U01472,2025,1201-1400,,9.2,4.5
U01490,2025,1201-1400,,6.9,4.0
U01495,2025,1201-1400,,7.6,4.5
U01499,2025,1201-1400,,6.0,3.2
U01604,2025,1201-1400,,6.0,6.4
U03742,2025,1201-1400,,5.5,4.9
U01617,2025,1201-1400,,3.9,2.3
U01649,2025,1201-1400,,5.4,3.7
U01687,2025,1201-1400,,4.4,1.7
U01719,2025,1201-1400,,4.1,2.1
U01727,2025,1201-1400,,4.2,4.1
U01741,2025,1201-1400,,6.3,3.9
U01743,2025,1201-1400,,4.1,1.7
U01767,2025,1201-1400,,5.7,3.1
U01798,2025,1201-1400,,10.4,9.8
U01818,2025,1201-1400,,4.0,9.6
U01874,2025,1201-1400,,4.9,1.6
U01876,2025,1201-1400,,9.7,9.3
U01889,2025,1201-1400,,4.5,3.1
U01901,2025,1201-1400,,6.8,3.7
U01913,2025,1201-1400,,5.4,6.4
U01926,2025,1201-1400,,6.4,3.6
U01942,2025,1201-1400,,7.6,11.8
U01947,2025,1201-1400,,4.9,2.9
U01954,2025,1201-1400,,4.5,5.2
U01984,2025,1201-1400,,7.5,3.6
U02012,2025,1201-1400,,4.4,5.6
U02074,2025,1201-1400,,4.1,2.6
U02080,2025,1201-1400,,7.1,5.3
U02081,2025,1201-1400,,9.0,11.0
U02094,2025,1201-1400,,6.4,2.8
U02124,2025,1201-1400,,5.7,4.9
U02126,2025,1201-1400,,6.9,5.5
U02155,2025,1201-1400,,4.6,7.1
U02161,2025,1201-1400,,3.9,2.2
U02163,2025,1201-1400,,5.8,2.1
U02174,2025,1201-1400,,6.3,2.4
U02213,2025,1201-1400,,5.3,9.7
U02219,2025,1201-1400,,3.8,2.0
U02228,2025,1201-1400,,4.3,2.0
U02231,2025,1201-1400,,3.5,1.3
U02287,2025,1201-1400,,10.5,5.8
U02305,2025,1201-1400,,4.5,8.4
U02315,2025,1201-1400,,8.5,4.8
U02323,2025,1201-1400,,6.4,5.5
U02342,2025,1201-1400,,6.5,5.4
U02394,2025,1201-1400,,6.5,3.8
U02403,2025,1201-1400,,3.2,6.0
U02421,2025,1201-1400,,4.5,2.3
U02427,2025,1201-1400,,8.1,3.6
U02454,2025,1201-1400,,8.3,3.8
U02463,2025,1201-1400,,12.5,13.0
U02465,2025,1201-1400,,8.4,5.2
U02469,2025,1201-1400,,6.6,5.5
U02470,2025,1201-1400,,7.5,10.7
U02473,2025,1201-1400,,10.2,3.9
U02479,2025,1201-1400,,3.5,1.6
U02481,2025,1201-1400,,10.9,4.0
U02483,2025,1201-1400,,8.0,3.0
U02485,2025,1201-1400,,7.2,8.6
U02491,2025,1201-1400,,3.7,5.8
U02495,2025,1201-1400,,10.1,5.8
U02501,2025,1201-1400,,9.7,14.8
U02503,2025,1201-1400,,4.5,15.0
U02504,2025,1201-1400,,7.5,8.8
U02508,2025,1201-1400,,6.3,2.8
U02510,2025,1201-1400,,7.6,15.1
U02514,2025,1201-1400,,7.0,6.4
U02515,2025,1201-1400,,5.1,4.0
U02523,2025,1201-1400,,7.4,27.2
U02527,2025,1201-1400,,8.6,2.8
U02531,2025,1201-1400,,4.1,1.6
U02533,2025,1201-1400,,11.3,2.7
U02537,2025,1201-1400,,12.7,5.7
U02538,2025,1201-1400,,6.7,2.0
U02517,2025,1201-1400,,10.2,10.5
U02545,2025,1201-1400,,11.3,22.6
U02580,2025,1201-1400,,9.5,5.1
U02591,2025,1201-1400,,9.0,2.7
U02596,2025,1201-1400,,3.8,2.0
U02599,2025,1201-1400,,4.7,1.3
U02602,2025,1201-1400,,6.4,1.5
U02608,2025,1201-1400,,5.1,2.4
U02610,2025,1201-1400,,7.4,2.8
U02616,2025,1201-1400,,5.2,1.2
U02625,2025,1201-1400,,3.5,8.7
U03449,2025,1201-1400,,5.7,2.4
U02641,2025,1201-1400,,11.2,4.9
U02646,2025,1201-1400,,6.6,2.8
U02649,2025,1201-1400,,10.9,4.1
U02652,2025,1201-1400,,8.8,8.0
U02665,2025,1201-1400,,9.2,9.7
U03488,2025,1201-1400,,6.6,2.3
U03512,2025,1201-1400,,8.8,5.2
U02672,2025,1201-1400,,6.0,5.3
U02676,2025,1201-1400,,7.8,5.1
U02689,2025,1201-1400,,6.3,5.7
U02753,2025,1201-1400,,4.6,9.8
U02762,2025,1201-1400,,5.5,9.3
U02775,2025,1201-1400,,5.4,2.7
U02985,2025,1201-1400,,3.7,2.3
U03012,2025,1201-1400,,3.9,3.0
U03013,2025,1201-1400,,4.4,12.8
U03087,2025,1201-1400,,3.1,2.5
U03099,2025,1201-1400,,6.6,5.7
U03103,2025,1201-1400,,4.2,4.2
U03140,2025,1201-1400,,5.0,5.5
U03147,2025,1201-1400,,2.6,2.4
U03163,2025,1201-1400,,6.3,1.1
U03174,2025,1201-1400,,4.2,4.0
U03175,2025,1201-1400,,4.5,2.3
U03184,2025,1201-1400,,9.0,11.6
U03201,2025,1201-1400,,3.7,2.5
U03213,2025,1201-1400,,6.1,4.3
U03219,2025,1201-1400,,5.2,1.8
U03229,2025,1201-1400,,6.2,7.0
U03230,2025,1201-1400,,5.9,4.4
U03259,2025,1201-1400,,5.4,4.2
U03267,2025,1201-1400,,4.7,5.9
U03284,2025,1201-1400,,6.3,4.0
U03285,2025,1201-1400,,6.0,10.4
U03341,2025,1201-1400,,2.2,3.5
U03377,2025,1201-1400,,3.6,2.1
U03411,2025,1201-1400,,5.6,2.1
U03418,2025,1201-1400,,7.6,2.4
U03443,2025,1201-1400,,5.2,12.7
U03561,2025,1201-1400,,4.5,3.7
U03596,2025,1201-1400,,5.4,2.7
U03624,2025,1201-1400,,4.9,4.9
U03661,2025,1201-1400,,3.9,1.8
U03674,2025,1201-1400,,11.7,3.3
U03683,2025,1201-1400,,4.0,10.0
U03684,2025,1201-1400,,5.5,5.6
U03689,2025,1201-1400,,7.7,4.9
U00540,2025,1401+,,3.5,3.5
U00048,2025,1401+,,5.7,4.8
U00336,2025,1401+,,3.6,9.1
U00338,2025,1401+,,5.2,3.3
U00337,2025,1401+,,3.7,4.1
U00361,2025,1401+,,5.3,2.6
U00569,2025,1401+,,6.8,12.8
U00696,2025,1401+,,5.2,3.3
U00839,2025,1401+,,3.0,2.5
U00861,2025,1401+,,3.4,2.8
U00877,2025,1401+,,4.1,4.4
U00900,2025,1401+,,6.2,4.4
U00940,2025,1401+,,6.6,4.1
U00955,2025,1401+,,3.3,1.8
U01180,2025,1401+,,7.0,7.9
U01198,2025,1401+,,4.1,5.1
U01280,2025,1401+,,3.6,3.2
U01386,2025,1401+,,7.6,2.7
U01379,2025,1401+,,5.5,7.0
U01398,2025,1401+,,7.1,1.9
U01454,2025,1401+,,6.6,2.8
U01519,2025,1401+,,5.8,3.9
U01521,2025,1401+,,7.0,7.3
U01601,2025,1401+,,2.7,3.5
U01737,2025,1401+,,4.9,4.6
U01736,2025,1401+,,4.2,3.8
U01739,2025,1401+,,4.1,2.9
U01850,2025,1401+,,7.0,4.1
U01851,2025,1401+,,5.1,2.6
U01875,2025,1401+,,4.6,3.1
U01951,2025,1401+,,5.0,1.6
U01961,2025,1401+,,4.5,2.5
U01987,2025,1401+,,6.3,5.4
U02011,2025,1401+,,4.7,5.3
U02014,2025,1401+,,3.5,6.0
U02058,2025,1401+,,9.7,4.6
U02062,2025,1401+,,6.3,2.5
U02066,2025,1401+,,3.8,2.4
U02256,2025,1401+,,3.0,3.7
U02353,2025,1401+,,6.4,4.7
U02378,2025,1401+,,6.3,8.7
U02381,2025,1401+,,8.6,4.2
U02389,2025,1401+,,3.1,1.6
U02390,2025,1401+,,6.6,4.4
U02391,2025,1401+,,5.3,2.0
U02399,2025,1401+,,4.4,2.4
U02400,2025,1401+,,5.9,1.8
U02387,2025,1401+,,5.5,1.5
U02406,2025,1401+,,3.5,1.8
U02409,2025,1401+,,4.6,4.3
U02413,2025,1401+,,3.9,2.9
U02414,2025,1401+,,6.1,3.2
U02417,2025,1401+,,3.4,2.1
U02418,2025,1401+,,4.5,3.4
U02419,2025,1401+,,4.1,1.4
U02425,2025,1401+,,4.4,2.4
U02435,2025,1401+,,4.9,2.4
U02436,2025,1401+,,4.7,6.1
U02437,2025,1401+,,4.8,2.7
U02443,2025,1401+,,11.8,2.4
U02442,2025,1401+,,7.2,2.2
U02446,2025,1401+,,7.1,2.1
U02451,2025,1401+,,6.0,3.9
U02452,2025,1401+,,4.0,2.6
U02456,2025,1401+,,6.1,3.9
U02462,2025,1401+,,6.5,3.2
U02474,2025,1401+,,3.3,2.3
U02477,2025,1401+,,3.6,1.6
U02484,2025,1401+,,7.9,2.0
U02494,2025,1401+,,3.8,9.9
U02511,2025,1401+,,4.1,1.8
U02528,2025,1401+,,6.7,1.7
U02534,2025,1401+,,7.4,2.1
U02536,2025,1401+,,5.1,2.4
U02547,2025,1401+,,6.4,3.3
U02554,2025,1401+,,5.2,3.4
U02558,2025,1401+,,6.1,9.0
U02561,2025,1401+,,6.0,2.3
U02562,2025,1401+,,2.2,3.5
U02563,2025,1401+,,4.9,1.3
U02565,2025,1401+,,3.8,3.6
U02572,2025,1401+,,7.7,2.7
U02579,2025,1401+,,3.7,1.3
U02584,2025,1401+,,3.9,2.5
U02592,2025,1401+,,4.1,2.5
U02594,2025,1401+,,3.8,1.3
U02607,2025,1401+,,3.8,1.7
U02611,2025,1401+,,2.9,2.0
U02614,2025,1401+,,3.6,1.7
U02636,2025,1401+,,8.1,5.1
U02643,2025,1401+,,7.1,5.2
U02645,2025,1401+,,5.5,2.5
U02685,2025,1401+,,6.6,2.5
U02839,2025,1401+,,5.6,2.9
U02862,2025,1401+,,4.5,2.2
U03025,2025,1401+,,4.7,2.3
U03079,2025,1401+,,6.4,1.7
U03111,2025,1401+,,3.0,2.2
U03160,2025,1401+,,5.6,2.2
U03228,2025,1401+,,7.2,9.4
U03444,2025,1401+,,4.1,4.2
U03628,2025,1401+,,2.6,2.6
