university_id,year,research_score,citation_score,research_impact,research_productivity
U03171,2024,100.0,99.0,,
U02059,2024,97.8,99.6,,
U01329,2024,96.2,99.7,,
U00790,2024,99.9,99.4,,
U02820,2024,100.0,98.0,,
U01760,2024,97.9,98.8,,
U00334,2024,98.0,95.9,,
U00871,2024,95.5,98.6,,
U02807,2024,98.8,99.0,,
U03658,2024,94.9,97.7,,
U00608,2024,96.8,95.6,,
U02331,2024,98.1,93.2,,
U02243,2024,91.2,97.6,,
U01680,2024,97.3,87.2,,
U01039,2024,92.3,97.2,,
U03183,2024,89.7,97.6,,
U00463,2024,89.7,97.4,,
U02811,2024,91.9,96.4,,
U01529,2024,94.0,95.4,,
U00475,2024,88.7,97.6,,
U03360,2024,94.1,92.8,,
U02351,2024,86.4,98.6,,
U03091,2024,87.4,95.5,,
U00352,2024,84.6,98.9,,
U03408,2024,83.5,98.2,,
U00554,2024,76.1,96.2,,
U01549,2024,84.0,94.9,,
U01594,2024,78.8,97.8,,
U02268,2024,94.2,67.8,,
U02895,2024,77.5,96.9,,
U02166,2024,85.1,90.0,,
U01450,2024,80.9,94.5,,
U03736,2024,73.2,90.3,,
U02815,2024,78.4,97.6,,
U02961,2024,72.3,96.4,,
U00717,2024,78.9,94.1,,
U03086,2024,76.4,90.1,,
U01146,2024,75.1,97.7,,
U01258,2024,76.8,92.2,,
U01670,2024,72.8,83.2,,
U02796,2024,76.6,90.5,,
U02977,2024,81.5,85.2,,
U01948,2024,82.5,75.4,,
U00687,2024,75.3,83.5,,
U01186,2024,74.9,91.9,,
U01270,2024,73.5,95.4,,
U03462,2024,64.3,94.6,,
U00521,2024,78.2,76.5,,
U01335,2024,72.3,88.8,,
U01079,2024,67.9,95.3,,
U03064,2024,67.1,93.1,,
U03324,2024,75.7,91.0,,
U00417,2024,61.5,97.6,,
U01390,2024,67.8,94.7,,
U01206,2024,84.3,60.0,,
U03698,2024,75.3,78.7,,
U03243,2024,66.3,88.2,,
U03525,2024,66.1,82.4,,
U02809,2024,67.8,87.2,,
U02261,2024,68.9,92.0,,
U02742,2024,63.1,96.7,,
U01925,2024,75.3,74.6,,
U03419,2024,67.5,85.5,,
U00317,2024,59.6,89.7,,
U02221,2024,62.1,92.9,,
U03603,2024,59.8,93.8,,
U00204,2024,68.0,86.6,,
U03612,2024,57.2,97.5,,
U02817,2024,64.7,96.9,,
U02257,2024,64.3,89.1,,
U00912,2024,61.6,70.8,,
U03145,2024,60.3,93.9,,
U01441,2024,61.7,85.3,,
U03280,2024,58.8,92.5,,
U02018,2024,60.8,83.7,,
U03678,2024,64.3,79.3,,
U01243,2024,62.7,93.0,,
U00303,2024,54.1,94.3,,
U02938,2024,57.2,94.5,,
U03439,2024,53.4,91.8,,
U02794,2024,56.5,97.3,,
U00443,2024,52.4,91.1,,
U01177,2024,65.8,77.4,,
U03535,2024,57.4,91.1,,
U03096,2024,58.5,87.2,,
U01769,2024,65.3,71.8,,
U02930,2024,51.8,96.8,,
U00823,2024,54.1,94.5,,
U00840,2024,63.7,82.8,,
U01856,2024,64.8,78.9,,
U02784,2024,57.7,89.7,,
U02810,2024,53.8,93.2,,
U03562,2024,48.5,96.0,,
U00394,2024,49.1,97.7,,
U01266,2024,75.2,33.9,,
U03378,2024,56.5,89.0,,
U01184,2024,57.8,81.0,,
U03279,2024,50.1,92.7,,
U00593,2024,54.1,96.9,,
U01620,2024,52.7,88.4,,
U02777,2024,49.3,95.5,,
U00681,2024,59.7,82.5,,
U02860,2024,51.1,91.3,,
U01337,2024,51.3,93.0,,
U03254,2024,49.5,92.3,,
U00590,2024,45.7,95.5,,
U01283,2024,56.6,86.6,,
U03406,2024,52.1,89.0,,
U00003,2024,59.0,86.3,,
U02732,2024,55.5,80.9,,
U02725,2024,50.6,92.8,,
U02946,2024,54.8,90.1,,
U03114,2024,54.1,81.7,,
U03074,2024,58.1,92.8,,
U00723,2024,59.3,85.3,,
U02774,2024,47.0,93.3,,
U01365,2024,52.3,86.2,,
U02196,2024,62.1,77.3,,
U01814,2024,45.6,86.5,,
U03397,2024,60.3,77.4,,
U02957,2024,57.6,90.6,,
U01683,2024,58.7,83.7,,
U02761,2024,42.9,87.7,,
U03076,2024,46.9,87.3,,
U03597,2024,51.0,93.4,,
U02158,2024,47.4,83.2,,
U03162,2024,50.6,92.1,,
U02916,2024,51.3,86.2,,
U03031,2024,49.1,87.3,,
U03154,2024,45.9,90.6,,
U02286,2024,66.4,53.8,,
U02910,2024,56.7,78.3,,
U03214,2024,42.9,88.3,,
U02326,2024,48.4,87.6,,
U01783,2024,42.6,97.9,,
U02950,2024,53.3,84.8,,
U02153,2024,55.6,78.1,,
U02853,2024,51.9,88.6,,
U01289,2024,47.1,86.1,,
U01076,2024,56.8,72.5,,
U01794,2024,51.0,91.3,,
U03538,2024,55.0,81.3,,
U03030,2024,46.3,87.3,,
U02271,2024,48.6,88.7,,
U03193,2024,46.1,92.4,,
U02086,2024,54.2,72.9,,
U03433,2024,44.8,90.8,,
U03316,2024,43.3,95.9,,
U01703,2024,51.5,77.2,,
U02751,2024,45.7,88.3,,
U01977,2024,57.3,69.3,,
U02758,2024,47.3,91.4,,
U01500,2024,54.8,70.8,,
U03522,2024,42.7,90.6,,
U02748,2024,51.3,85.7,,
U02781,2024,44.6,86.5,,
U01229,2024,40.7,93.9,,
U00833,2024,48.1,90.0,,
U03409,2024,49.3,83.7,,
U02851,2024,47.1,85.6,,
U02746,2024,44.4,92.5,,
U00513,2024,40.7,84.7,,
U02337,2024,51.1,79.3,,
U00353,2024,40.2,88.7,,
U03643,2024,45.0,88.5,,
U03400,2024,40.1,88.9,,
U02830,2024,47.0,88.3,,
U03476,2024,49.4,83.1,,
U00586,2024,51.5,71.3,,
U00785,2024,55.1,70.9,,
U03043,2024,40.2,93.4,,
U01551,2024,41.1,93.8,,
U01911,2024,42.6,82.9,,
U00559,2024,44.5,83.5,,
U01648,2024,65.7,50.5,,
U03431,2024,43.4,90.8,,
U00258,2024,45.8,77.5,,
U02906,2024,42.5,95.7,,
U03165,2024,46.5,84.4,,
U01294,2024,44.2,87.4,,
U01893,2024,48.1,77.9,,
U00169,2024,46.2,87.5,,
U02924,2024,38.0,86.7,,
U03376,2024,46.0,75.1,,
U02070,2024,49.6,91.0,,
U02313,2024,53.6,69.5,,
U00716,2024,37.0,85.1,,
U03067,2024,45.4,90.2,,
U00384,2024,46.6,79.4,,
U00347,2024,39.6,91.9,,
U02292,2024,63.3,49.4,,
U02339,2024,35.0,87.5,,
U02904,2024,48.1,79.7,,
U03054,2024,38.1,90.3,,
U03121,2024,47.3,83.7,,
U03286,2024,42.6,77.7,,
U02359,2024,41.2,87.9,,
U00901,2024,38.4,84.9,,
U03153,2024,42.6,76.1,,
U01789,2024,42.1,89.5,,
U02360,2024,40.8,85.0,,
U00001,2024,45.0,83.0,,
U00002,2024,43.1,79.7,,
U02723,2024,35.8,81.8,,
U00016,2024,30.0,85.8,,
U00206,2024,41.4,84.8,,
U02806,2024,41.4,81.7,,
U02819,2024,39.8,93.3,,
U00489,2024,36.5,87.5,,
U00684,2024,42.0,81.8,,
U00715,2024,35.7,86.0,,
U00732,2024,38.2,82.4,,
U02933,2024,43.4,90.2,,
U02953,2024,42.5,75.8,,
U02978,2024,33.9,80.0,,
U00878,2024,57.8,53.9,,
U02987,2024,37.0,79.9,,
U01137,2024,38.7,86.3,,
U01178,2024,46.6,72.0,,
U03032,2024,34.2,95.5,,
U03515,2024,45.0,83.5,,
U03053,2024,39.4,78.1,,
U01341,2024,33.5,91.6,,
U01347,2024,28.7,93.5,,
U03090,2024,34.7,83.2,,
U01399,2024,48.8,55.1,,
U01425,2024,55.7,54.3,,
U03139,2024,38.8,85.5,,
U01578,2024,33.6,93.3,,
U03172,2024,38.5,84.1,,
U01706,2024,49.7,71.9,,
U01718,2024,38.3,90.5,,
U03199,2024,44.7,80.4,,
U01787,2024,38.0,88.7,,
U03209,2024,40.6,84.1,,
U01853,2024,37.2,78.4,,
U01891,2024,39.0,80.1,,
U03300,2024,60.7,57.3,,
U02035,2024,40.8,92.8,,
U02084,2024,39.5,83.2,,
U03297,2024,35.6,92.7,,
U02099,2024,34.0,91.3,,
U02188,2024,49.7,83.0,,
U02276,2024,47.6,71.4,,
U02279,2024,44.9,80.1,,
U02716,2024,41.3,84.0,,
U03383,2024,38.5,87.0,,
U03598,2024,42.6,80.9,,
U03626,2024,42.9,75.2,,
U03422,2024,39.3,84.0,,
U02763,2024,35.1,80.5,,
U00254,2024,44.0,74.7,,
U02773,2024,33.9,84.2,,
U00302,2024,30.5,84.6,,
U00311,2024,28.3,84.6,,
U02814,2024,35.4,85.7,,
U00518,2024,34.6,91.4,,
U02888,2024,32.0,90.9,,
U03732,2024,46.8,53.9,,
U00675,2024,38.6,79.4,,
U00748,2024,37.8,82.7,,
U00797,2024,34.5,82.3,,
U02959,2024,35.5,85.7,,
U00837,2024,27.9,98.0,,
U01034,2024,32.6,82.3,,
U01108,2024,35.9,78.4,,
U01131,2024,28.6,90.7,,
U03011,2024,44.4,71.5,,
U01210,2024,40.0,71.0,,
U01232,2024,36.7,91.7,,
U01220,2024,35.4,88.1,,
U03514,2024,38.7,73.7,,
U01251,2024,41.3,86.4,,
U01275,2024,34.4,77.4,,
U01290,2024,34.2,78.9,,
U03061,2024,35.4,72.6,,
U01342,2024,29.3,89.6,,
U01447,2024,31.4,85.3,,
U01569,2024,41.4,73.3,,
U03167,2024,38.2,84.1,,
U01774,2024,35.6,83.4,,
U01784,2024,38.0,72.3,,
U01802,2024,36.6,81.7,,
U01823,2024,36.2,83.2,,
U01844,2024,46.7,72.2,,
U01918,2024,34.5,94.0,,
U01920,2024,27.8,76.9,,
U01989,2024,36.7,84.2,,
U02020,2024,38.2,83.2,,
U03281,2024,33.5,89.1,,
U03276,2024,36.4,87.6,,
U02071,2024,29.7,81.4,,
U03292,2024,49.5,63.1,,
U03296,2024,34.5,88.0,,
U03455,2024,26.4,84.0,,
U02096,2024,30.2,89.7,,
U03311,2024,38.4,82.0,,
U02157,2024,48.1,62.6,,
U02338,2024,44.1,57.6,,
U03583,2024,39.4,78.8,,
U03590,2024,26.9,98.3,,
U03650,2024,48.0,70.0,,
U00251,2024,43.5,68.6,,
U02791,2024,39.0,68.8,,
U02706,2024,34.1,76.1,,
U00359,2024,30.0,89.4,,
U00407,2024,32.8,92.4,,
U00474,2024,32.3,92.1,,
U00504,2024,31.6,78.9,,
U00552,2024,26.0,79.6,,
U02887,2024,32.1,84.9,,
U00565,2024,35.1,76.3,,
U02905,2024,31.8,81.0,,
U00669,2024,35.4,78.4,,
U02920,2024,33.8,76.7,,
U03509,2024,37.9,66.9,,
U00781,2024,40.4,62.0,,
U00796,2024,36.3,68.9,,
U00821,2024,28.9,77.2,,
U02982,2024,33.1,70.3,,
U03008,2024,33.3,81.6,,
U01216,2024,47.5,51.2,,
U03045,2024,38.7,72.7,,
U01395,2024,35.6,74.7,,
U03127,2024,30.4,82.3,,
U01591,2024,40.6,74.7,,
U01597,2024,38.4,74.7,,
U01640,2024,21.3,91.7,,
U03164,2024,35.1,75.8,,
U03181,2024,32.3,82.7,,
U03216,2024,33.5,74.3,,
U01840,2024,29.3,79.0,,
U02050,2024,25.8,93.5,,
U01956,2024,37.4,78.3,,
U03268,2024,36.8,82.5,,
U02025,2024,46.3,68.4,,
U02067,2024,39.5,76.9,,
U03291,2024,35.5,71.2,,
U02098,2024,34.9,78.8,,
U02125,2024,38.4,80.9,,
U03309,2024,31.8,86.5,,
U02696,2024,37.8,77.7,,
U02263,2024,31.6,84.5,,
U03373,2024,34.9,83.3,,
U02376,2024,34.5,83.2,,
U02715,2024,31.6,82.4,,
U03611,2024,34.5,74.8,,
U03625,2024,31.7,87.7,,
U03354,2024,42.9,72.4,,
U03647,2024,33.5,83.7,,
U00043,2024,27.2,71.9,,
U00125,2024,33.7,77.0,,
U00208,2024,29.9,76.3,,
U02766,2024,40.8,65.0,,
U02785,2024,29.9,72.5,,
U00318,2024,26.5,80.7,,
U02823,2024,45.5,54.0,,
U02824,2024,31.6,82.4,,
U00422,2024,38.2,75.9,,
U00446,2024,30.9,78.6,,
U02856,2024,23.7,93.7,,
U02858,2024,30.2,72.8,,
U00501,2024,38.9,64.8,,
U00576,2024,26.2,86.9,,
U02898,2024,35.2,80.9,,
U02909,2024,34.4,78.6,,
U00682,2024,22.8,85.5,,
U02926,2024,40.5,68.2,,
U00792,2024,38.1,69.1,,
U00800,2024,33.4,65.2,,
U00818,2024,44.0,47.4,,
U00842,2024,30.4,92.0,,
U00860,2024,26.9,67.8,,
U00947,2024,34.5,69.3,,
U01000,2024,30.9,79.6,,
U01046,2024,38.0,72.5,,
U03000,2024,25.9,73.1,,
U01182,2024,40.5,68.9,,
U01242,2024,41.5,62.1,,
U03066,2024,34.7,76.3,,
U01367,2024,43.1,53.6,,
U03092,2024,31.8,87.3,,
U03093,2024,26.0,91.1,,
U01414,2024,29.6,81.4,,
U03125,2024,28.3,86.9,,
U01690,2024,31.3,67.4,,
U01861,2024,37.9,69.5,,
U03287,2024,21.0,81.4,,
U03239,2024,35.1,62.9,,
U03253,2024,25.7,93.8,,
U01959,2024,34.3,85.3,,
U02030,2024,36.7,74.8,,
U03283,2024,25.9,88.0,,
U02169,2024,34.0,66.9,,
U02190,2024,24.3,85.2,,
U03325,2024,28.3,84.9,,
U03363,2024,34.8,80.5,,
U03368,2024,42.6,52.3,,
U03395,2024,31.2,80.1,,
U03681,2024,32.4,78.3,,
U00182,2024,36.6,80.6,,
U00184,2024,26.5,82.5,,
U00195,2024,21.2,84.0,,
U00203,2024,25.7,97.0,,
U00238,2024,25.3,72.7,,
U00245,2024,43.9,22.1,,
U00301,2024,23.1,82.5,,
U00305,2024,21.1,86.7,,
U02792,2024,19.2,89.3,,
U02667,2024,28.9,76.0,,
U02813,2024,23.9,86.8,,
U00339,2024,29.0,76.9,,
U02834,2024,22.7,81.2,,
U00375,2024,33.4,50.6,,
U02837,2024,34.4,74.7,,
U00395,2024,32.5,73.9,,
U00397,2024,33.1,61.9,,
U00435,2024,38.4,52.0,,
U00452,2024,27.1,65.0,,
U02849,2024,38.2,59.9,,
U00462,2024,31.7,74.4,,
U00472,2024,35.9,48.9,,
U00506,2024,35.0,68.1,,
U02875,2024,31.8,72.5,,
U00553,2024,35.2,77.1,,
U03716,2024,30.3,55.7,,
U00651,2024,30.2,65.7,,
U00674,2024,29.3,74.2,,
U02917,2024,33.2,63.2,,
U02925,2024,28.3,78.0,,
U00714,2024,27.5,82.7,,
U00719,2024,25.4,72.6,,
U00734,2024,25.2,75.4,,
U02937,2024,29.9,73.8,,
U02943,2024,36.2,66.2,,
U00766,2024,39.6,50.3,,
U00829,2024,44.0,57.3,,
U02968,2024,24.3,74.3,,
U00868,2024,23.4,65.8,,
U00872,2024,36.5,43.6,,
U00910,2024,32.6,60.2,,
U00952,2024,37.4,75.2,,
U02993,2024,36.3,66.8,,
U01037,2024,35.4,58.2,,
U02997,2024,34.1,78.2,,
U02669,2024,27.8,58.7,,
U03004,2024,29.0,77.6,,
U03005,2024,30.8,71.8,,
U01145,2024,19.9,84.5,,
U03039,2024,32.6,64.1,,
U01248,2024,26.7,68.4,,
U03042,2024,38.0,69.9,,
U03070,2024,31.4,68.8,,
U01333,2024,30.7,77.0,,
U01383,2024,28.7,69.6,,
U01385,2024,26.0,66.0,,
U03106,2024,24.6,79.6,,
U01486,2024,41.0,42.4,,
U01502,2024,36.9,63.8,,
U01508,2024,42.3,58.4,,
U01538,2024,44.3,52.9,,
U03130,2024,31.1,71.5,,
U03131,2024,26.4,67.2,,
U01546,2024,23.5,69.2,,
U03161,2024,30.5,79.4,,
U03177,2024,36.5,66.5,,
U03191,2024,31.2,80.5,,
U03194,2024,21.9,79.5,,
U01716,2024,30.2,73.5,,
U01729,2024,34.3,67.6,,
U03197,2024,35.4,71.1,,
U03198,2024,20.0,84.5,,
U01756,2024,20.5,87.0,,
U01779,2024,24.1,84.2,,
U03507,2024,33.8,57.2,,
U01808,2024,30.3,60.9,,
U01842,2024,20.7,75.6,,
U02686,2024,27.8,60.0,,
U01866,2024,16.3,80.9,,
U02000,2024,36.1,60.2,,
U03273,2024,24.6,75.1,,
U02069,2024,25.3,74.6,,
U03289,2024,26.2,82.4,,
U02083,2024,13.5,68.9,,
U02104,2024,28.2,73.3,,
U02114,2024,32.6,60.9,,
U03318,2024,28.4,71.9,,
U02692,2024,29.3,65.0,,
U02294,2024,31.3,53.4,,
U02336,2024,42.2,62.3,,
U02341,2024,24.4,73.1,,
U03372,2024,30.1,84.5,,
U02368,2024,33.5,80.2,,
U02702,2024,27.6,69.7,,
U03385,2024,27.7,90.3,,
U03569,2024,26.2,84.1,,
U03571,2024,29.9,73.1,,
U03572,2024,34.1,69.4,,
U03582,2024,23.2,82.8,,
U03401,2024,31.0,74.3,,
U03605,2024,22.0,80.6,,
U03692,2024,25.4,85.7,,
U00012,2024,23.0,68.5,,
U03711,2024,31.6,59.3,,
U00046,2024,37.7,52.8,,
U02731,2024,31.0,63.1,,
U00074,2024,15.2,72.7,,
U00117,2024,17.9,73.5,,
U00141,2024,16.3,84.8,,
U00147,2024,26.3,72.4,,
U03026,2024,22.8,73.2,,
U00194,2024,25.7,59.6,,
U00218,2024,21.5,94.4,,
U00240,2024,34.1,54.1,,
U00264,2024,24.6,47.3,,
U00272,2024,30.6,59.0,,
U02788,2024,22.4,73.8,,
U00313,2024,22.0,74.4,,
U00332,2024,36.3,52.8,,
U02802,2024,19.5,69.6,,
U02825,2024,30.9,62.4,,
U00349,2024,31.2,67.0,,
U00370,2024,26.7,76.0,,
U00413,2024,37.5,56.6,,
U00468,2024,29.4,58.8,,
U00470,2024,29.3,66.2,,
U02870,2024,22.0,65.6,,
U02863,2024,25.7,76.5,,
U02866,2024,25.8,75.3,,
U02877,2024,24.3,64.2,,
U00543,2024,22.1,72.8,,
U02892,2024,31.2,69.7,,
U00575,2024,18.4,77.9,,
U00591,2024,28.6,48.1,,
U02908,2024,24.9,74.3,,
U02934,2024,26.6,65.7,,
U02935,2024,21.8,66.9,,
U00745,2024,21.4,51.5,,
U02936,2024,17.5,81.2,,
U00778,2024,24.5,53.0,,
U02964,2024,29.7,65.8,,
U02967,2024,25.0,66.3,,
U02973,2024,34.0,70.6,,
U00980,2024,36.6,51.8,,
U01003,2024,14.4,75.7,,
U01030,2024,22.8,73.5,,
U01099,2024,24.6,73.3,,
U01140,2024,20.1,70.3,,
U03010,2024,19.4,72.4,,
U03015,2024,34.8,63.7,,
U01212,2024,38.1,51.5,,
U01235,2024,13.2,76.4,,
U01246,2024,22.9,85.3,,
U03041,2024,18.7,82.2,,
U01256,2024,19.3,77.7,,
U01299,2024,38.1,62.3,,
U01309,2024,18.5,77.4,,
U01331,2024,28.2,60.5,,
U01354,2024,24.5,60.9,,
U03088,2024,25.3,79.1,,
U01370,2024,18.5,80.0,,
U03110,2024,32.5,63.9,,
U01449,2024,25.2,67.2,,
U01463,2024,39.2,47.2,,
U01458,2024,23.9,77.3,,
U01497,2024,32.0,51.4,,
U01539,2024,27.3,74.6,,
U01541,2024,29.5,65.9,,
U03129,2024,16.4,77.8,,
U03141,2024,21.0,76.1,,
U01585,2024,22.7,75.8,,
U01600,2024,14.3,84.6,,
U01602,2024,33.7,61.5,,
U01712,2024,27.6,76.9,,
U03200,2024,34.3,56.7,,
U01770,2024,39.1,45.1,,
U02683,2024,30.5,51.2,,
U01830,2024,24.3,68.1,,
U01847,2024,14.2,78.0,,
U03226,2024,24.4,79.2,,
U01910,2024,25.6,60.1,,
U01952,2024,38.0,62.7,,
U01968,2024,22.8,77.7,,
U01971,2024,17.9,85.2,,
U03258,2024,25.6,75.9,,
U02009,2024,24.3,79.8,,
U02027,2024,27.7,65.4,,
U03347,2024,27.7,70.2,,
U03301,2024,23.4,80.1,,
U02108,2024,15.1,73.1,,
U02112,2024,17.8,84.1,,
U02265,2024,22.5,79.2,,
U02309,2024,40.0,31.8,,
U03364,2024,25.1,74.2,,
U02334,2024,24.0,61.5,,
U02269,2024,17.2,71.9,,
U02358,2024,22.1,68.8,,
U03380,2024,26.6,69.0,,
U03387,2024,25.6,75.7,,
U03614,2024,20.4,70.2,,
U03349,2024,15.0,82.6,,
U03416,2024,29.8,56.7,,
U03428,2024,29.8,67.3,,
U03662,2024,24.6,64.9,,
U00009,2024,12.6,80.4,,
U00041,2024,12.5,81.5,,
U02239,2024,13.8,58.6,,
U02240,2024,21.2,64.4,,
U00060,2024,12.8,64.8,,
U00082,2024,14.0,61.6,,
U00111,2024,23.5,71.3,,
U00113,2024,17.1,57.2,,
U00123,2024,26.3,57.9,,
U02749,2024,30.5,62.6,,
U02752,2024,30.2,57.3,,
U00219,2024,12.0,70.5,,
U00231,2024,16.4,66.4,,
U02760,2024,21.8,78.3,,
U03337,2024,23.9,65.8,,
U00248,2024,19.7,61.3,,
U02768,2024,22.2,65.4,,
U00280,2024,32.6,48.0,,
U00286,2024,26.0,48.8,,
U00292,2024,11.8,77.8,,
U00309,2024,26.6,57.4,,
U02822,2024,9.6,79.0,,
U00342,2024,15.4,83.4,,
U02828,2024,23.8,71.0,,
U00344,2024,20.9,65.8,,
U00345,2024,16.1,82.0,,
U02209,2024,20.0,45.6,,
U02210,2024,38.7,42.9,,
U00386,2024,34.6,47.2,,
U00431,2024,32.2,50.2,,
U00450,2024,20.8,66.8,,
U00469,2024,16.6,88.2,,
U02869,2024,19.9,62.6,,
U00480,2024,14.9,69.6,,
U00494,2024,19.1,63.3,,
U02873,2024,22.5,40.7,,
U00517,2024,15.1,71.0,,
U02878,2024,12.8,71.8,,
U00560,2024,14.2,87.5,,
U00567,2024,25.8,60.2,,
U00570,2024,15.2,73.8,,
U03714,2024,25.7,32.6,,
U03715,2024,31.4,34.5,,
U03718,2024,37.0,31.3,,
U00584,2024,27.6,62.4,,
U02902,2024,12.8,82.6,,
U02590,2024,33.1,38.1,,
U00618,2024,35.3,44.5,,
U00643,2024,36.0,36.7,,
U02617,2024,22.5,54.1,,
U00655,2024,17.2,71.3,,
U02911,2024,24.7,65.5,,
U00701,2024,18.3,71.7,,
U00729,2024,13.9,66.7,,
U00738,2024,15.0,83.4,,
U00751,2024,19.3,79.6,,
U00769,2024,26.8,50.4,,
U02948,2024,30.1,68.4,,
U02949,2024,10.5,72.3,,
U00787,2024,27.4,72.9,,
U02958,2024,13.4,67.2,,
U00811,2024,26.4,44.7,,
U00864,2024,13.9,70.6,,
U00867,2024,19.6,72.4,,
U00887,2024,24.1,52.0,,
U00890,2024,24.1,59.7,,
U00897,2024,24.1,70.6,,
U02983,2024,22.7,80.4,,
U00934,2024,21.4,71.7,,
U00951,2024,16.4,54.5,,
U00957,2024,35.7,56.3,,
U00959,2024,26.5,62.0,,
U00984,2024,34.9,40.0,,
U00998,2024,29.0,55.7,,
U01002,2024,15.0,74.8,,
U01011,2024,24.3,51.8,,
U01026,2024,14.1,77.5,,
U01048,2024,19.2,78.3,,
U02249,2024,13.4,62.7,,
U01042,2024,18.3,58.3,,
U01045,2024,17.1,59.3,,
U02999,2024,28.7,44.4,,
U01067,2024,20.9,57.4,,
U03002,2024,19.9,74.7,,
U01084,2024,15.0,75.6,,
U01100,2024,27.0,49.2,,
U01126,2024,15.8,61.5,,
U01144,2024,21.7,43.6,,
U01161,2024,27.2,48.1,,
U01173,2024,37.6,49.1,,
U01190,2024,11.2,67.6,,
U01241,2024,22.5,57.6,,
U03038,2024,23.2,58.6,,
U01272,2024,12.4,65.9,,
U03049,2024,18.9,58.0,,
U01276,2024,21.4,61.1,,
U01285,2024,11.3,34.2,,
U01301,2024,25.0,46.3,,
U01304,2024,15.6,76.5,,
U02675,2024,19.0,67.5,,
U01311,2024,18.5,46.3,,
U01318,2024,22.6,75.6,,
U03073,2024,24.6,61.5,,
U01327,2024,31.0,50.1,,
U01328,2024,14.7,63.9,,
U01334,2024,12.4,65.6,,
U03095,2024,30.3,59.3,,
U01382,2024,20.0,58.8,,
U01393,2024,22.7,61.9,,
U03124,2024,27.2,53.7,,
U01443,2024,31.6,50.1,,
U01436,2024,21.2,79.4,,
U01440,2024,16.2,69.1,,
U01477,2024,27.0,38.3,,
U01527,2024,19.4,71.2,,
U01525,2024,27.1,43.2,,
U01493,2024,33.7,43.8,,
U01504,2024,23.0,59.1,,
U01479,2024,20.2,64.7,,
U01480,2024,19.5,71.7,,
U01542,2024,18.8,66.6,,
U03132,2024,25.6,64.7,,
U03134,2024,25.0,62.4,,
U03146,2024,22.1,74.4,,
U01577,2024,28.1,57.8,,
U01583,2024,15.9,60.0,,
U01589,2024,18.7,64.3,,
U01595,2024,14.7,64.0,,
U01605,2024,36.6,31.6,,
U01622,2024,20.1,61.2,,
U01625,2024,20.9,60.8,,
U01626,2024,20.4,61.2,,
U01632,2024,25.0,63.5,,
U02236,2024,16.1,68.7,,
U01635,2024,18.2,75.9,,
U03743,2024,22.5,77.9,,
U01652,2024,18.0,54.4,,
U01654,2024,21.1,62.5,,
U03173,2024,22.5,69.8,,
U01662,2024,16.2,67.9,,
U03176,2024,22.6,72.2,,
U01672,2024,22.6,78.2,,
U02681,2024,25.2,38.8,,
U02659,2024,21.0,57.3,,
U01717,2024,25.0,55.4,,
U01754,2024,12.0,80.8,,
U01758,2024,16.3,66.1,,
U01775,2024,11.6,71.9,,
U01776,2024,18.4,84.1,,
U02663,2024,18.2,70.3,,
U01811,2024,24.0,76.1,,
U03212,2024,20.5,57.4,,
U03217,2024,25.3,58.3,,
U01828,2024,33.4,55.5,,
U01843,2024,23.0,46.1,,
U01871,2024,16.9,69.3,,
U03225,2024,21.8,64.5,,
U03232,2024,20.5,63.6,,
U03235,2024,21.1,58.7,,
U03240,2024,24.7,66.3,,
U01904,2024,10.2,77.8,,
U01937,2024,22.9,49.9,,
U03257,2024,26.9,60.7,,
U02019,2024,21.7,63.9,,
U02022,2024,13.5,74.7,,
U02049,2024,12.8,79.3,,
U03288,2024,15.6,66.6,,
U02082,2024,22.2,62.3,,
U02090,2024,14.6,71.7,,
U02091,2024,22.0,61.1,,
U02119,2024,20.6,65.7,,
U02184,2024,18.5,54.3,,
U02698,2024,16.8,58.0,,
U03322,2024,20.5,65.5,,
U02198,2024,20.9,56.9,,
U02202,2024,11.9,84.8,,
U03358,2024,16.7,54.5,,
U02311,2024,16.0,90.6,,
U02316,2024,32.3,57.3,,
U03375,2024,22.6,77.3,,
U03379,2024,20.2,73.1,,
U02362,2024,22.4,62.0,,
U02369,2024,14.4,62.2,,
U01667,2024,23.4,55.0,,
U03545,2024,11.7,69.3,,
U03589,2024,15.6,68.3,,
U03405,2024,29.9,55.6,,
U03352,2024,23.8,59.3,,
U03350,2024,16.0,66.5,,
U03631,2024,21.7,62.2,,
U03423,2024,14.7,64.7,,
U03633,2024,22.1,61.2,,
U03637,2024,13.3,66.9,,
U03430,2024,20.3,62.1,,
U03652,2024,15.1,70.8,,
U03655,2024,25.0,61.0,,
U03672,2024,18.0,66.8,,
U03697,2024,19.0,75.4,,
U03703,2024,19.8,82.5,,
U03331,2024,21.9,54.4,,
U00037,2024,10.7,58.1,,
U00064,2024,10.9,69.2,,
U02733,2024,15.1,55.0,,
U00072,2024,17.7,58.2,,
U02734,2024,19.5,52.3,,
U00114,2024,24.0,51.1,,
U00127,2024,14.0,62.3,,
U00133,2024,20.5,60.8,,
U03333,2024,19.6,48.4,,
U00165,2024,10.2,66.4,,
U00167,2024,16.8,66.3,,
U00173,2024,19.5,35.2,,
U00185,2024,12.1,75.6,,
U00189,2024,23.6,53.3,,
U00225,2024,24.4,59.4,,
U00224,2024,9.7,77.3,,
U03336,2024,15.1,56.4,,
U02769,2024,27.0,49.4,,
U02772,2024,21.2,59.6,,
U00291,2024,17.0,67.4,,
U00310,2024,12.3,71.1,,
U03482,2024,19.6,52.0,,
U02793,2024,16.5,53.9,,
U00320,2024,11.6,75.9,,
U00333,2024,18.5,59.9,,
U02821,2024,17.6,58.6,,
U00350,2024,20.8,42.9,,
U02833,2024,17.2,53.7,,
U00357,2024,18.7,64.4,,
U00390,2024,13.5,76.5,,
U00392,2024,14.7,48.1,,
U00396,2024,17.9,55.1,,
U00917,2024,20.7,51.0,,
U00399,2024,14.5,74.1,,
U00403,2024,19.1,46.3,,
U00405,2024,20.9,42.0,,
U02845,2024,19.8,50.5,,
U00414,2024,23.0,54.3,,
U00425,2024,28.3,43.6,,
U00439,2024,29.7,34.9,,
U00451,2024,18.0,41.2,,
U02848,2024,18.1,54.2,,
U03017,2024,10.7,74.2,,
U00478,2024,24.4,56.6,,
U00492,2024,25.3,44.4,,
U00497,2024,15.4,50.8,,
U00510,2024,9.4,73.0,,
U02876,2024,24.2,39.0,,
U00522,2024,20.1,76.7,,
U02880,2024,23.2,54.3,,
U02881,2024,10.0,68.8,,
U00620,2024,19.2,57.3,,
U00636,2024,23.3,43.3,,
U02601,2024,21.6,41.6,,
U02606,2024,22.5,48.2,,
U00659,2024,26.8,48.2,,
U00671,2024,21.9,57.3,,
U00673,2024,16.4,45.2,,
U03338,2024,18.7,56.4,,
U00700,2024,16.5,71.5,,
U02929,2024,22.4,56.3,,
U02932,2024,14.0,57.6,,
U00737,2024,11.3,78.0,,
U00754,2024,12.7,77.1,,
U00753,2024,10.2,72.5,,
U00756,2024,10.4,63.7,,
U00783,2024,30.6,43.6,,
U00795,2024,10.7,70.9,,
U00827,2024,18.8,41.6,,
U02972,2024,14.4,59.3,,
U00858,2024,12.0,65.7,,
U00881,2024,25.1,35.7,,
U00886,2024,27.2,39.0,,
U02980,2024,23.1,29.2,,
U00905,2024,16.0,66.2,,
U00908,2024,27.2,41.7,,
U02658,2024,17.6,57.0,,
U00935,2024,11.2,72.7,,
U00958,2024,13.6,47.0,,
U00962,2024,11.1,62.9,,
U02989,2024,18.8,64.2,,
U00999,2024,8.9,71.9,,
U01009,2024,20.5,56.5,,
U01010,2024,14.1,60.7,,
U01012,2024,16.5,70.6,,
U01013,2024,9.9,67.3,,
U01018,2024,27.3,45.0,,
U01022,2024,22.4,60.2,,
U01040,2024,13.6,67.3,,
U01043,2024,10.6,51.9,,
U01053,2024,9.1,76.2,,
U01057,2024,8.9,74.8,,
U01068,2024,26.1,44.0,,
U01093,2024,21.7,32.3,,
U01139,2024,12.2,68.0,,
U01143,2024,22.1,59.5,,
U01148,2024,15.3,53.2,,
U01157,2024,21.0,60.2,,
U01176,2024,12.3,71.3,,
U01188,2024,19.6,40.9,,
U03014,2024,14.7,70.8,,
U01204,2024,16.0,47.8,,
U03024,2024,10.2,68.8,,
U01226,2024,16.7,60.2,,
U01228,2024,24.0,51.4,,
U01236,2024,22.3,23.6,,
U01238,2024,16.2,65.0,,
U01253,2024,12.6,55.5,,
U03046,2024,20.1,54.6,,
U03047,2024,20.1,58.2,,
U01277,2024,12.8,73.7,,
U01303,2024,25.3,39.6,,
U03060,2024,14.0,74.1,,
U03062,2024,16.2,60.6,,
U03063,2024,10.4,80.4,,
U01315,2024,12.4,68.1,,
U01325,2024,18.2,54.0,,
U01343,2024,11.0,67.6,,
U03084,2024,11.0,62.6,,
U03087,2024,19.0,55.0,,
U03107,2024,17.3,71.5,,
U01392,2024,20.4,56.3,,
U03119,2024,19.9,52.6,,
U01445,2024,18.3,68.6,,
U01437,2024,16.5,58.1,,
U01438,2024,15.1,66.5,,
U01459,2024,30.4,34.4,,
U01496,2024,25.0,35.8,,
U01482,2024,17.1,60.2,,
U02234,2024,15.5,45.8,,
U01548,2024,22.1,49.8,,
U01570,2024,23.1,51.4,,
U01573,2024,15.6,60.9,,
U03152,2024,21.8,51.7,,
U01571,2024,10.0,76.1,,
U01601,2024,12.2,50.1,,
U01624,2024,21.5,36.4,,
U03170,2024,18.5,49.2,,
U01655,2024,23.9,53.5,,
U01656,2024,17.5,58.5,,
U01658,2024,23.9,49.8,,
U01665,2024,31.8,36.6,,
U03179,2024,17.8,56.2,,
U03537,2024,16.7,63.7,,
U03494,2024,25.7,36.0,,
U01723,2024,30.5,37.1,,
U01743,2024,23.2,55.7,,
U03344,2024,14.7,62.4,,
U01772,2024,20.4,42.8,,
U01777,2024,7.3,60.0,,
U03210,2024,19.5,62.9,,
U01805,2024,16.6,64.3,,
U03211,2024,17.9,44.7,,
U01824,2024,13.2,53.4,,
U01825,2024,20.2,58.4,,
U03215,2024,21.5,52.0,,
U03224,2024,21.8,50.4,,
U03227,2024,15.0,61.1,,
U01888,2024,11.9,71.1,,
U01907,2024,11.8,54.5,,
U01915,2024,17.1,47.7,,
U03249,2024,26.1,41.0,,
U03250,2024,24.5,53.6,,
U01944,2024,10.5,62.1,,
U01955,2024,16.4,63.0,,
U01958,2024,14.4,66.7,,
U01965,2024,24.6,55.0,,
U01967,2024,12.7,55.7,,
U01973,2024,17.2,68.0,,
U01982,2024,16.7,47.7,,
U02003,2024,30.6,39.8,,
U00921,2024,13.3,70.5,,
U03304,2024,10.4,69.0,,
U02164,2024,15.8,49.8,,
U03312,2024,9.2,65.7,,
U03326,2024,28.7,44.8,,
U02299,2024,29.1,29.6,,
U02295,2024,17.0,54.0,,
U02307,2024,23.5,31.7,,
U03361,2024,15.9,42.2,,
U03367,2024,31.2,44.6,,
U03371,2024,19.9,31.1,,
U03544,2024,19.5,56.9,,
U03392,2024,17.0,53.7,,
U03394,2024,13.1,70.8,,
U03398,2024,17.9,57.8,,
U03580,2024,17.5,51.4,,
U03610,2024,26.2,43.1,,
U03617,2024,15.0,78.1,,
U03616,2024,13.6,68.7,,
U03414,2024,18.1,55.3,,
U03687,2024,28.0,41.2,,
U03675,2024,11.3,59.4,,
U03689,2024,9.2,71.4,,
U03437,2024,18.5,46.4,,
U03694,2024,15.8,46.0,,
U03696,2024,12.6,61.1,,
U02722,2024,17.5,45.6,,
U00023,2024,28.4,43.5,,
U00033,2024,20.9,38.6,,
U00038,2024,13.5,43.1,,
U00040,2024,15.3,45.8,,
U00047,2024,27.3,42.6,,
U00066,2024,13.6,59.2,,
U02738,2024,19.8,43.8,,
U02740,2024,18.9,48.9,,
U00148,2024,9.8,65.4,,
U02747,2024,13.1,38.3,,
U00188,2024,10.8,52.4,,
U02391,2024,12.2,54.5,,
U00210,2024,15.3,67.9,,
U00217,2024,16.8,46.0,,
U00223,2024,12.6,58.5,,
U00236,2024,9.9,45.2,,
U00237,2024,15.8,50.7,,
U00241,2024,13.0,69.6,,
U02767,2024,14.3,52.4,,
U00273,2024,9.2,66.5,,
U00274,2024,9.8,61.1,,
U00307,2024,13.9,52.7,,
U00315,2024,19.3,39.0,,
U02797,2024,21.1,43.2,,
U02801,2024,16.7,43.7,,
U02803,2024,15.2,33.7,,
U00343,2024,13.8,44.6,,
U02838,2024,13.8,51.9,,
U00369,2024,15.3,46.8,,
U02841,2024,14.7,29.0,,
U00408,2024,18.3,52.8,,
U00434,2024,24.4,39.0,,
U02852,2024,10.6,60.2,,
U00465,2024,16.6,41.8,,
U00495,2024,18.8,32.2,,
U00525,2024,16.5,54.3,,
U02879,2024,10.8,53.0,,
U00533,2024,11.8,53.8,,
U03504,2024,9.3,46.0,,
U00540,2024,9.0,54.9,,
U00549,2024,13.2,54.6,,
U00558,2024,11.8,62.0,,
U02891,2024,15.1,41.0,,
U00574,2024,13.8,55.6,,
U02901,2024,11.5,60.9,,
U02903,2024,9.9,53.5,,
U00614,2024,10.9,54.3,,
U02907,2024,12.4,51.9,,
U00624,2024,11.9,65.5,,
U00646,2024,19.8,33.5,,
U00647,2024,11.1,50.6,,
U00665,2024,18.0,50.3,,
U00667,2024,10.3,64.5,,
U00670,2024,16.7,39.8,,
U02915,2024,15.7,40.6,,
U00686,2024,29.2,26.3,,
U00689,2024,15.5,62.0,,
U00691,2024,13.0,55.4,,
U00704,2024,26.6,23.3,,
U00709,2024,17.0,48.3,,
U02927,2024,21.3,42.1,,
U00726,2024,23.2,29.5,,
U00728,2024,10.6,63.9,,
U02945,2024,11.3,69.5,,
U00763,2024,9.8,63.7,,
U00771,2024,11.5,61.6,,
U00777,2024,18.3,36.9,,
U00831,2024,14.3,48.1,,
U00852,2024,10.5,55.8,,
U00863,2024,21.4,32.8,,
U00874,2024,25.2,19.7,,
U00880,2024,19.4,33.4,,
U00899,2024,18.4,44.7,,
U00896,2024,13.4,49.2,,
U02986,2024,12.4,55.9,,
U02988,2024,16.8,40.9,,
U02224,2024,11.4,66.7,,
U00981,2024,22.0,34.4,,
U00982,2024,24.1,41.7,,
U00986,2024,10.9,54.3,,
U00997,2024,15.8,46.0,,
U02990,2024,9.2,51.5,,
U01029,2024,8.9,60.2,,
U01062,2024,18.8,35.4,,
U01065,2024,10.6,51.6,,
U01077,2024,14.4,53.8,,
U01078,2024,9.7,52.5,,
U01105,2024,11.8,51.2,,
U01115,2024,9.4,28.0,,
U01129,2024,11.8,51.9,,
U01167,2024,14.2,49.0,,
U03012,2024,10.7,60.0,,
U01192,2024,13.6,48.4,,
U01195,2024,9.9,55.5,,
U01197,2024,20.7,50.8,,
U03023,2024,14.4,65.5,,
U03019,2024,15.8,54.7,,
U03028,2024,16.1,45.6,,
U03029,2024,27.1,40.3,,
U03033,2024,13.7,31.6,,
U03035,2024,13.6,46.7,,
U01274,2024,11.1,51.2,,
U01295,2024,14.6,47.5,,
U01296,2024,8.9,53.8,,
U03059,2024,16.0,43.2,,
U02678,2024,19.3,22.9,,
U03069,2024,16.6,55.7,,
U03081,2024,18.9,39.1,,
U01339,2024,11.8,40.0,,
U01340,2024,10.6,47.9,,
U01348,2024,13.5,43.6,,
U01350,2024,8.1,55.6,,
U01372,2024,17.8,43.8,,
U01374,2024,25.1,43.4,,
U01377,2024,9.5,66.0,,
U01380,2024,9.4,60.0,,
U01409,2024,13.1,55.3,,
U01422,2024,17.5,32.6,,
U01427,2024,9.8,63.4,,
U01461,2024,24.9,29.7,,
U01465,2024,27.8,24.8,,
U01471,2024,25.2,33.8,,
U01483,2024,13.6,50.8,,
U01543,2024,14.1,39.0,,
U01555,2024,21.1,38.0,,
U01559,2024,15.0,41.8,,
U01561,2024,13.3,59.7,,
U01563,2024,10.7,57.1,,
U01588,2024,15.3,51.5,,
U01610,2024,15.9,44.5,,
U03742,2024,16.4,55.7,,
U03157,2024,11.7,54.8,,
U03206,2024,16.5,29.9,,
U03184,2024,9.2,58.6,,
U02543,2024,12.9,53.3,,
U03187,2024,12.2,61.0,,
U01700,2024,12.9,44.7,,
U01702,2024,11.3,53.9,,
U01719,2024,18.4,38.3,,
U01724,2024,16.9,42.3,,
U01745,2024,13.4,41.2,,
U01765,2024,14.3,49.5,,
U03208,2024,9.3,59.3,,
U01801,2024,14.0,43.2,,
U01817,2024,23.9,32.0,,
U01819,2024,9.6,67.1,,
U01831,2024,12.4,45.9,,
U01864,2024,14.6,57.4,,
U02556,2024,11.1,48.9,,
U03238,2024,11.9,50.5,,
U01922,2024,12.8,50.7,,
U03251,2024,13.9,40.5,,
U01939,2024,19.3,34.5,,
U01943,2024,13.5,55.8,,
U01945,2024,17.2,52.4,,
U01950,2024,12.8,51.8,,
U01964,2024,18.0,34.6,,
U01974,2024,24.2,26.9,,
U01980,2024,11.3,50.6,,
U03261,2024,19.9,33.6,,
U03266,2024,19.3,50.5,,
U03271,2024,18.2,51.0,,
U03275,2024,15.9,33.6,,
U03346,2024,17.6,53.5,,
U03278,2024,11.8,42.0,,
U02057,2024,11.5,48.0,,
U02075,2024,8.3,70.9,,
U02074,2024,8.8,57.6,,
U02100,2024,16.4,53.0,,
U02102,2024,12.1,62.7,,
U03299,2024,15.8,40.5,,
U02111,2024,10.2,54.2,,
U02118,2024,23.0,42.6,,
U02126,2024,9.1,62.6,,
U02154,2024,12.7,42.9,,
U02176,2024,13.1,45.6,,
U03315,2024,11.9,29.1,,
U02183,2024,13.1,52.7,,
U02197,2024,16.0,47.8,,
U02283,2024,14.3,48.2,,
U02296,2024,16.2,39.2,,
U02321,2024,24.0,24.7,,
U02322,2024,16.2,38.4,,
U02701,2024,17.1,48.1,,
U02680,2024,18.7,47.6,,
U03539,2024,25.9,34.7,,
U03382,2024,17.8,52.2,,
U03546,2024,16.8,59.9,,
U03548,2024,9.1,54.5,,
U03604,2024,12.7,49.5,,
U03624,2024,17.1,39.2,,
U02267,2024,11.8,51.9,,
U03412,2024,9.7,47.8,,
U03415,2024,16.3,50.5,,
U03427,2024,25.9,35.9,,
U03667,2024,17.3,44.7,,
U03434,2024,15.9,44.7,,
U03693,2024,17.3,53.9,,
U03701,2024,13.3,67.0,,
U03441,2024,18.0,48.2,,
U00018,2024,9.6,21.2,,
U00027,2024,17.4,39.2,,
U02238,2024,10.2,36.5,,
U02634,2024,12.5,31.9,,
U00076,2024,11.1,27.1,,
U00088,2024,14.2,28.5,,
U00098,2024,8.7,34.1,,
U02741,2024,7.8,55.0,,
U00134,2024,11.8,41.2,,
U03332,2024,15.7,30.1,,
U02745,2024,9.4,51.7,,
U02744,2024,20.3,33.5,,
U00158,2024,12.3,32.9,,
U00166,2024,18.9,37.0,,
U00183,2024,10.8,48.0,,
U00187,2024,16.7,45.0,,
U00192,2024,9.7,38.4,,
U00202,2024,14.7,30.2,,
U00209,2024,12.1,46.7,,
U02753,2024,8.2,47.3,,
U00232,2024,11.7,31.4,,
U00234,2024,17.1,29.2,,
U00247,2024,9.7,43.2,,
U00267,2024,11.5,17.0,,
U00278,2024,11.9,26.9,,
U00289,2024,17.2,37.5,,
U02787,2024,14.2,46.5,,
U00304,2024,11.0,35.1,,
U00923,2024,13.5,42.6,,
U02789,2024,14.9,28.7,,
U02208,2024,9.5,47.7,,
U00214,2024,9.9,43.6,,
U00319,2024,16.5,42.8,,
U00322,2024,18.3,35.8,,
U02798,2024,14.7,41.7,,
U00346,2024,12.8,34.8,,
U02437,2024,9.1,56.8,,
U02832,2024,9.9,31.2,,
U02423,2024,14.3,33.9,,
U00388,2024,17.0,37.2,,
U02842,2024,13.0,30.3,,
U00427,2024,20.8,25.0,,
U00428,2024,9.9,44.4,,
U00437,2024,21.2,29.9,,
U00433,2024,20.0,27.0,,
U00456,2024,20.0,25.4,,
U02857,2024,16.4,38.2,,
U02861,2024,9.1,43.0,,
U00487,2024,23.4,26.2,,
U00520,2024,13.5,27.2,,
U02882,2024,8.2,44.3,,
U00537,2024,18.2,25.5,,
U00547,2024,10.0,46.5,,
U00561,2024,19.9,44.7,,
U02581,2024,9.4,56.7,,
U02896,2024,9.1,56.9,,
U00581,2024,16.7,30.4,,
U00585,2024,14.9,27.9,,
U02245,2024,22.7,28.4,,
U00595,2024,16.1,36.1,,
U00601,2024,9.5,32.3,,
U02580,2024,13.5,24.6,,
U00623,2024,19.6,21.0,,
U02609,2024,17.6,41.1,,
U02591,2024,12.3,30.5,,
U02610,2024,16.6,24.6,,
U00628,2024,15.7,25.1,,
U00629,2024,13.8,26.2,,
U00634,2024,16.8,26.6,,
U02613,2024,16.4,29.1,,
U00640,2024,13.3,25.1,,
U00644,2024,11.3,30.6,,
U00645,2024,13.0,36.8,,
U00652,2024,12.7,36.1,,
U00654,2024,14.5,23.0,,
U00657,2024,10.8,36.2,,
U00658,2024,18.9,25.5,,
U00664,2024,8.5,50.6,,
U03018,2024,12.3,32.7,,
U02638,2024,19.8,21.7,,
U00705,2024,19.0,32.7,,
U02923,2024,14.8,30.8,,
U00710,2024,13.8,37.6,,
U00713,2024,11.3,36.4,,
U00718,2024,11.6,43.2,,
U00721,2024,11.4,40.6,,
U00739,2024,11.5,37.2,,
U02944,2024,17.5,46.2,,
U00762,2024,14.2,20.7,,
U00765,2024,8.9,40.8,,
U00767,2024,18.0,32.6,,
U00774,2024,19.8,31.8,,
U00775,2024,16.8,40.2,,
U02216,2024,14.2,40.6,,
U03511,2024,9.2,39.9,,
U03527,2024,8.7,36.6,,
U00799,2024,8.9,38.8,,
U02963,2024,14.1,37.6,,
U02966,2024,15.2,40.8,,
U00844,2024,11.6,32.5,,
U00846,2024,13.5,36.5,,
U00851,2024,13.0,44.8,,
U00857,2024,12.8,50.9,,
U00859,2024,10.0,47.7,,
U02979,2024,10.9,46.1,,
U00870,2024,18.8,16.9,,
U00875,2024,17.3,36.9,,
U00879,2024,14.6,24.1,,
U00948,2024,9.8,24.2,,
U00961,2024,21.2,27.8,,
U00972,2024,11.7,42.6,,
U00976,2024,11.7,56.9,,
U00987,2024,10.5,10.0,,
U00992,2024,15.1,27.8,,
U01015,2024,19.2,35.0,,
U01025,2024,12.9,47.1,,
U02226,2024,10.8,40.5,,
U02227,2024,14.3,35.1,,
U01054,2024,12.9,27.4,,
U01055,2024,13.5,24.0,,
U01063,2024,21.9,32.4,,
U01069,2024,9.4,57.2,,
U01082,2024,13.4,48.4,,
U01086,2024,15.3,39.0,,
U01111,2024,13.8,37.2,,
U01112,2024,9.2,44.5,,
U01120,2024,15.7,35.5,,
U01121,2024,9.5,46.9,,
U01142,2024,12.7,50.9,,
U01154,2024,11.5,28.8,,
U01155,2024,11.1,52.0,,
U01201,2024,17.1,15.2,,
U01215,2024,15.6,31.4,,
U03034,2024,14.1,31.2,,
U01264,2024,15.7,34.4,,
U02505,2024,13.0,39.2,,
U01282,2024,18.6,24.9,,
U02622,2024,8.6,35.7,,
U02676,2024,12.5,46.0,,
U01313,2024,14.2,51.9,,
U03068,2024,9.2,44.2,,
U03071,2024,16.9,40.8,,
U03072,2024,11.5,36.5,,
U03080,2024,13.4,45.3,,
U01344,2024,12.3,30.5,,
U01345,2024,12.4,31.1,,
U01346,2024,13.5,27.9,,
U03085,2024,9.9,37.2,,
U01356,2024,19.4,36.8,,
U01359,2024,23.9,22.8,,
U01371,2024,13.9,23.9,,
U01389,2024,15.0,32.2,,
U03109,2024,10.1,36.2,,
U01396,2024,12.6,29.2,,
U01397,2024,14.4,26.4,,
U01403,2024,18.3,20.4,,
U01411,2024,13.0,29.0,,
U01418,2024,11.5,27.6,,
U01420,2024,16.4,19.9,,
U01421,2024,14.8,28.5,,
U01423,2024,20.3,23.0,,
U03122,2024,10.6,45.9,,
U03123,2024,8.6,51.3,,
U01462,2024,17.8,20.6,,
U01468,2024,25.1,27.4,,
U01469,2024,22.2,25.0,,
U01511,2024,13.6,37.1,,
U01515,2024,18.9,37.8,,
U01472,2024,23.8,26.3,,
U01481,2024,10.7,45.7,,
U01484,2024,20.3,35.0,,
U01491,2024,14.9,10.7,,
U01499,2024,25.0,30.2,,
U01503,2024,9.0,14.9,,
U01505,2024,9.9,16.0,,
U03143,2024,10.6,30.3,,
U01613,2024,16.5,19.7,,
U01627,2024,9.0,7.4,,
U01636,2024,13.8,37.3,,
U03160,2024,14.6,35.0,,
U01647,2024,18.7,29.8,,
U01649,2024,16.3,31.1,,
U01669,2024,16.8,27.9,,
U03180,2024,12.4,21.6,,
U01677,2024,10.2,17.1,,
U01689,2024,14.1,45.5,,
U03343,2024,15.3,38.7,,
U01697,2024,13.3,14.5,,
U01710,2024,11.9,49.6,,
U01722,2024,9.8,29.7,,
U01725,2024,17.1,32.8,,
U01726,2024,11.5,37.4,,
U01739,2024,12.8,34.3,,
U01742,2024,8.5,53.7,,
U01747,2024,11.3,45.2,,
U01746,2024,13.0,35.9,,
U01753,2024,14.8,32.6,,
U03204,2024,11.4,40.8,,
U01767,2024,13.9,28.5,,
U03207,2024,12.1,35.1,,
U03445,2024,13.4,51.2,,
U01818,2024,9.3,34.0,,
U01822,2024,13.9,27.4,,
U03529,2024,10.9,24.2,,
U01873,2024,10.3,39.3,,
U01875,2024,10.6,45.4,,
U01880,2024,14.8,21.8,,
U01894,2024,12.9,33.1,,
U01897,2024,11.3,45.0,,
U01899,2024,9.9,35.1,,
U02650,2024,19.3,33.9,,
U01919,2024,14.4,36.7,,
U01923,2024,10.5,46.2,,
U01927,2024,20.1,32.7,,
U03021,2024,9.9,49.2,,
U01935,2024,13.7,41.8,,
U01941,2024,10.6,20.8,,
U01942,2024,8.4,43.4,,
U03252,2024,11.5,40.4,,
U01961,2024,20.1,22.3,,
U01962,2024,12.8,32.3,,
U01972,2024,10.3,35.5,,
U01986,2024,15.6,39.4,,
U03498,2024,7.6,51.3,,
U01998,2024,12.2,27.4,,
U02004,2024,9.0,53.5,,
U02013,2024,25.4,33.0,,
U02014,2024,15.0,25.1,,
U03530,2024,15.3,20.8,,
U03265,2024,10.3,31.4,,
U03274,2024,13.9,27.7,,
U02028,2024,14.3,21.4,,
U02024,2024,9.2,53.3,,
U02038,2024,15.1,38.3,,
U03284,2024,13.9,49.1,,
U02046,2024,11.3,23.6,,
U02048,2024,11.5,51.6,,
U03745,2024,13.0,49.3,,
U02053,2024,9.9,44.4,,
U02056,2024,16.4,22.8,,
U02688,2024,11.3,38.6,,
U03295,2024,9.9,40.2,,
U02094,2024,20.9,27.7,,
U02653,2024,9.4,51.5,,
U03306,2024,13.7,31.5,,
U02124,2024,12.7,34.1,,
U03308,2024,19.0,45.1,,
U02127,2024,13.1,20.2,,
U02155,2024,13.2,39.3,,
U02156,2024,11.1,50.4,,
U02160,2024,17.1,30.2,,
U03314,2024,10.9,24.3,,
U02689,2024,11.4,32.6,,
U00914,2024,10.8,25.4,,
U03330,2024,8.5,45.1,,
U02199,2024,15.3,27.9,,
U02200,2024,19.1,25.7,,
U02274,2024,8.9,41.9,,
U02284,2024,15.0,33.7,,
U02287,2024,12.0,36.5,,
U02289,2024,24.0,24.4,,
U02301,2024,15.2,19.7,,
U02303,2024,26.1,26.4,,
U02306,2024,21.0,31.8,,
U03362,2024,14.6,29.2,,
U02324,2024,11.5,49.8,,
U02325,2024,8.2,49.5,,
U02342,2024,14.4,37.8,,
U03370,2024,10.3,23.5,,
U02348,2024,26.0,18.3,,
U02374,2024,13.9,38.0,,
U02375,2024,15.4,22.3,,
U02699,2024,13.5,37.0,,
U03388,2024,14.4,37.9,,
U03567,2024,9.1,44.4,,
U03390,2024,29.2,19.9,,
U03574,2024,11.2,46.8,,
U03579,2024,16.3,36.0,,
U03587,2024,13.4,41.8,,
U03591,2024,10.9,8.8,,
U03594,2024,12.9,34.5,,
U03600,2024,19.7,27.8,,
U03602,2024,12.3,27.4,,
U03606,2024,13.3,35.5,,
U03607,2024,11.8,41.6,,
U03609,2024,19.6,33.3,,
U03411,2024,18.0,35.2,,
U03413,2024,17.1,39.3,,
U03620,2024,13.7,40.2,,
U03639,2024,13.9,34.3,,
U03640,2024,17.4,33.1,,
U03642,2024,11.0,46.2,,
U03654,2024,15.9,49.0,,
U03656,2024,16.3,43.5,,
U03659,2024,15.3,24.8,,
U03661,2024,13.4,21.4,,
U03432,2024,13.1,25.9,,
U03665,2024,12.9,41.5,,
U03666,2024,14.5,52.3,,
U03676,2024,22.5,19.1,,
U03684,2024,24.1,32.1,,
U03685,2024,9.9,8.2,,
U03435,2024,9.8,45.8,,
U03436,2024,12.3,42.6,,
U03690,2024,12.6,35.5,,
U03695,2024,16.4,34.5,,
U03438,2024,12.7,37.3,,
U03474,2024,8.6,25.4,,
U02704,2024,7.8,8.1,,
U00008,2024,9.7,30.1,,
U02724,2024,9.0,11.6,,
U00019,2024,12.0,22.7,,
U00026,2024,7.7,26.1,,
U00030,2024,11.6,17.2,,
U00051,2024,13.4,20.8,,
U00053,2024,8.8,23.5,,
U00073,2024,12.1,31.6,,
U00106,2024,16.5,15.2,,
U00109,2024,15.3,24.6,,
U02743,2024,9.1,39.1,,
U02636,2024,12.7,16.5,,
U03334,2024,8.6,8.8,,
U00135,2024,10.4,18.7,,
U02383,2024,10.4,33.5,,
U00144,2024,11.6,30.5,,
U00145,2024,12.6,23.1,,
U00151,2024,9.6,20.0,,
U00152,2024,7.9,33.1,,
U00154,2024,8.9,10.4,,
U00164,2024,11.2,32.7,,
U02392,2024,8.0,10.2,,
U02393,2024,8.0,12.8,,
U02402,2024,9.6,11.1,,
U02404,2024,9.3,7.7,,
U02405,2024,9.1,9.1,,
U02397,2024,9.1,17.1,,
U02398,2024,10.5,19.1,,
U02401,2024,10.0,14.6,,
U00205,2024,9.0,12.6,,
U00221,2024,16.2,12.5,,
U02754,2024,12.6,19.8,,
U00227,2024,8.6,13.8,,
U00250,2024,12.2,15.7,,
U02762,2024,7.8,14.6,,
U02765,2024,7.9,12.2,,
U02799,2024,8.3,14.4,,
U00269,2024,13.7,10.6,,
U00271,2024,9.5,17.1,,
U02771,2024,5.7,35.0,,
U00276,2024,10.3,10.7,,
U00279,2024,7.3,30.2,,
U00281,2024,9.4,13.5,,
U00282,2024,14.9,23.1,,
U00285,2024,9.5,22.8,,
U02800,2024,12.8,13.9,,
U02776,2024,9.5,26.7,,
U02779,2024,8.6,19.3,,
U00297,2024,8.6,14.9,,
U00300,2024,9.3,29.2,,
U00308,2024,9.4,30.3,,
U02790,2024,9.9,17.2,,
U00327,2024,9.8,10.3,,
U00330,2024,9.4,30.4,,
U00331,2024,10.4,20.0,,
U02805,2024,11.0,9.0,,
U03712,2024,9.5,22.7,,
U00356,2024,10.5,11.7,,
U00358,2024,15.2,29.0,,
U02420,2024,13.4,19.3,,
U02416,2024,14.9,22.9,,
U02835,2024,9.4,11.8,,
U00364,2024,11.4,8.9,,
U01314,2024,5.2,21.6,,
U00377,2024,9.7,18.2,,
U00382,2024,9.1,5.8,,
U00391,2024,18.2,28.2,,
U00458,2024,7.9,30.4,,
U00398,2024,10.7,10.7,,
U00404,2024,8.8,13.0,,
U00416,2024,10.0,16.8,,
U03478,2024,10.8,28.8,,
U00430,2024,11.9,15.9,,
U00440,2024,12.7,15.5,,
U02850,2024,8.0,12.4,,
U00466,2024,15.7,26.3,,
U00467,2024,17.3,15.5,,
U00482,2024,10.7,30.4,,
U02862,2024,11.5,25.2,,
U00509,2024,11.4,27.0,,
U02871,2024,10.3,28.2,,
U00515,2024,12.8,31.3,,
U02719,2024,9.9,31.1,,
U00532,2024,16.9,12.7,,
U00535,2024,15.4,19.1,,
U00536,2024,10.3,22.0,,
U00545,2024,10.9,11.1,,
U00556,2024,7.8,23.3,,
U00557,2024,9.2,17.5,,
U00563,2024,11.0,16.5,,
U00587,2024,9.3,20.0,,
U00597,2024,8.7,37.6,,
U00599,2024,9.4,29.0,,
U00605,2024,16.6,20.5,,
U02579,2024,11.0,15.7,,
U02588,2024,10.9,21.6,,
U02585,2024,13.8,20.2,,
U02589,2024,9.8,7.4,,
U00627,2024,8.0,24.5,,
U02593,2024,12.8,25.1,,
U00630,2024,9.6,21.3,,
U02595,2024,12.1,27.5,,
U02612,2024,10.3,14.5,,
U00635,2024,11.7,22.3,,
U02598,2024,12.0,20.7,,
U00638,2024,11.7,21.3,,
U00625,2024,11.0,19.1,,
U02621,2024,9.0,5.7,,
U02603,2024,10.4,36.4,,
U00676,2024,13.1,27.8,,
U02913,2024,9.4,33.6,,
U03508,2024,8.1,13.5,,
U02455,2024,8.6,11.6,,
U02918,2024,12.4,16.4,,
U00693,2024,9.7,17.9,,
U03486,2024,9.4,28.9,,
U00707,2024,10.8,33.0,,
U00720,2024,9.3,22.2,,
U00722,2024,8.7,34.0,,
U00724,2024,9.6,23.2,,
U00727,2024,9.3,20.8,,
U00731,2024,12.4,23.0,,
U00750,2024,10.1,18.9,,
U02940,2024,8.8,13.7,,
U02942,2024,9.3,13.4,,
U00755,2024,10.5,12.5,,
U00779,2024,15.7,27.4,,
U00791,2024,11.2,25.8,,
U03510,2024,10.3,19.2,,
U00793,2024,12.3,20.7,,
U02951,2024,11.8,10.8,,
U00798,2024,8.5,34.2,,
U00801,2024,11.5,9.8,,
U00807,2024,9.3,33.6,,
U00812,2024,9.8,15.1,,
U00826,2024,11.0,34.0,,
U00835,2024,8.7,16.4,,
U02971,2024,13.2,11.8,,
U00849,2024,12.5,12.2,,
U02501,2024,12.2,11.6,,
U00906,2024,8.4,14.0,,
U00944,2024,9.4,21.5,,
U00925,2024,9.9,14.5,,
U00933,2024,9.4,36.5,,
U00954,2024,9.6,23.4,,
U00955,2024,11.5,9.1,,
U00965,2024,9.7,12.5,,
U00971,2024,9.2,32.3,,
U00977,2024,10.6,33.3,,
U00988,2024,11.3,22.2,,
U00990,2024,9.7,7.0,,
U00991,2024,11.2,12.6,,
U00994,2024,11.2,36.7,,
U01004,2024,13.6,15.3,,
U01005,2024,12.3,11.9,,
U01014,2024,13.6,13.6,,
U01017,2024,9.1,23.0,,
U01021,2024,9.2,27.6,,
U02992,2024,8.8,12.7,,
U01060,2024,8.3,11.4,,
U01061,2024,10.2,17.3,,
U01066,2024,8.3,7.3,,
U03001,2024,10.6,19.5,,
U01070,2024,10.1,27.8,,
U03513,2024,8.6,16.0,,
U01083,2024,12.6,23.5,,
U01085,2024,11.6,35.8,,
U01094,2024,10.8,24.9,,
U01095,2024,8.8,12.4,,
U01096,2024,10.3,7.3,,
U03003,2024,8.1,12.0,,
U01102,2024,10.1,8.6,,
U03006,2024,7.7,10.7,,
U01141,2024,22.9,19.2,,
U01151,2024,18.8,17.2,,
U01218,2024,9.8,18.4,,
U01163,2024,9.7,22.1,,
U01164,2024,12.3,21.8,,
U01165,2024,15.6,15.9,,
U01166,2024,11.3,26.3,,
U01175,2024,14.3,20.1,,
U02671,2024,9.0,24.3,,
U03013,2024,8.7,18.0,,
U01198,2024,9.5,15.4,,
U01205,2024,9.1,14.9,,
U01222,2024,11.1,28.0,,
U03022,2024,8.6,17.2,,
U01223,2024,9.3,25.3,,
U01224,2024,9.6,37.6,,
U03025,2024,8.1,26.3,,
U01234,2024,17.3,15.8,,
U03037,2024,11.7,30.3,,
U01260,2024,11.6,21.1,,
U01262,2024,13.4,14.7,,
U03440,2024,15.6,28.8,,
U01273,2024,16.1,19.6,,
U03050,2024,14.1,25.8,,
U01280,2024,14.0,29.7,,
U03052,2024,10.3,26.5,,
U03057,2024,18.1,24.6,,
U01293,2024,10.8,12.4,,
U01298,2024,8.5,10.5,,
U02674,2024,13.0,32.6,,
U01320,2024,19.3,22.4,,
U01324,2024,11.7,31.9,,
U03075,2024,7.5,31.4,,
U01332,2024,13.9,15.5,,
U02507,2024,9.1,28.7,,
U01351,2024,12.1,13.5,,
U01352,2024,12.1,11.6,,
U01357,2024,14.1,14.3,,
U01361,2024,8.1,21.3,,
U01369,2024,7.5,23.7,,
U01375,2024,12.0,22.6,,
U01379,2024,11.7,8.6,,
U03099,2024,13.4,16.1,,
U03105,2024,11.8,24.3,,
U02721,2024,9.2,10.3,,
U03518,2024,9.9,33.6,,
U03112,2024,12.6,23.8,,
U01402,2024,10.3,11.0,,
U01405,2024,11.6,25.3,,
U03117,2024,9.9,16.3,,
U01407,2024,9.1,40.9,,
U03520,2024,7.6,6.6,,
U01415,2024,10.6,22.9,,
U01417,2024,8.4,16.0,,
U03120,2024,9.0,23.2,,
U02537,2024,9.4,16.9,,
U01453,2024,8.7,17.3,,
U01454,2024,10.5,14.8,,
U01460,2024,8.7,35.2,,
U01467,2024,14.1,21.0,,
U01466,2024,18.4,13.3,,
U01514,2024,10.3,20.0,,
U01513,2024,10.0,11.8,,
U01475,2024,11.7,8.4,,
U01476,2024,14.6,23.1,,
U01517,2024,16.0,12.1,,
U01519,2024,8.9,30.1,,
U01520,2024,9.5,9.2,,
U01488,2024,16.1,17.6,,
U01524,2024,10.7,26.9,,
U01494,2024,11.5,27.5,,
U01495,2024,15.1,22.4,,
U01509,2024,11.7,15.7,,
U01544,2024,13.1,19.8,,
U02647,2024,9.0,27.2,,
U01565,2024,9.7,10.7,,
U01568,2024,8.7,23.8,,
U01572,2024,9.0,9.1,,
U03340,2024,13.0,26.0,,
U01575,2024,10.1,11.2,,
U01579,2024,11.1,7.7,,
U01593,2024,9.8,7.7,,
U01599,2024,9.8,10.0,,
U02624,2024,8.1,9.6,,
U03156,2024,11.7,29.1,,
U01604,2024,12.4,12.8,,
U01608,2024,8.0,5.3,,
U01611,2024,12.3,32.0,,
U01618,2024,9.2,5.8,,
U01623,2024,11.0,20.0,,
U01566,2024,9.4,24.5,,
U01630,2024,8.4,7.3,,
U01631,2024,11.4,22.2,,
U01637,2024,9.0,13.2,,
U01639,2024,10.3,19.6,,
U01645,2024,15.3,20.6,,
U01646,2024,12.6,23.7,,
U03163,2024,16.3,23.2,,
U01653,2024,9.2,9.6,,
U02648,2024,12.2,19.2,,
U01661,2024,9.5,16.7,,
U02542,2024,9.1,12.0,,
U03174,2024,15.6,21.5,,
U03175,2024,17.7,17.7,,
U01675,2024,10.7,12.5,,
U01678,2024,9.1,26.1,,
U01679,2024,7.7,5.2,,
U03342,2024,12.6,28.9,,
U02649,2024,12.1,33.0,,
U01685,2024,8.7,7.8,,
U01686,2024,13.4,9.9,,
U01688,2024,12.5,8.2,,
U03185,2024,10.3,15.2,,
U02546,2024,8.7,10.1,,
U03190,2024,9.4,39.3,,
U02549,2024,9.5,13.6,,
U01713,2024,11.4,28.8,,
U01714,2024,10.1,33.9,,
U01721,2024,10.7,14.6,,
U02551,2024,10.6,10.2,,
U01732,2024,8.7,15.3,,
U03196,2024,14.4,15.4,,
U01748,2024,14.9,27.6,,
U03201,2024,14.9,26.5,,
U03202,2024,10.7,13.7,,
U01761,2024,9.9,5.2,,
U01763,2024,8.9,29.4,,
U01804,2024,9.5,23.9,,
U01810,2024,7.9,37.9,,
U01816,2024,13.8,26.3,,
U03213,2024,16.7,29.9,,
U01849,2024,17.1,18.1,,
U01851,2024,13.4,16.8,,
U01792,2024,9.4,29.3,,
U01858,2024,10.6,12.0,,
U03345,2024,14.1,22.6,,
U01859,2024,9.1,29.1,,
U03020,2024,10.9,19.7,,
U01863,2024,14.5,21.8,,
U01874,2024,15.5,19.4,,
U01882,2024,10.6,10.9,,
U01890,2024,9.2,12.1,,
U03234,2024,15.4,29.8,,
U03236,2024,9.5,25.8,,
U03237,2024,10.8,18.6,,
U01895,2024,10.7,3.7,,
U01898,2024,10.8,8.5,,
U03248,2024,7.4,12.8,,
U03246,2024,7.0,9.0,,
U01929,2024,15.2,24.1,,
U01931,2024,14.8,22.5,,
U01963,2024,13.0,19.3,,
U01969,2024,16.0,19.5,,
U03256,2024,12.9,15.2,,
U01809,2024,8.2,15.8,,
U01976,2024,9.6,3.4,,
U01979,2024,10.4,23.8,,
U03259,2024,13.5,23.4,,
U01987,2024,13.6,20.7,,
U03260,2024,11.4,26.4,,
U01996,2024,9.5,26.1,,
U01999,2024,12.0,22.3,,
U02001,2024,12.2,23.4,,
U03262,2024,8.4,13.6,,
U02015,2024,11.0,13.3,,
U02039,2024,11.2,11.4,,
U03285,2024,9.0,35.7,,
U02047,2024,9.7,15.8,,
U02651,2024,9.0,18.1,,
U01872,2024,9.3,25.9,,
U02061,2024,8.6,4.1,,
U02062,2024,11.1,30.0,,
U02063,2024,11.3,18.1,,
U02064,2024,9.3,14.1,,
U02106,2024,9.8,29.9,,
U03532,2024,9.8,29.9,,
U02652,2024,10.5,26.6,,
U02105,2024,11.7,23.2,,
U02123,2024,11.0,14.0,,
U02161,2024,18.9,18.2,,
U02162,2024,8.4,11.2,,
U02168,2024,11.1,24.2,,
U02177,2024,4.6,14.8,,
U02627,2024,10.2,22.3,,
U02187,2024,12.7,33.9,,
U02694,2024,14.7,28.6,,
U02189,2024,11.0,28.5,,
U02191,2024,10.5,12.7,,
U02288,2024,8.6,33.7,,
U02298,2024,9.1,18.9,,
U02290,2024,12.0,13.9,,
U02291,2024,9.0,12.1,,
U02310,2024,11.0,18.9,,
U02318,2024,13.4,21.3,,
U02319,2024,9.5,9.5,,
U02320,2024,9.2,8.7,,
U02340,2024,9.0,5.1,,
U02356,2024,10.2,8.1,,
U02355,2024,8.0,17.1,,
U02677,2024,14.3,25.0,,
U03557,2024,10.4,14.3,,
U03553,2024,12.6,9.1,,
U03556,2024,8.9,4.7,,
U02493,2024,8.7,12.2,,
U03389,2024,12.2,22.0,,
U03560,2024,22.8,19.3,,
U00924,2024,9.6,35.4,,
U03575,2024,11.2,26.1,,
U03576,2024,7.6,36.0,,
U03570,2024,9.9,7.6,,
U03593,2024,9.3,22.9,,
U03596,2024,10.7,7.7,,
U03595,2024,8.5,29.8,,
U03404,2024,13.5,35.3,,
U03410,2024,9.7,34.7,,
U03664,2024,11.7,34.5,,
U03669,2024,12.4,17.6,,
U03670,2024,8.6,26.8,,
U03674,2024,10.5,28.8,,
U03709,2024,11.2,21.6,,
U00005,2024,,,,
U00006,2024,,,,
U00007,2024,,,,
U00010,2024,,,,
U00011,2024,,,,
U00013,2024,,,,
U00015,2024,,,,
U00021,2024,,,,
U00028,2024,,,,
U00029,2024,,,,
U02710,2024,,,,
U02728,2024,,,,
U02633,2024,,,,
U02729,2024,,,,
U00039,2024,,,,
U03481,2024,,,,
U00044,2024,,,,
U00045,2024,,,,
U00049,2024,,,,
U00050,2024,,,,
U00052,2024,,,,
U00054,2024,,,,
U00061,2024,,,,
U00055,2024,,,,
U00056,2024,,,,
U00057,2024,,,,
U00063,2024,,,,
U00065,2024,,,,
U00067,2024,,,,
U00068,2024,,,,
U00070,2024,,,,
U00071,2024,,,,
U00077,2024,,,,
U00079,2024,,,,
U02735,2024,,,,
U00080,2024,,,,
U02736,2024,,,,
U02737,2024,,,,
U00081,2024,,,,
U00083,2024,,,,
U00085,2024,,,,
U02739,2024,,,,
U00086,2024,,,,
U00087,2024,,,,
U00090,2024,,,,
U00091,2024,,,,
U00092,2024,,,,
U00093,2024,,,,
U00094,2024,,,,
U00095,2024,,,,
U00097,2024,,,,
U00099,2024,,,,
U00100,2024,,,,
U00101,2024,,,,
U00102,2024,,,,
U00103,2024,,,,
U00105,2024,,,,
U00058,2024,,,,
U00108,2024,,,,
U00107,2024,,,,
U00059,2024,,,,
U00110,2024,,,,
U00116,2024,,,,
U00115,2024,,,,
U00112,2024,,,,
U00119,2024,,,,
U00124,2024,,,,
U00121,2024,,,,
U00128,2024,,,,
U00129,2024,,,,
U00130,2024,,,,
U00132,2024,,,,
U00131,2024,,,,
U00153,2024,,,,
U00136,2024,,,,
U00139,2024,,,,
U00137,2024,,,,
U00138,2024,,,,
U00140,2024,,,,
U00142,2024,,,,
U00143,2024,,,,
U00155,2024,,,,
U00159,2024,,,,
U00163,2024,,,,
U00160,2024,,,,
U00171,2024,,,,
U00172,2024,,,,
U00174,2024,,,,
U03335,2024,,,,
U00175,2024,,,,
U00176,2024,,,,
U00177,2024,,,,
U00178,2024,,,,
U00179,2024,,,,
U00180,2024,,,,
U00191,2024,,,,
U00198,2024,,,,
U00201,2024,,,,
U00207,2024,,,,
U00213,2024,,,,
U00212,2024,,,,
U00215,2024,,,,
U00220,2024,,,,
U00222,2024,,,,
U00226,2024,,,,
U02756,2024,,,,
U00229,2024,,,,
U02757,2024,,,,
U00233,2024,,,,
U00235,2024,,,,
U00239,2024,,,,
U00242,2024,,,,
U00244,2024,,,,
U02764,2024,,,,
U00246,2024,,,,
U00249,2024,,,,
U00268,2024,,,,
U00266,2024,,,,
U00270,2024,,,,
U02770,2024,,,,
U00275,2024,,,,
U00277,2024,,,,
U00284,2024,,,,
U00293,2024,,,,
U02778,2024,,,,
U00296,2024,,,,
U02780,2024,,,,
U00299,2024,,,,
U02783,2024,,,,
U02207,2024,,,,
U00321,2024,,,,
U00323,2024,,,,
U00325,2024,,,,
U00324,2024,,,,
U00326,2024,,,,
U00329,2024,,,,
U03713,2024,,,,
U02410,2024,,,,
U00340,2024,,,,
U02436,2024,,,,
U00360,2024,,,,
U00355,2024,,,,
U02414,2024,,,,
U02415,2024,,,,
U02424,2024,,,,
U00362,2024,,,,
U00363,2024,,,,
U00365,2024,,,,
U00366,2024,,,,
U02836,2024,,,,
U02708,2024,,,,
U02712,2024,,,,
U02709,2024,,,,
U02711,2024,,,,
U00367,2024,,,,
U00368,2024,,,,
U02840,2024,,,,
U00376,2024,,,,
U00378,2024,,,,
U00381,2024,,,,
U02430,2024,,,,
U00383,2024,,,,
U00393,2024,,,,
U00401,2024,,,,
U00402,2024,,,,
U02844,2024,,,,
U00419,2024,,,,
U00420,2024,,,,
U02429,2024,,,,
U00441,2024,,,,
U00442,2024,,,,
U00448,2024,,,,
U00449,2024,,,,
U02847,2024,,,,
U00471,2024,,,,
U02859,2024,,,,
U00477,2024,,,,
U00484,2024,,,,
U02720,2024,,,,
U02864,2024,,,,
U02865,2024,,,,
U00493,2024,,,,
U00503,2024,,,,
U00511,2024,,,,
U00514,2024,,,,
U00519,2024,,,,
U00524,2024,,,,
U00523,2024,,,,
U00526,2024,,,,
U00529,2024,,,,
U00528,2024,,,,
U00530,2024,,,,
U02883,2024,,,,
U00539,2024,,,,
U00541,2024,,,,
U00546,2024,,,,
U00550,2024,,,,
U00551,2024,,,,
U00500,2024,,,,
U02884,2024,,,,
U02885,2024,,,,
U00555,2024,,,,
U00562,2024,,,,
U00564,2024,,,,
U02893,2024,,,,
U03719,2024,,,,
U03720,2024,,,,
U03721,2024,,,,
U03722,2024,,,,
U03723,2024,,,,
U03726,2024,,,,
U03724,2024,,,,
U03725,2024,,,,
U03727,2024,,,,
U03717,2024,,,,
U03729,2024,,,,
U03728,2024,,,,
U03734,2024,,,,
U03730,2024,,,,
U03731,2024,,,,
U03733,2024,,,,
U03735,2024,,,,
U03737,2024,,,,
U03738,2024,,,,
U03739,2024,,,,
U03740,2024,,,,
U03741,2024,,,,
U02894,2024,,,,
U00578,2024,,,,
U00579,2024,,,,
U00580,2024,,,,
U00582,2024,,,,
U00583,2024,,,,
U00588,2024,,,,
U02897,2024,,,,
U00589,2024,,,,
U00918,2024,,,,
U00598,2024,,,,
U00600,2024,,,,
U00603,2024,,,,
U00606,2024,,,,
U02586,2024,,,,
U02587,2024,,,,
U00610,2024,,,,
U00613,2024,,,,
U00611,2024,,,,
U00615,2024,,,,
U00617,2024,,,,
U00622,2024,,,,
U00631,2024,,,,
U00633,2024,,,,
U00637,2024,,,,
U00641,2024,,,,
U00648,2024,,,,
U00649,2024,,,,
U00661,2024,,,,
U00662,2024,,,,
U00663,2024,,,,
U00666,2024,,,,
U00678,2024,,,,
U00679,2024,,,,
U02914,2024,,,,
U00680,2024,,,,
U00694,2024,,,,
U00699,2024,,,,
U02919,2024,,,,
U00703,2024,,,,
U02921,2024,,,,
U00712,2024,,,,
U02928,2024,,,,
U00725,2024,,,,
U00730,2024,,,,
U00736,2024,,,,
U02214,2024,,,,
U00740,2024,,,,
U00741,2024,,,,
U02215,2024,,,,
U00743,2024,,,,
U00757,2024,,,,
U00758,2024,,,,
U00759,2024,,,,
U00761,2024,,,,
U02947,2024,,,,
U00770,2024,,,,
U00772,2024,,,,
U00773,2024,,,,
U00848,2024,,,,
U00780,2024,,,,
U00788,2024,,,,
U00789,2024,,,,
U00794,2024,,,,
U02955,2024,,,,
U02956,2024,,,,
U01909,2024,,,,
U00802,2024,,,,
U00804,2024,,,,
U00803,2024,,,,
U00805,2024,,,,
U03339,2024,,,,
U00806,2024,,,,
U00809,2024,,,,
U00810,2024,,,,
U00808,2024,,,,
U00813,2024,,,,
U00814,2024,,,,
U00816,2024,,,,
U00819,2024,,,,
U02960,2024,,,,
U00815,2024,,,,
U00828,2024,,,,
U02969,2024,,,,
U00839,2024,,,,
U00847,2024,,,,
U00850,2024,,,,
U00853,2024,,,,
U00855,2024,,,,
U00862,2024,,,,
U00866,2024,,,,
U00873,2024,,,,
U00876,2024,,,,
U00904,2024,,,,
U00907,2024,,,,
U00909,2024,,,,
U00916,2024,,,,
U02502,2024,,,,
U00930,2024,,,,
U00931,2024,,,,
U00932,2024,,,,
U00939,2024,,,,
U00938,2024,,,,
U00941,2024,,,,
U00919,2024,,,,
U00942,2024,,,,
U00946,2024,,,,
U00945,2024,,,,
U00950,2024,,,,
U02225,2024,,,,
U00964,2024,,,,
U00966,2024,,,,
U02642,2024,,,,
U00967,2024,,,,
U00968,2024,,,,
U00969,2024,,,,
U00974,2024,,,,
U00975,2024,,,,
U00979,2024,,,,
U00985,2024,,,,
U02630,2024,,,,
U00989,2024,,,,
U00995,2024,,,,
U00996,2024,,,,
U01006,2024,,,,
U01007,2024,,,,
U01008,2024,,,,
U02991,2024,,,,
U01032,2024,,,,
U01033,2024,,,,
U01038,2024,,,,
U01050,2024,,,,
U01051,2024,,,,
U02998,2024,,,,
U01052,2024,,,,
U01058,2024,,,,
U01071,2024,,,,
U01073,2024,,,,
U01074,2024,,,,
U01080,2024,,,,
U01091,2024,,,,
U01089,2024,,,,
U01090,2024,,,,
U01092,2024,,,,
U01097,2024,,,,
U01101,2024,,,,
U01116,2024,,,,
U01113,2024,,,,
U01114,2024,,,,
U01117,2024,,,,
U01123,2024,,,,
U01124,2024,,,,
U01125,2024,,,,
U01128,2024,,,,
U01134,2024,,,,
U01135,2024,,,,
U01136,2024,,,,
U01150,2024,,,,
U03009,2024,,,,
U01153,2024,,,,
U01156,2024,,,,
U01158,2024,,,,
U01160,2024,,,,
U01162,2024,,,,
U01168,2024,,,,
U01169,2024,,,,
U01170,2024,,,,
U01171,2024,,,,
U01172,2024,,,,
U01181,2024,,,,
U01183,2024,,,,
U01189,2024,,,,
U01191,2024,,,,
U01217,2024,,,,
U01193,2024,,,,
U01194,2024,,,,
U01199,2024,,,,
U01200,2024,,,,
U01202,2024,,,,
U01203,2024,,,,
U01209,2024,,,,
U01049,2024,,,,
U01225,2024,,,,
U01230,2024,,,,
U01233,2024,,,,
U01219,2024,,,,
U03027,2024,,,,
U01237,2024,,,,
U01239,2024,,,,
U01240,2024,,,,
U01245,2024,,,,
U01247,2024,,,,
U03036,2024,,,,
U01249,2024,,,,
U01252,2024,,,,
U03506,2024,,,,
U01254,2024,,,,
U01255,2024,,,,
U01257,2024,,,,
U02229,2024,,,,
U01267,2024,,,,
U01268,2024,,,,
U01271,2024,,,,
U01269,2024,,,,
U01286,2024,,,,
U03058,2024,,,,
U02486,2024,,,,
U02713,2024,,,,
U01300,2024,,,,
U01305,2024,,,,
U01307,2024,,,,
U01308,2024,,,,
U02506,2024,,,,
U01316,2024,,,,
U01319,2024,,,,
U01322,2024,,,,
U01323,2024,,,,
U03079,2024,,,,
U01287,2024,,,,
U02509,2024,,,,
U03082,2024,,,,
U03083,2024,,,,
U01349,2024,,,,
U01353,2024,,,,
U02644,2024,,,,
U01368,2024,,,,
U01373,2024,,,,
U01376,2024,,,,
U03098,2024,,,,
U01381,2024,,,,
U01384,2024,,,,
U01288,2024,,,,
U01387,2024,,,,
U01388,2024,,,,
U03517,2024,,,,
U03108,2024,,,,
U01391,2024,,,,
U03113,2024,,,,
U01848,2024,,,,
U01404,2024,,,,
U01406,2024,,,,
U03116,2024,,,,
U01408,2024,,,,
U02646,2024,,,,
U01410,2024,,,,
U01413,2024,,,,
U01416,2024,,,,
U02513,2024,,,,
U02518,2024,,,,
U02519,2024,,,,
U02524,2024,,,,
U02529,2024,,,,
U01426,2024,,,,
U01428,2024,,,,
U01429,2024,,,,
U01430,2024,,,,
U01431,2024,,,,
U01432,2024,,,,
U01433,2024,,,,
U01455,2024,,,,
U01456,2024,,,,
U01457,2024,,,,
U01512,2024,,,,
U01474,2024,,,,
U01516,2024,,,,
U01510,2024,,,,
U02232,2024,,,,
U01485,2024,,,,
U01523,2024,,,,
U01492,2024,,,,
U01526,2024,,,,
U01536,2024,,,,
U01506,2024,,,,
U01507,2024,,,,
U01535,2024,,,,
U01537,2024,,,,
U01540,2024,,,,
U01545,2024,,,,
U01553,2024,,,,
U01556,2024,,,,
U01558,2024,,,,
U01560,2024,,,,
U03144,2024,,,,
U01562,2024,,,,
U01564,2024,,,,
U03151,2024,,,,
U01574,2024,,,,
U01581,2024,,,,
U01584,2024,,,,
U01598,2024,,,,
U02714,2024,,,,
U03155,2024,,,,
U01606,2024,,,,
U01607,2024,,,,
U02540,2024,,,,
U01614,2024,,,,
U01615,2024,,,,
U01616,2024,,,,
U01619,2024,,,,
U03158,2024,,,,
U01629,2024,,,,
U01634,2024,,,,
U01633,2024,,,,
U03505,2024,,,,
U01638,2024,,,,
U01642,2024,,,,
U01643,2024,,,,
U01644,2024,,,,
U01650,2024,,,,
U02717,2024,,,,
U01651,2024,,,,
U03169,2024,,,,
U02488,2024,,,,
U02489,2024,,,,
U01659,2024,,,,
U01660,2024,,,,
U02468,2024,,,,
U01663,2024,,,,
U01664,2024,,,,
U01674,2024,,,,
U03188,2024,,,,
U01691,2024,,,,
U01693,2024,,,,
U01692,2024,,,,
U01694,2024,,,,
U01695,2024,,,,
U01698,2024,,,,
U01699,2024,,,,
U01701,2024,,,,
U01711,2024,,,,
U01720,2024,,,,
U03195,2024,,,,
U02553,2024,,,,
U01749,2024,,,,
U01750,2024,,,,
U01751,2024,,,,
U01752,2024,,,,
U03203,2024,,,,
U01762,2024,,,,
U01764,2024,,,,
U01766,2024,,,,
U03205,2024,,,,
U01778,2024,,,,
U01780,2024,,,,
U01781,2024,,,,
U02626,2024,,,,
U01796,2024,,,,
U01797,2024,,,,
U01800,2024,,,,
U01807,2024,,,,
U01821,2024,,,,
U01827,2024,,,,
U01829,2024,,,,
U01834,2024,,,,
U01835,2024,,,,
U01836,2024,,,,
U01837,2024,,,,
U01839,2024,,,,
U01832,2024,,,,
U01838,2024,,,,
U01833,2024,,,,
U01841,2024,,,,
U01850,2024,,,,
U01852,2024,,,,
U01857,2024,,,,
U03220,2024,,,,
U03221,2024,,,,
U03222,2024,,,,
U01868,2024,,,,
U01870,2024,,,,
U01877,2024,,,,
U01878,2024,,,,
U01881,2024,,,,
U01885,2024,,,,
U01883,2024,,,,
U01884,2024,,,,
U01886,2024,,,,
U02558,2024,,,,
U03231,2024,,,,
U03233,2024,,,,
U02559,2024,,,,
U01896,2024,,,,
U01902,2024,,,,
U01903,2024,,,,
U01908,2024,,,,
U03247,2024,,,,
U01914,2024,,,,
U01916,2024,,,,
U01917,2024,,,,
U01924,2024,,,,
U01928,2024,,,,
U01930,2024,,,,
U01932,2024,,,,
U01933,2024,,,,
U01934,2024,,,,
U02260,2024,,,,
U01970,2024,,,,
U01985,2024,,,,
U01988,2024,,,,
U01992,2024,,,,
U02492,2024,,,,
U01995,2024,,,,
U01997,2024,,,,
U02005,2024,,,,
U02007,2024,,,,
U02011,2024,,,,
U03263,2024,,,,
U03264,2024,,,,
U00920,2024,,,,
U02033,2024,,,,
U02043,2024,,,,
U02044,2024,,,,
U02060,2024,,,,
U02065,2024,,,,
U02052,2024,,,,
U02054,2024,,,,
U02055,2024,,,,
U02073,2024,,,,
U03293,2024,,,,
U03294,2024,,,,
U02076,2024,,,,
U02077,2024,,,,
U02079,2024,,,,
U03298,2024,,,,
U02110,2024,,,,
U03305,2024,,,,
U02117,2024,,,,
U02122,2024,,,,
U03307,2024,,,,
U02128,2024,,,,
U02129,2024,,,,
U02130,2024,,,,
U02131,2024,,,,
U02148,2024,,,,
U02132,2024,,,,
U02135,2024,,,,
U02137,2024,,,,
U02138,2024,,,,
U02140,2024,,,,
U02144,2024,,,,
U02146,2024,,,,
U02147,2024,,,,
U02141,2024,,,,
U02142,2024,,,,
U02143,2024,,,,
U02134,2024,,,,
U02149,2024,,,,
U02150,2024,,,,
U02107,2024,,,,
U02152,2024,,,,
U02165,2024,,,,
U03313,2024,,,,
U02569,2024,,,,
U02562,2024,,,,
U02566,2024,,,,
U02179,2024,,,,
U00929,2024,,,,
U02182,2024,,,,
U02186,2024,,,,
U02691,2024,,,,
U00913,2024,,,,
U03321,2024,,,,
U00922,2024,,,,
U02192,2024,,,,
U02194,2024,,,,
U02193,2024,,,,
U02195,2024,,,,
U03348,2024,,,,
U03357,2024,,,,
U02275,2024,,,,
U02278,2024,,,,
U02281,2024,,,,
U02282,2024,,,,
U02285,2024,,,,
U02300,2024,,,,
U02304,2024,,,,
U02308,2024,,,,
U02315,2024,,,,
U02329,2024,,,,
U03365,2024,,,,
U02343,2024,,,,
U02344,2024,,,,
U02345,2024,,,,
U02346,2024,,,,
U02347,2024,,,,
U02349,2024,,,,
U02350,2024,,,,
U02354,2024,,,,
U02357,2024,,,,
U02365,2024,,,,
U02364,2024,,,,
U02371,2024,,,,
U02373,2024,,,,
U02378,2024,,,,
U02379,2024,,,,
U03542,2024,,,,
U03541,2024,,,,
U03543,2024,,,,
U03547,2024,,,,
U02571,2024,,,,
U01533,2024,,,,
U03555,2024,,,,
U03554,2024,,,,
U03559,2024,,,,
U03386,2024,,,,
U03563,2024,,,,
U03564,2024,,,,
U03565,2024,,,,
U03568,2024,,,,
U03393,2024,,,,
U03577,2024,,,,
U03581,2024,,,,
U03586,2024,,,,
U03588,2024,,,,
U03592,2024,,,,
U03402,2024,,,,
U03403,2024,,,,
U03613,2024,,,,
U03622,2024,,,,
U03623,2024,,,,
U03619,2024,,,,
U03621,2024,,,,
U03630,2024,,,,
U03632,2024,,,,
U02272,2024,,,,
U03425,2024,,,,
U03634,2024,,,,
U02273,2024,,,,
U03635,2024,,,,
U03636,2024,,,,
U03641,2024,,,,
U03657,2024,,,,
U03660,2024,,,,
U03663,2024,,,,
U03668,2024,,,,
U03680,2024,,,,
U03686,2024,,,,
U03691,2024,,,,
U03705,2024,,,,
U03706,2024,,,,
U03707,2024,,,,
U03708,2024,,,,
