University,Country,QS_Rank,QS_Overall_Score,QS_Academic_Reputation,QS_Employer_Reputation,QS_Faculty_Student,QS_Citations_Per_Faculty,QS_International_Faculty,QS_International_Students,QS_International_Research_Network,QS_Employment_Outcomes,QS_Sustainability,QS_Normalized_Rank,THE_Rank,THE_Overall_Score,THE_Teaching,THE_Research_Environment,THE_Research_Quality,THE_Industry_Impact,THE_International_Outlook,THE_Number_Students,THE_Student_Staff_Ratio,THE_International_Students,THE_Female_Male_Ratio,THE_Year,THE_Normalized_Rank,THE_Female_Percentage,THE_Male_Percentage
Aalborg University,Denmark,306.0,35.7,19.9,20.8,25.5,53.2,77.3,14.9,92.1,23.3,75.6,48.739495798319325,254.0,55.601,31.7,44.7,80.9,87.6,73.5,16871.0,14.4,13.0,,2025,87.90052606408418,,
Aalto University,Finland,113.0,57.9,45.7,40.6,33.2,73.6,95.2,40.1,78.2,95.1,94.7,81.17647058823529,196.0,58.921,41.7,43.1,81.3,88.2,82.7,14298.0,20.3,25.0,39 : 61,2025,90.67431850789096,39,61
Aarhus University,Denmark,144.0,53.3,54.7,27.6,30.8,63.8,89.8,11.9,96.1,69.5,76.4,75.96638655462185,111.0,65.498,44.2,59.4,84.3,99.7,79.4,25966.0,12.8,15.0,56 : 44,2025,94.73935915829746,56,44
Abu Dhabi University,United Arab Emirates,501.0,24.1,15.9,24.6,14.9,16.7,100.0,99.8,27.3,8.3,1.5,15.966386554621847,191.0,59.251,45.1,39.2,87.4,25.4,97.9,2344.0,10.7,60.0,50 : 50,2025,90.91343854615018,50,50
Ain Shams University,Egypt,592.0,21.0,24.0,32.2,11.3,1.9,23.1,7.5,74.2,56.3,9.8,0.6722689075630253,1122.0,32.088,26.8,16.4,46.2,39.4,53.2,169073.0,14.6,7.0,50 : 50,2025,46.38928742228599,50,50
Aix Marseille University,France,481.0,25.0,36.9,6.5,7.9,21.7,17.5,18.2,99.1,15.2,25.5,19.327731092436977,408.0,49.11449999999999,43.5,27.5,66.7,63.8,76.6,72381.0,15.5,15.0,60 : 40,2025,80.53562888570062,60,40
Ajman University,United Arab Emirates,477.0,25.1,17.3,42.2,9.6,3.2,100.0,100.0,48.4,9.8,1.4,20.0,473.0,46.78999999999999,25.9,25.2,78.9,18.1,99.3,4535.0,13.7,81.0,57 : 43,2025,77.42706838833094,57,43
Al Ain University,United Arab Emirates,552.0,22.5,22.6,15.7,13.4,5.9,100.0,100.0,27.5,5.9,5.2,7.394957983193278,460.0,47.32,34.9,38.0,59.7,17.3,98.7,2546.0,12.1,61.0,52 : 48,2025,78.04878048780488,52,48
Al Farabi Kazakh National University,Kazakhstan,163.0,51.0,54.2,79.6,99.3,1.4,49.0,54.2,64.7,59.6,29.8,72.77310924369748,1428.0,26.5885,29.4,11.9,24.2,18.3,86.3,19546.0,4.8,28.0,53 : 47,2025,31.755141080822575,53,47
American University of Beirut,Lebanon,250.0,40.6,28.6,29.5,48.5,28.9,63.2,37.0,73.1,97.0,80.5,58.15126050420169,521.0,45.1835,33.2,23.1,66.6,85.2,70.7,8100.0,8.5,19.0,49 : 51,2025,75.13151602104257,49,51
American University of Sharjah,United Arab Emirates,332.0,33.6,20.9,38.6,19.1,23.9,100.0,100.0,48.1,48.0,16.5,44.36974789915966,626.0,42.4445,23.9,24.0,65.5,54.6,88.0,5024.0,12.8,74.0,54 : 46,2025,70.10999521759923,54,46
Amirkabir University of Technology,Iran,403.0,29.5,5.2,20.5,4.6,100.0,24.6,2.8,70.2,5.8,1.6,32.436974789915965,383.0,49.91,35.3,33.0,76.3,90.6,45.5,9638.0,20.8,3.0,34 : 66,2025,81.73122907699664,34,66
Anna University,India,383.0,30.6,10.0,12.0,5.5,100.0,,1.3,89.2,5.9,24.7,35.79831932773109,488.0,46.3655,36.9,28.7,76.7,65.8,20.2,11855.0,12.8,1.0,42 : 58,2025,76.70970827355332,42,58
Aristotle University of Thessaloniki,Greece,508.0,23.9,28.2,26.1,4.3,15.8,1.7,4.1,90.5,38.3,44.3,14.789915966386555,892.0,36.4445,21.3,19.3,64.6,60.6,36.8,48660.0,17.6,5.0,58 : 42,2025,57.388809182209464,58,42
Arizona State University,United States,200.0,46.2,48.6,44.1,7.4,47.1,52.1,37.2,95.7,23.6,96.3,66.55462184873949,212.0,57.984,38.5,45.2,84.4,70.9,71.5,50855.0,19.8,15.0,46 : 54,2025,89.9091343854615,46,54
Aston University,United Kingdom,423.0,28.1,12.5,18.5,9.0,34.4,94.2,53.8,79.2,19.6,46.9,29.075630252100844,396.0,49.496,20.4,26.5,86.7,64.2,96.2,13850.0,19.5,30.0,48 : 52,2025,81.10951697752272,48,52
Ateneo de Manila University,Philippines,516.0,23.6,21.4,64.5,24.4,1.8,2.9,2.5,23.0,70.6,15.6,13.445378151260504,1094.0,32.5925,30.1,10.8,57.0,24.4,33.4,14282.0,10.2,1.0,55 : 45,2025,47.72835963653754,55,45
Auckland University of Technology,New Zealand,412.0,28.9,19.3,11.2,10.6,21.7,100.0,99.8,52.6,12.4,72.6,30.92436974789916,501.0,45.9545,22.5,21.4,81.5,44.4,91.8,17888.0,16.4,45.0,61 : 39,2025,76.0879961740794,61,39
Bandung Institute of Technology,Indonesia,256.0,39.9,43.2,72.7,55.8,2.6,94.4,3.8,26.3,49.2,37.6,57.14285714285714,1490.0,25.3705,22.6,17.5,30.3,39.4,39.5,28650.0,16.3,4.0,44 : 56,2025,28.790052606408416,44,56
Bangor University,United Kingdom,474.0,25.2,8.6,5.8,12.1,43.0,40.7,52.3,75.0,8.1,82.9,20.504201680672267,491.0,46.228,28.7,25.7,70.7,61.9,88.3,8545.0,15.4,26.0,60 : 40,2025,76.5662362505978,60,40
Bauman Moscow State Technical University,Russian Federation,298.0,36.5,36.2,51.9,99.9,1.4,65.6,70.0,15.2,7.7,6.8,50.08403361344538,360.0,50.8925,73.6,49.3,27.5,52.4,60.5,15858.0,6.7,19.0,44 : 56,2025,82.83118125298901,44,56
Beihang University,China,452.0,26.4,12.1,7.8,41.5,72.1,7.0,4.5,51.2,12.8,4.3,24.201680672268907,279.0,54.5075,44.1,46.3,71.3,99.9,35.8,33486.0,12.8,4.0,,2025,86.70492587278814,,
Beijing Institute of Technology,China,302.0,35.9,23.2,24.3,43.4,82.0,5.7,6.7,68.6,14.3,10.1,49.411764705882355,245.0,56.16299999999999,45.4,44.0,76.3,98.5,42.4,32882.0,12.8,9.0,,2025,88.33094213295074,,
Beijing Normal University,China,271.0,38.5,33.9,10.3,24.2,92.6,6.6,21.3,70.8,10.5,19.7,54.621848739495796,148.0,62.0965,57.5,48.4,79.9,80.7,52.0,27882.0,14.8,8.0,,2025,92.96987087517934,,
Belarusian State University,Belarus,387.0,30.3,28.4,40.7,93.0,1.3,3.8,59.3,36.4,38.2,1.0,35.12605042016806,1732.0,21.3175,25.2,11.5,12.2,44.9,67.9,23445.0,7.9,22.0,58 : 42,2025,17.216642754662843,58,42
Ben Gurion University of The Negev,Israel,471.0,25.5,14.4,14.5,11.1,51.7,64.0,14.3,64.9,16.3,11.8,21.008403361344538,601.0,43.2665,35.8,31.7,59.9,72.0,35.5,16767.0,20.8,2.0,52 : 48,2025,71.30559540889526,52,48
Bilkent University,Turkey,477.0,25.1,24.0,52.1,13.3,15.2,61.4,3.7,38.3,19.3,10.6,20.0,718.0,40.067,29.0,26.8,50.1,92.5,66.8,8503.0,15.3,5.0,48 : 52,2025,65.71018651362984,48,52
Birkbeck University of London,United Kingdom,408.0,29.1,10.0,3.6,15.6,57.1,97.7,99.5,55.5,8.8,7.7,31.596638655462183,325.0,52.3685,34.7,32.2,77.8,64.6,91.6,7625.0,15.1,41.0,57 : 43,2025,84.50502152080345,57,43
Bogaziçi University,Turkey,418.0,28.5,24.9,65.3,4.1,10.7,10.7,2.6,46.8,84.9,46.2,29.915966386554622,613.0,42.8125,28.0,29.7,62.0,84.3,52.9,12651.0,28.3,3.0,45 : 55,2025,70.73170731707317,45,55
Bond University,Australia,587.0,21.1,4.3,4.6,47.8,28.8,70.4,86.6,26.5,8.4,1.0,1.5126050420168067,468.0,47.14,27.7,21.7,85.5,24.7,80.5,3561.0,11.1,31.0,56 : 44,2025,77.66618842659014,56,44
Boston University,United States,108.0,58.6,61.9,69.1,38.3,41.3,34.3,88.9,86.9,77.2,65.9,82.01680672268907,75.0,70.601,60.5,56.2,93.2,71.2,75.3,28939.0,11.7,32.0,58 : 42,2025,96.46102343376374,58,42
Brown University,United States,79.0,64.7,59.9,49.6,77.7,76.4,79.9,50.9,83.2,63.6,46.6,86.89075630252101,60.0,73.77600000000001,71.8,60.9,89.4,68.6,71.6,10476.0,10.3,20.0,,2025,97.17838354854138,,
Cairo University,Egypt,350.0,32.5,45.8,41.0,8.8,3.0,2.9,7.2,86.4,95.5,47.2,41.344537815126046,877.0,36.866,26.9,19.7,59.9,42.5,47.3,172478.0,25.9,6.0,60 : 40,2025,58.10616929698709,60,40
California Institute of Technology,United States,10.0,90.9,96.5,95.3,100.0,100.0,100.0,79.8,65.5,31.0,62.5,98.4873949579832,7.0,96.2765,95.2,97.5,97.3,100.0,89.7,2397.0,6.4,32.0,38 : 62,2025,99.71305595408894,38,62
Cardiff University,United Kingdom,186.0,47.6,46.8,43.2,36.1,30.0,82.8,67.7,92.3,18.9,96.0,68.90756302521008,204.0,58.5635,37.6,38.9,88.3,70.2,91.9,28930.0,14.6,27.0,59 : 41,2025,90.29172644667624,59,41
Carnegie Mellon University,United States,58.0,72.0,69.8,80.1,40.9,98.9,33.7,99.1,79.9,61.5,24.5,90.4201680672269,24.0,85.6745,73.1,85.1,99.0,85.4,84.2,15312.0,13.1,46.0,44 : 56,2025,98.90004782400766,44,56
Case Western Reserve University,United States,259.0,39.7,17.2,15.4,82.3,61.6,35.7,71.7,55.6,29.3,53.1,56.63865546218487,159.0,61.14999999999999,51.1,40.3,88.6,70.9,66.3,11334.0,9.1,27.0,51 : 49,2025,92.44380679100908,51,49
Central Queensland University,Australia,495.0,24.4,9.0,6.7,29.4,20.9,97.1,97.8,44.0,3.1,49.8,16.974789915966387,528.0,44.9,19.1,25.3,83.0,43.9,70.3,12201.0,24.1,19.0,64 : 36,2025,74.79674796747967,64,36
Chalmers University of Technology,Sweden,139.0,53.7,26.3,50.4,50.5,77.4,100.0,63.1,77.0,31.7,87.0,76.80672268907564,223.0,57.52049999999999,41.7,46.0,74.0,94.6,78.6,10083.0,11.1,17.0,33 : 67,2025,89.38307030129124,33,67
Charles University,Czech Republic,246.0,41.0,45.6,49.1,32.2,8.0,25.0,50.5,96.3,65.5,77.4,58.82352941176471,465.0,47.2035,37.0,33.0,64.5,61.4,65.5,52669.0,13.0,24.0,62 : 38,2025,77.80966044954567,62,38
Chiang Mai University,Thailand,567.0,21.9,34.8,17.1,17.3,4.2,4.8,4.2,62.5,19.1,56.1,4.873949579831933,1067.0,33.0935,28.6,19.4,46.5,52.2,39.9,34379.0,13.5,4.0,61 : 39,2025,49.01960784313725,61,39
Chongqing University,China,489.0,24.5,7.6,4.6,12.1,81.4,21.3,2.1,59.6,13.6,4.1,17.983193277310924,403.0,49.2235,29.1,33.9,78.3,95.2,46.8,44082.0,16.2,2.0,,2025,80.77474892395983,,
Chulalongkorn University,Thailand,229.0,43.4,68.2,35.9,31.7,7.5,18.7,3.0,79.6,93.6,73.2,61.680672268907564,620.0,42.555,36.0,32.4,53.0,81.6,45.0,35032.0,13.1,4.0,56 : 44,2025,70.39693926351028,56,44
Chung Ang University,South Korea,489.0,24.5,16.0,31.9,67.8,9.3,14.2,37.8,29.9,13.5,49.5,17.983193277310924,463.0,47.2435,37.9,38.8,54.7,91.9,63.0,18205.0,22.0,24.0,,2025,77.90530846484936,,
City University of Hong Kong,Hong Kong SAR,62.0,70.7,60.9,30.8,89.5,100.0,100.0,100.0,62.9,37.5,72.9,89.74789915966387,80.0,69.839,53.1,51.8,92.4,100.0,99.1,8592.0,12.5,72.0,54 : 46,2025,96.22190339550454,54,46
City University of London,United Kingdom,352.0,32.4,20.8,21.3,5.6,31.2,95.8,98.9,66.4,54.8,23.2,41.008403361344534,394.0,49.5005,27.8,30.3,76.8,58.5,95.1,16415.0,18.7,46.0,58 : 42,2025,81.2051649928264,58,42
Colorado School of Mines,United States,501.0,24.1,6.8,12.5,15.8,72.0,29.7,7.4,30.9,17.7,18.0,15.966386554621847,483.0,46.582,36.1,35.6,63.5,85.4,41.9,6868.0,18.3,8.0,32 : 68,2025,76.94882831181253,32,68
Columbia University,United States,34.0,82.0,99.6,98.8,100.0,31.7,41.5,97.0,98.5,99.9,71.8,94.45378151260503,19.0,89.751,86.4,88.8,96.9,75.9,85.4,30541.0,5.9,40.0,,2025,99.13916786226686,,
Complutense University of Madrid,Spain,164.0,50.9,68.1,68.1,28.7,7.9,10.5,34.3,91.8,96.3,88.9,72.60504201680672,530.0,44.84299999999999,40.6,32.4,58.9,56.5,47.2,59049.0,10.8,12.0,63 : 37,2025,74.701099952176,63,37
Concordia University,Canada,415.0,28.7,15.8,11.4,3.3,17.5,87.4,92.3,73.8,43.6,89.8,30.42016806722689,537.0,44.707,23.9,30.6,65.2,66.5,87.5,36586.0,34.2,33.0,50 : 50,2025,74.3663318986131,50,50
Cornell University,United States,16.0,87.9,98.3,93.1,52.7,97.5,54.2,63.4,94.0,97.1,72.1,97.47899159663865,20.0,89.19549999999998,83.2,91.1,96.8,69.5,85.5,25528.0,10.5,26.0,52 : 48,2025,99.09134385461502,52,48
Coventry University,United Kingdom,526.0,23.3,9.9,10.4,16.9,7.1,77.0,99.9,82.6,10.0,64.4,11.76470588235294,721.0,39.94650000000001,21.6,15.3,68.2,39.0,94.9,31065.0,14.9,51.0,49 : 51,2025,65.56671449067431,49,51
Curtin University,Australia,174.0,49.3,33.1,27.7,15.7,84.7,100.0,24.3,94.2,31.0,90.7,70.92436974789916,263.0,55.226,28.2,34.7,88.9,76.6,94.8,27870.0,19.6,30.0,53 : 47,2025,87.4701099952176,53,47
Czech Technical University in Prague,Czech Republic,420.0,28.4,22.0,42.4,80.6,3.6,19.9,50.2,59.4,15.6,5.8,29.57983193277311,1181.0,30.8425,30.8,18.9,31.3,58.7,60.5,15526.0,8.6,20.0,30 : 70,2025,43.56767097082736,30,70
Daegu Gyeongbuk Institute of Science and Technology,South Korea,326.0,34.0,10.5,11.8,84.1,99.9,6.6,3.3,12.3,2.7,3.1,45.378151260504204,354.0,51.01950000000001,48.0,38.5,66.4,88.3,29.9,892.0,7.6,4.0,37 : 63,2025,83.11812529890005,37,63
Dalhousie University,Canada,275.0,38.2,19.4,16.7,12.9,53.5,99.9,74.6,77.4,30.1,87.9,53.94957983193277,349.0,51.1085,29.6,32.9,76.9,78.2,88.5,17757.0,14.7,28.0,53 : 47,2025,83.35724533715926,53,47
Dalian University of Technology,China,448.0,26.6,9.6,3.8,18.1,88.1,11.5,2.9,55.9,14.4,8.0,24.873949579831933,426.0,48.5005,36.2,34.9,70.0,97.2,37.5,39871.0,15.5,4.0,34 : 66,2025,79.67479674796748,34,66
Dartmouth College,United States,243.0,41.3,22.8,31.0,65.8,60.6,9.2,40.9,42.5,68.8,71.2,59.32773109243698,169.0,60.7155,56.8,39.4,83.2,75.9,60.5,6691.0,8.0,17.0,48 : 52,2025,91.96556671449068,48,52
Deakin University,Australia,197.0,46.4,31.3,23.9,4.6,73.6,96.4,63.8,82.7,36.8,93.7,67.05882352941175,244.0,56.245000000000005,29.8,36.3,91.5,76.8,85.4,36438.0,33.0,19.0,60 : 40,2025,88.37876614060258,60,40
Delft University of Technology,Netherlands,49.0,77.0,74.4,83.0,39.4,79.7,100.0,91.4,93.7,54.8,99.1,91.9327731092437,57.0,74.773,63.2,76.1,76.8,100.0,93.6,20943.0,14.5,37.0,32 : 68,2025,97.3218555714969,32,68
Dublin City University,Ireland,421.0,28.3,20.1,26.0,25.8,10.7,75.0,22.6,75.4,35.3,82.5,29.411764705882355,357.0,50.9585,28.0,37.5,78.6,69.4,72.9,14735.0,28.4,12.0,58 : 42,2025,82.97465327594452,58,42
Duke University,United States,61.0,70.8,86.0,74.7,100.0,35.1,16.3,61.0,93.3,85.5,75.0,89.91596638655463,27.0,83.368,77.7,75.6,96.2,100.0,75.5,17180.0,4.3,22.0,54 : 46,2025,98.75657580105212,54,46
Durham University,United Kingdom,89.0,61.7,59.6,83.9,26.3,40.9,97.3,84.9,89.7,39.4,98.6,85.21008403361344,173.0,60.3655,43.6,43.9,83.7,62.5,95.5,21065.0,13.7,33.0,54 : 46,2025,91.7742706838833,54,46
Duy Tan University,Vietnam,495.0,24.4,11.9,25.3,3.9,49.0,37.7,1.4,83.5,4.4,29.0,16.974789915966387,736.0,39.642,12.7,14.6,88.7,24.1,54.5,22050.0,22.3,1.0,64 : 36,2025,64.8493543758967,64,36
East China Normal University,China,501.0,24.1,13.3,4.7,16.2,63.5,24.1,9.0,72.0,9.0,6.8,15.966386554621847,282.0,54.3885,43.9,36.0,78.5,87.2,52.8,29374.0,14.3,8.0,63 : 37,2025,86.56145384983262,63,37
École Normale Supérieure de Lyon,France,187.0,47.5,29.8,16.3,97.0,93.5,59.0,11.7,70.3,14.0,6.6,68.73949579831933,287.0,54.277,56.7,45.4,53.0,86.3,67.1,2063.0,8.1,10.0,47 : 53,2025,86.32233381157342,47,53
Edith Cowan University,Australia,516.0,23.6,8.5,6.8,4.8,49.8,78.5,57.7,64.5,4.7,5.8,13.445378151260504,390.0,49.5665,20.9,26.5,87.5,70.9,88.4,17012.0,29.5,26.0,63 : 37,2025,81.39646102343376,63,37
Eindhoven University of Technology,Netherlands,136.0,54.0,28.7,72.1,35.7,79.3,100.0,82.7,70.8,24.2,29.8,77.31092436974791,187.0,59.449,46.2,51.0,68.0,100.0,88.4,10686.0,21.0,31.0,,2025,91.10473457675752,,
Emory University,United States,196.0,46.6,25.2,19.0,93.8,78.4,52.2,33.9,85.6,22.8,37.0,67.22689075630252,98.0,66.2875,53.9,46.2,95.3,83.6,67.4,13718.0,4.2,19.0,61 : 39,2025,95.3610712577714,61,39
Eötvös Loránd University,Hungary,564.0,22.1,23.3,22.6,10.7,6.1,5.2,11.0,71.3,60.9,61.9,5.378151260504202,897.0,36.395,30.2,21.0,53.5,36.9,51.6,31750.0,18.4,11.0,61 : 39,2025,57.14968914395027,61,39
Erasmus University Rotterdam,Netherlands,158.0,51.5,37.0,58.2,18.1,63.3,76.0,70.0,85.4,89.3,28.7,73.61344537815127,108.0,65.6265,37.2,53.3,96.7,88.7,88.5,31847.0,22.1,25.0,53 : 47,2025,94.882831181253,53,47
Ewha Womans University,South Korea,511.0,23.8,22.1,21.2,76.3,6.9,7.0,24.4,31.3,23.0,34.2,14.285714285714285,602.0,43.229,36.6,36.9,47.9,88.4,51.0,13916.0,16.4,16.0,100 : 0,2025,71.25777140124342,100,0
Flinders University,Australia,336.0,33.3,13.5,5.6,7.2,51.8,97.2,88.8,80.8,7.4,87.4,43.69747899159664,331.0,51.9975,27.2,37.3,78.9,71.6,88.3,15324.0,31.1,33.0,65 : 35,2025,84.2180774748924,65,35
Florida International University,United States,574.0,21.5,15.3,22.5,11.8,12.6,20.3,12.9,86.7,16.6,81.2,3.697478991596639,458.0,47.391,32.1,32.1,74.3,64.5,49.9,35021.0,21.9,8.0,58 : 42,2025,78.14442850310857,58,42
Florida State University,United States,573.0,21.6,25.6,18.1,7.2,24.8,10.0,4.2,71.9,18.4,26.8,3.865546218487395,316.0,52.6805,37.3,40.5,76.3,67.3,58.0,41180.0,25.5,7.0,58 : 42,2025,84.93543758967002,58,42
Fudan University,China,39.0,80.3,85.7,87.8,79.7,80.7,88.4,35.1,67.2,64.4,82.7,93.61344537815125,36.0,78.798,78.2,76.2,85.4,99.4,53.8,38462.0,12.3,9.0,52 : 48,2025,98.32615973218556,52,48
George Washington University,United States,371.0,31.3,25.2,28.8,27.3,27.5,24.6,34.4,79.5,74.5,27.3,37.81512605042017,210.0,58.2405,48.6,35.1,86.3,67.8,68.3,21768.0,12.3,17.0,61 : 39,2025,90.00478240076518,61,39
Georgetown University,United States,301.0,36.3,29.3,41.9,63.0,14.0,28.0,37.3,62.5,90.9,37.0,49.57983193277311,214.0,57.8055,50.4,34.7,83.7,92.3,54.3,17579.0,9.8,18.0,55 : 45,2025,89.81348637015782,55,45
Georgia Institute of Technology,United States,114.0,57.3,67.1,82.6,20.3,52.8,21.3,66.4,75.5,43.1,39.5,81.00840336134453,40.0,78.326,60.0,77.7,92.9,99.2,83.4,34116.0,31.4,31.0,34 : 66,2025,98.13486370157818,34,66
Ghent University,Belgium,169.0,50.1,53.2,24.8,78.5,21.5,79.7,21.4,99.5,72.9,98.3,71.76470588235294,112.0,65.435,47.7,59.5,84.2,99.9,64.7,38420.0,34.3,11.0,57 : 43,2025,94.69153515064562,57,43
Graz University of Technology,Austria,413.0,28.8,14.7,15.7,98.9,11.1,81.8,59.7,59.9,11.9,2.8,30.756302521008404,615.0,42.643,39.9,21.3,49.4,93.7,81.7,6627.0,8.3,25.0,26 : 74,2025,70.63605930176949,26,74
Griffith University,Australia,255.0,40.1,27.0,13.7,8.4,62.5,99.8,38.5,92.1,17.9,96.4,57.310924369747895,309.0,53.13,28.5,36.1,83.1,78.4,82.5,30328.0,26.3,17.0,60 : 40,2025,85.2702056432329,60,40
Gwangju Institute of Science and Technology,South Korea,359.0,31.9,13.8,9.0,38.6,100.0,18.6,8.8,27.0,2.2,9.9,39.831932773109244,422.0,48.5855,48.2,39.4,51.7,99.7,45.9,1838.0,9.8,9.0,27 : 73,2025,79.86609277857485,27,73
Hanyang University,South Korea,162.0,51.1,43.0,78.0,77.1,28.5,17.4,57.6,63.0,43.3,85.8,72.94117647058823,297.0,53.8255,45.2,41.1,64.8,99.5,68.7,19796.0,13.5,24.0,,2025,85.844093735055,,
Harbin Institute of Technology,China,252.0,40.3,27.1,21.1,33.7,99.8,8.0,5.0,68.6,28.3,14.6,57.815126050420176,153.0,61.845000000000006,57.3,55.2,74.7,99.9,33.7,31224.0,10.6,4.0,,2025,92.73075083692014,,
Harvard University,United States,4.0,96.8,100.0,100.0,96.3,100.0,74.1,69.0,99.6,100.0,84.4,99.49579831932773,3.0,97.64999999999998,97.3,99.9,99.3,85.7,90.1,22584.0,10.0,25.0,52 : 48,2025,99.90435198469632,52,48
Hasselt University,Belgium,554.0,22.4,5.8,3.3,82.1,15.4,74.2,25.3,69.6,2.4,26.8,7.0588235294117645,334.0,51.81,33.1,38.2,73.4,88.5,72.1,5770.0,28.9,15.0,49 : 51,2025,84.07460545193686,49,51
Heriot Watt University,United Kingdom,256.0,39.9,17.8,27.1,17.6,65.2,100.0,98.1,75.4,26.3,25.7,57.14285714285714,402.0,49.2325,34.7,33.9,62.3,83.0,95.4,10140.0,18.8,43.0,38 : 62,2025,80.82257293161167,38,62
Hiroshima University,Japan,474.0,25.2,24.1,12.3,75.9,8.9,13.2,12.9,70.1,6.9,50.8,20.504201680672267,675.0,41.211,39.1,30.4,46.4,76.2,51.9,14775.0,8.1,11.0,38 : 62,2025,67.76661884265901,38,62
Hitotsubashi University,Japan,539.0,22.8,14.4,73.0,30.8,2.1,19.8,20.0,7.5,51.9,1.1,9.57983193277311,1234.0,29.974,31.0,20.7,29.3,24.9,67.2,6042.0,14.8,14.0,33 : 67,2025,41.03299856527977,33,67
Hokkaido University,Japan,173.0,49.8,59.0,63.3,76.2,26.0,18.7,12.1,77.7,15.5,78.1,71.09243697478992,376.0,50.21099999999999,52.6,44.7,47.8,95.9,47.4,17687.0,8.2,10.0,29 : 71,2025,82.06599713055954,29,71
Hong Kong Baptist University,Hong Kong SAR,252.0,40.3,18.2,12.0,60.0,61.4,98.9,100.0,37.0,15.7,54.4,57.815126050420176,257.0,55.542,32.3,40.0,80.8,70.4,98.1,7218.0,11.9,54.0,64 : 36,2025,87.75705404112864,64,36
HSE University,Russian Federation,410.0,29.0,24.0,38.4,84.8,1.8,6.6,13.5,83.6,13.0,44.6,31.26050420168067,464.0,47.209,32.0,44.6,58.9,85.0,50.2,36596.0,19.6,12.0,,2025,77.85748445719751,,
Huazhong University of Science and Technology,China,300.0,36.4,20.4,28.2,7.9,99.9,5.2,2.7,79.4,17.6,15.0,49.747899159663866,167.0,60.7655,46.7,48.4,88.3,99.7,33.0,58194.0,14.8,4.0,,2025,92.06121472979436,,
Hunan University,China,448.0,26.6,7.9,10.3,15.2,90.6,4.6,1.8,46.5,23.1,2.7,24.873949579831933,306.0,53.3315,34.2,32.9,91.7,93.1,32.9,35950.0,15.2,3.0,45 : 55,2025,85.41367766618842,45,55
Imam Abdulrahman Bin Faisal University,Saudi Arabia,513.0,23.7,10.5,11.4,89.5,2.6,98.2,19.7,68.3,2.4,18.4,13.949579831932773,543.0,44.6065,32.9,20.1,75.1,21.8,75.6,24964.0,11.4,5.0,85 : 15,2025,74.07938785270206,85,15
Imperial College London,United Kingdom,2.0,98.5,98.5,99.5,98.2,93.9,100.0,99.6,97.4,93.4,99.7,99.83193277310924,9.0,94.419,89.3,94.9,98.5,90.8,98.3,21000.0,12.1,60.0,43 : 57,2025,99.61740793878528,43,57
Indian Institute of Science,India,211.0,45.0,45.7,26.3,37.9,99.9,3.7,1.5,39.1,13.1,23.7,64.70588235294117,291.0,54.213,61.4,50.0,51.5,94.5,31.6,4648.0,9.8,1.0,26 : 74,2025,86.13103778096604,26,74
Indian Institute of Technology Guwahati,India,344.0,32.9,18.8,32.0,6.4,97.6,2.3,1.2,51.2,4.9,2.2,42.35294117647059,825.0,37.6765,35.6,26.1,50.6,52.7,30.9,8587.0,17.9,1.0,24 : 76,2025,60.59301769488283,24,76
Indian Institute of Technology Indore,India,477.0,25.1,6.1,5.0,27.1,95.6,2.1,1.1,23.6,2.2,4.2,20.0,569.0,44.116,43.6,27.1,64.5,35.5,35.0,2091.0,11.9,0.0,22 : 78,2025,72.83596365375419,22,78
Institut Polytechnique de Paris,France,46.0,77.5,44.7,99.6,95.9,86.1,99.1,98.0,89.6,97.7,54.8,92.43697478991596,71.0,71.27300000000001,69.2,60.8,73.4,98.3,97.0,6062.0,6.7,43.0,24 : 76,2025,96.65231946437112,24,76
Institut Teknologi Sepuluh Nopember,Indonesia,585.0,21.2,17.3,48.9,47.8,1.6,47.5,5.3,12.0,13.0,16.1,1.8487394957983194,1567.0,24.1765,25.4,10.7,28.5,41.2,45.1,19974.0,6.2,7.0,42 : 58,2025,25.107604017216644,42,58
Iowa State University,United States,470.0,25.6,20.7,12.0,9.1,47.9,7.5,12.5,77.3,32.9,31.3,21.176470588235293,409.0,49.1045,39.7,36.1,66.7,88.1,45.2,27342.0,16.9,8.0,46 : 54,2025,80.48780487804879,46,54
IPB University,Indonesia,426.0,27.9,23.5,46.9,71.4,1.8,53.2,3.6,19.1,33.9,35.1,28.57142857142857,1545.0,24.5505,30.8,10.5,24.8,41.8,44.1,23691.0,7.3,4.0,58 : 42,2025,26.15973218555715,58,42
Iran University of Science and Technology,Iran,436.0,27.2,7.8,14.0,2.7,98.7,12.0,1.5,53.4,5.3,1.6,26.89075630252101,393.0,49.5025,33.5,36.3,78.8,84.2,27.8,13273.0,28.1,2.0,38 : 62,2025,81.25298900047824,38,62
Isfahan University of Technology,Iran,489.0,24.5,4.9,15.7,5.1,92.2,2.3,1.4,43.5,5.6,1.1,17.983193277310924,606.0,42.9645,33.9,29.7,61.4,83.4,34.6,10028.0,22.8,1.0,40 : 60,2025,71.06647537063606,40,60
Istanbul Technical University,Turkey,326.0,34.0,27.0,67.2,9.7,17.0,8.3,19.8,76.1,69.1,70.3,45.378151260504204,565.0,44.239,36.0,40.1,50.2,91.5,43.6,19081.0,19.4,13.0,43 : 57,2025,73.02725968436154,43,57
ITMO University,Russian Federation,595.0,20.9,10.5,13.0,95.5,5.4,20.3,36.2,65.3,1.9,1.2,0.16806722689075632,839.0,37.5015,32.4,32.8,34.8,81.1,63.3,11007.0,14.7,18.0,33 : 67,2025,59.92348158775705,33,67
Jagiellonian University,Poland,312.0,35.0,37.8,46.4,65.1,5.5,5.7,15.4,88.6,51.3,35.4,47.73109243697479,635.0,42.2435,41.2,32.3,51.2,51.0,44.3,32989.0,9.2,12.0,66 : 34,2025,69.67957914873266,66,34
James Cook University,Australia,445.0,26.7,14.4,6.5,17.5,46.9,36.7,16.0,76.0,6.7,88.9,25.3781512605042,415.0,48.832,28.1,31.1,77.0,61.9,79.3,9165.0,15.6,11.0,67 : 33,2025,80.20086083213774,67,33
Jawaharlal Nehru University,India,580.0,21.3,31.0,14.4,10.0,28.9,,1.3,47.4,14.7,19.7,2.689075630252101,866.0,36.94649999999999,42.8,23.7,47.1,38.5,23.7,9297.0,13.5,1.0,44 : 56,2025,58.63223338115734,44,56
Jinan University,China,580.0,21.3,5.2,2.7,8.9,52.7,34.0,83.1,52.8,6.5,3.1,2.689075630252101,556.0,44.3845,25.8,24.3,76.0,60.1,60.3,38472.0,15.3,27.0,56 : 44,2025,73.45767575322813,56,44
Johns Hopkins University,United States,32.0,82.1,86.0,62.6,100.0,84.2,63.7,95.8,98.7,71.5,61.9,94.78991596638654,16.0,90.6285,83.7,91.3,97.3,100.0,83.6,21735.0,5.8,32.0,55 : 45,2025,99.28263988522238,55,45
Jordan University of Science and Technology,Jordan,554.0,22.4,21.0,30.7,18.8,5.6,38.2,67.7,55.5,4.3,24.5,7.0588235294117645,862.0,37.06999999999999,20.6,15.4,64.6,46.3,70.6,20254.0,13.8,21.0,34 : 66,2025,58.82352941176471,34,66
Justus Liebig University Giessen,Germany,445.0,26.7,12.7,5.9,1.9,79.3,14.2,18.8,83.9,10.5,11.0,25.3781512605042,353.0,51.02149999999999,34.7,39.4,72.5,70.6,63.8,26068.0,38.7,11.0,64 : 36,2025,83.1659493065519,64,36
Kazan Federal University,Russian Federation,401.0,29.6,23.6,11.4,95.6,2.4,10.2,95.7,88.3,15.4,22.2,32.773109243697476,922.0,35.9185,46.2,22.3,29.2,47.0,69.1,22498.0,10.7,33.0,63 : 37,2025,55.95408895265423,63,37
Keio University,Japan,188.0,47.4,53.0,91.6,57.2,5.1,9.4,10.2,57.5,91.4,59.0,68.57142857142857,744.0,39.4475,37.0,27.5,48.4,75.0,40.5,33718.0,10.0,9.0,36 : 64,2025,64.46676231468197,36,64
King Abdulaziz University,Saudi Arabia,149.0,52.2,59.8,61.4,41.6,34.4,89.3,9.5,93.1,35.9,58.4,75.12605042016807,371.0,50.4155,29.2,23.8,89.6,63.8,72.9,59539.0,13.0,4.0,56 : 44,2025,82.30511716881874,56,44
King Fahd University of Petroleum and Minerals,Saudi Arabia,101.0,59.5,38.0,46.5,86.0,78.0,100.0,47.6,73.9,97.8,20.1,83.19327731092437,176.0,60.102,36.9,41.5,88.7,91.6,92.1,6222.0,7.8,25.0,18 : 82,2025,91.63079866092778,18,82
King s College London,United Kingdom,40.0,80.2,90.3,85.7,64.3,53.6,99.1,99.5,98.6,59.8,96.2,93.4453781512605,37.0,78.7745,60.1,74.3,97.2,76.2,97.2,35360.0,14.0,53.0,64 : 36,2025,98.27833572453372,64,36
King Saud University,Saudi Arabia,200.0,46.2,39.4,28.7,54.3,40.0,99.4,15.0,95.1,99.0,33.0,66.55462184873949,301.0,53.735,35.5,29.9,83.3,84.6,82.9,46570.0,11.5,9.0,45 : 55,2025,85.65279770444764,45,55
Kobe University,Japan,465.0,25.8,28.4,33.2,43.9,11.4,7.0,5.6,55.0,15.0,49.8,22.016806722689076,739.0,39.578,39.4,27.3,45.5,86.2,39.2,15403.0,10.2,7.0,35 : 65,2025,64.70588235294117,35,65
Koç University,Turkey,401.0,29.6,24.3,54.6,19.1,32.4,24.7,13.0,51.6,6.8,34.8,32.773109243697476,373.0,50.411,32.0,41.3,70.1,89.6,58.4,6847.0,21.0,11.0,49 : 51,2025,82.20946915351507,49,51
Korea University,South Korea,67.0,69.0,78.2,93.8,73.0,45.0,15.2,45.7,65.7,89.0,85.2,88.90756302521008,189.0,59.33699999999999,49.3,48.6,72.6,99.8,65.7,21741.0,17.3,38.0,,2025,91.00908656145384,,
KTH Royal Institute of Technology,Sweden,74.0,65.7,45.2,55.6,62.3,86.1,92.0,65.9,91.1,62.4,94.8,87.73109243697479,96.0,66.895,52.3,58.3,81.5,97.3,82.9,13113.0,15.6,26.0,34 : 66,2025,95.45671927307508,34,66
KU Leuven,Belgium,63.0,70.3,84.6,49.6,7.1,91.0,93.8,47.7,99.5,75.3,51.2,89.57983193277312,43.0,77.0385,59.5,74.9,92.4,100.0,80.6,50447.0,37.5,20.0,52 : 48,2025,97.99139167862266,52,48
Kyoto University,Japan,50.0,76.0,98.8,99.0,94.2,39.3,15.9,19.0,85.7,72.8,85.2,91.76470588235294,55.0,75.18249999999999,86.3,85.1,58.7,100.0,45.8,21707.0,9.0,11.0,25 : 75,2025,97.41750358680056,25,75
Kyung Hee University,South Korea,328.0,33.8,23.2,37.1,82.1,15.1,14.3,53.4,54.5,13.8,80.5,45.04201680672269,285.0,54.3445,40.2,39.8,71.8,99.9,72.1,20451.0,17.6,30.0,54 : 46,2025,86.41798182687708,54,46
Kyungpook National University,South Korea,516.0,23.6,11.1,16.7,66.9,20.5,11.1,25.7,52.0,10.6,60.6,13.445378151260504,547.0,44.53999999999999,33.8,39.3,51.1,96.3,53.2,17849.0,19.6,16.0,47 : 53,2025,73.8880918220947,47,53
Kyushu University,Japan,167.0,50.3,58.3,66.5,78.4,27.9,18.7,14.1,69.9,15.1,77.6,72.10084033613445,307.0,53.29499999999999,53.8,47.6,53.3,98.5,49.2,18342.0,7.8,13.0,29 : 71,2025,85.36585365853658,29,71
L N Gumilyov Eurasian National University,Kazakhstan,321.0,34.2,34.4,62.0,92.6,1.4,68.7,8.2,22.8,5.5,10.5,46.21848739495798,1734.0,21.2745,22.1,12.4,21.9,16.1,52.6,19964.0,13.8,4.0,48 : 52,2025,17.12099473935916,48,52
La Trobe University,Australia,217.0,44.1,23.6,19.8,8.0,77.7,92.6,95.0,78.6,19.6,78.4,63.69747899159663,255.0,55.5975,29.2,36.2,89.3,77.2,88.1,18475.0,25.5,30.0,64 : 36,2025,87.85270205643234,64,36
Lahore University of Management Sciences,Pakistan,535.0,22.9,17.2,73.2,27.1,7.4,12.2,1.8,19.5,37.0,1.1,10.252100840336134,871.0,36.906,25.7,19.7,60.6,38.1,52.1,4736.0,13.3,2.0,43 : 57,2025,58.39311334289814,43,57
Lancaster University,United Kingdom,141.0,53.6,38.9,36.7,27.7,69.6,93.3,92.3,89.7,28.8,96.2,76.47058823529412,170.0,60.70499999999999,41.6,40.8,89.1,66.4,96.2,15280.0,13.8,36.0,51 : 49,2025,91.91774270683884,51,49
Lappeenranta Lahti University of Technology LUT,Finland,336.0,33.3,6.4,9.4,9.5,97.6,56.8,28.5,55.6,7.9,55.8,43.69747899159664,286.0,54.321,31.7,35.6,87.2,80.7,70.1,5851.0,34.0,22.0,35 : 65,2025,86.37015781922524,35,65
Lebanese University,Lebanon,567.0,21.9,29.0,34.4,10.1,2.2,43.8,29.5,43.7,29.9,5.8,4.873949579831933,1211.0,30.4265,38.3,19.2,22.6,21.0,79.2,45248.0,14.6,16.0,70 : 30,2025,42.13295074127212,70,30
Leibniz University Hannover,Germany,426.0,27.9,21.2,32.0,17.9,17.4,46.3,26.9,78.5,14.5,82.1,28.57142857142857,370.0,50.4815,37.8,42.0,64.6,84.2,58.7,18700.0,37.5,16.0,44 : 56,2025,82.35294117647058,44,56
Leiden University,Netherlands,141.0,53.6,68.4,32.9,21.3,54.5,85.0,51.7,95.2,48.8,25.5,76.47058823529412,74.0,70.68349999999998,46.8,62.8,93.8,98.7,87.7,34614.0,18.4,22.0,60 : 40,2025,96.5088474414156,60,40
Lincoln University,New Zealand,371.0,31.3,8.2,5.0,31.8,52.1,100.0,96.3,20.2,40.0,48.9,37.81512605042017,529.0,44.8795,31.5,26.2,63.3,56.6,89.8,2515.0,12.5,30.0,52 : 48,2025,74.74892395982783,52,48
Linköping University,Sweden,304.0,35.8,18.5,26.6,37.9,45.4,81.9,32.6,84.6,42.4,41.0,49.07563025210084,238.0,56.546,29.8,41.2,88.4,95.3,73.0,14995.0,14.8,18.0,54 : 46,2025,88.66571018651362,54,46
Lomonosov Moscow State University,Russian Federation,94.0,61.4,78.0,82.3,99.7,4.1,19.7,91.5,88.1,95.8,3.5,84.36974789915966,109.0,65.5725,84.4,74.4,33.3,91.4,72.7,33056.0,9.6,37.0,49 : 51,2025,94.83500717360116,49,51
Loughborough University,United Kingdom,224.0,43.6,29.7,55.3,23.8,32.4,87.1,68.6,87.1,23.2,93.8,62.52100840336134,313.0,52.841,35.6,33.9,76.2,70.2,91.2,16420.0,14.3,25.0,40 : 60,2025,85.07890961262554,40,60
Lund University,Sweden,75.0,65.6,68.3,52.5,55.5,44.6,97.4,73.4,96.7,86.5,99.6,87.56302521008404,95.0,66.95349999999999,48.4,58.4,86.0,99.8,79.3,23754.0,10.5,21.0,55 : 45,2025,95.50454328072692,55,45
Maastricht University,Netherlands,230.0,43.0,23.0,27.8,13.2,62.8,99.4,100.0,80.5,38.2,52.5,61.51260504201681,132.0,63.226,40.3,46.7,88.6,98.3,97.1,21438.0,19.2,58.0,60 : 40,2025,93.7350549976088,60,40
Macau University of Science and Technology,Macau SAR,464.0,25.9,4.4,3.4,3.9,56.4,100.0,100.0,26.2,29.5,11.3,22.18487394957983,271.0,54.8295,33.9,36.7,79.6,73.9,98.0,17047.0,44.6,93.0,57 : 43,2025,87.08751793400286,57,43
Macquarie University,Australia,133.0,54.1,33.4,39.2,9.1,79.6,99.9,91.6,90.9,54.1,95.0,77.81512605042018,178.0,59.878,35.2,42.7,89.4,93.4,87.4,28373.0,50.0,21.0,,2025,91.53515064562411,,
Mahidol University,Thailand,368.0,31.4,44.1,21.8,81.1,4.7,4.9,4.2,57.2,9.8,57.7,38.31932773109244,782.0,38.58,38.2,23.2,48.2,61.2,49.0,28570.0,7.5,5.0,63 : 37,2025,62.649450023912,63,37
Management and Science University,Malaysia,580.0,21.3,15.1,18.1,40.2,1.8,97.3,99.4,12.1,4.2,1.2,2.689075630252101,976.0,34.798,29.9,11.5,50.8,19.5,88.3,4540.0,9.4,49.0,60 : 40,2025,53.3715925394548,60,40
Masaryk University,Czech Republic,408.0,29.1,23.5,31.7,9.5,13.8,27.6,66.7,80.2,36.0,79.1,31.596638655462183,723.0,39.878,26.2,32.4,52.9,45.7,67.4,33136.0,18.2,24.0,62 : 38,2025,65.47106647537063,62,38
Massachusetts Institute of Technology,United States,1.0,100.0,100.0,100.0,100.0,100.0,99.3,86.8,96.0,100.0,99.0,100.0,2.0,98.049,99.2,96.0,99.7,100.0,93.8,11836.0,8.0,33.0,42 : 58,2025,99.95217599234816,42,58
Massey University,New Zealand,239.0,41.8,30.1,14.0,48.0,27.4,98.5,95.2,85.1,49.2,91.4,60.0,560.0,44.313,28.4,28.8,59.7,78.7,87.0,16035.0,15.9,27.0,65 : 35,2025,73.26637972262075,65,35
McGill University,Canada,29.0,83.0,94.3,87.6,62.3,57.9,83.7,89.6,94.2,98.3,99.1,95.29411764705881,45.0,76.66000000000001,66.2,70.9,88.6,78.0,91.6,30051.0,11.3,30.0,61 : 39,2025,97.895743663319,61,39
McMaster University,Canada,176.0,49.0,39.5,34.2,63.8,35.6,96.2,56.7,82.6,49.9,91.9,70.58823529411765,119.0,65.18199999999999,41.2,50.2,93.0,100.0,87.6,28046.0,29.4,22.0,57 : 43,2025,94.35676709708274,57,43
Michigan State University,United States,152.0,51.9,59.5,48.6,11.4,50.3,54.5,12.4,97.5,57.1,96.3,74.6218487394958,122.0,64.743,54.9,53.5,83.5,70.0,69.1,44672.0,16.1,10.0,53 : 47,2025,94.21329507412722,53,47
Middle East Technical University,Turkey,285.0,37.2,31.2,70.2,9.0,22.3,12.0,18.3,74.7,77.5,69.5,52.268907563025216,387.0,49.7405,44.2,44.1,53.4,88.0,58.3,16155.0,21.9,13.0,48 : 52,2025,81.5399330463893,48,52
Missouri University of Science and Technology,United States,527.0,23.2,4.0,6.1,5.7,86.2,35.2,12.8,30.5,4.8,1.7,11.596638655462185,490.0,46.299,29.9,29.2,66.2,90.2,73.9,7163.0,21.3,11.0,24 : 76,2025,76.61406025824964,24,76
Monash University,Australia,37.0,81.2,89.2,79.6,9.4,87.6,100.0,100.0,94.8,79.4,98.2,93.94957983193277,58.0,73.811,52.2,65.6,95.0,99.7,92.0,54821.0,32.6,37.0,55 : 45,2025,97.27403156384506,55,45
Moscow Institute of Physics and Technology,Russian Federation,456.0,26.3,16.6,23.6,94.6,12.0,31.1,45.5,41.7,17.6,1.0,23.52941176470588,295.0,53.844,60.2,46.9,47.2,73.1,72.0,6190.0,11.9,22.0,,2025,85.93974175035868,,
Murdoch University,Australia,436.0,27.2,8.0,4.5,5.2,57.3,85.6,73.9,74.9,14.8,11.3,26.89075630252101,406.0,49.14549999999999,24.0,28.2,79.8,71.5,94.5,13747.0,28.2,40.0,,2025,80.6312769010043,,
Nagoya University,Japan,152.0,51.9,63.2,65.8,84.7,25.4,14.5,19.6,64.8,21.5,75.0,74.6218487394958,247.0,56.11149999999999,55.0,55.9,54.9,99.7,42.9,15440.0,13.5,12.0,30 : 70,2025,88.23529411764706,30,70
Nanjing University,China,145.0,53.0,57.1,32.5,35.6,93.0,61.9,7.6,67.1,29.0,16.5,75.7983193277311,65.0,73.0225,66.8,65.0,86.3,99.1,61.5,33608.0,14.6,10.0,59 : 41,2025,96.93926351028216,59,41
Nankai University,China,377.0,31.1,18.5,9.8,25.4,82.9,12.3,2.7,51.1,37.9,11.5,36.806722689075634,234.0,56.767,50.0,32.3,86.4,76.0,49.2,32171.0,11.5,6.0,,2025,88.857006217121,,
Nanyang Technological University Singapore,Singapore,15.0,88.4,91.9,73.3,80.6,92.4,100.0,83.5,89.4,83.9,95.6,97.6470588235294,30.0,81.8115,65.8,79.3,94.5,99.9,94.1,26044.0,17.1,29.0,48 : 52,2025,98.6131037780966,48,52
National and Kapodistrian University of Athens,Greece,393.0,29.9,26.7,33.2,2.1,31.0,9.9,15.9,86.6,85.8,29.3,34.11764705882353,533.0,44.774,22.2,24.4,78.0,89.1,55.8,67550.0,32.0,12.0,60 : 40,2025,74.55762792922047,60,40
National Cheng Kung University,Taiwan,215.0,44.2,51.5,74.0,33.4,20.3,16.3,13.9,58.7,42.4,83.8,64.03361344537815,587.0,43.62799999999999,35.6,38.6,49.4,99.8,41.6,21420.0,15.8,12.0,37 : 63,2025,71.97513151602104,37,63
National Research Nuclear University MEPhI,Russian Federation,497.0,24.2,9.2,11.8,98.9,8.1,45.8,89.5,32.9,14.6,1.1,16.63865546218487,562.0,44.30349999999999,49.2,38.2,34.7,62.6,77.3,5002.0,9.9,29.0,46 : 54,2025,73.17073170731707,46,54
National Sun Yat sen University,Taiwan,485.0,24.8,26.5,24.9,32.0,22.1,22.7,10.8,35.6,11.4,48.9,18.65546218487395,742.0,39.506,32.0,34.6,42.9,88.3,48.4,8559.0,12.0,10.0,43 : 57,2025,64.56241032998565,43,57
National Taipei University of Technology,Taiwan,425.0,28.0,13.9,54.7,24.3,41.6,19.8,20.6,21.3,22.5,31.3,28.739495798319325,1060.0,33.2375,27.2,25.0,37.5,85.9,43.7,9746.0,15.5,11.0,28 : 72,2025,49.35437589670014,28,72
National Taiwan Normal University,Taiwan,452.0,26.4,34.7,20.5,62.9,5.4,14.5,25.2,23.3,17.3,49.8,24.201680672268907,595.0,43.44049999999999,34.7,31.7,54.9,86.9,54.2,10891.0,12.2,14.0,,2025,71.59253945480631,,
National Taiwan University,Taiwan,68.0,68.7,93.4,92.1,25.5,44.3,16.7,27.4,71.5,99.9,90.0,88.73949579831933,172.0,60.38249999999999,53.3,54.6,69.0,100.0,55.0,25973.0,13.3,15.0,42 : 58,2025,91.82209469153516,42,58
National Taiwan University of Science and Technology,Taiwan,392.0,30.0,27.6,37.9,43.5,29.4,19.7,25.5,29.8,19.9,38.8,34.285714285714285,436.0,48.0855,33.9,38.0,63.9,95.0,54.6,9123.0,18.6,18.0,30 : 70,2025,79.19655667144907,30,70
National Technical University of Athens,Greece,321.0,34.2,21.3,44.9,4.6,76.0,1.3,4.6,72.7,39.6,5.0,46.21848739495798,858.0,37.11450000000001,30.3,23.5,55.1,54.4,35.4,13478.0,20.0,5.0,34 : 66,2025,59.014825442372064,34,66
National Tsing Hua University,Taiwan,210.0,45.1,54.8,71.2,28.0,49.6,9.5,11.1,45.0,16.3,32.1,64.87394957983193,431.0,48.343,35.1,43.6,59.5,99.8,46.7,14408.0,21.1,13.0,41 : 59,2025,79.43567670970828,41,59
National University of Singapore,Singapore,8.0,93.7,99.5,91.1,68.8,93.1,100.0,88.9,91.6,100.0,97.7,98.82352941176471,17.0,89.8745,78.4,93.6,95.7,100.0,91.9,34388.0,21.0,26.0,49 : 51,2025,99.23481587757054,49,51
National Yang Ming Chiao Tung University,Taiwan,219.0,43.9,32.9,62.7,51.1,52.7,19.6,19.2,53.7,58.3,38.8,63.36134453781512,424.0,48.545,42.8,43.2,54.7,99.9,39.8,17736.0,15.4,8.0,36 : 64,2025,79.77044476327116,36,64
New York University,United States,43.0,79.6,96.3,98.8,90.5,28.6,30.2,98.1,92.6,98.4,95.4,92.94117647058823,33.0,80.31749999999998,72.0,76.8,94.3,71.7,75.3,49423.0,7.4,45.0,59 : 41,2025,98.46963175514108,59,41
Newcastle University,United Kingdom,129.0,54.5,50.0,59.3,39.2,38.7,89.5,68.6,97.1,31.3,97.1,78.4873949579832,157.0,61.4115,37.1,42.9,93.0,82.9,90.8,24885.0,14.4,26.0,53 : 47,2025,92.53945480631278,53,47
North Carolina State University,United States,311.0,35.1,26.7,25.4,9.8,63.4,55.0,17.0,78.1,21.5,35.7,47.89915966386555,289.0,54.2385,44.9,40.7,71.1,79.5,62.4,32151.0,16.4,12.0,50 : 50,2025,86.22668579626973,50,50
Northwestern Polytechnical University,China,547.0,22.6,5.8,3.2,44.8,63.8,16.7,5.2,53.4,6.6,2.4,8.235294117647058,298.0,53.813,37.7,41.9,76.3,99.2,49.1,36448.0,13.8,4.0,24 : 76,2025,85.79626972740316,24,76
Northwestern University,United States,50.0,76.0,84.0,68.0,97.6,67.7,45.4,52.0,89.4,96.8,55.4,91.76470588235294,31.0,81.39999999999998,71.8,75.8,97.8,92.3,69.4,19922.0,8.0,20.0,53 : 47,2025,98.56527977044476,53,47
Norwegian University of Science And Technology,Norway,264.0,39.1,33.2,25.2,22.3,30.4,75.1,9.3,94.4,89.4,85.8,55.79831932773109,327.0,52.295,35.3,39.3,75.4,72.3,66.3,37923.0,14.8,9.0,50 : 50,2025,84.40937350549976,50,50
Nottingham Trent University,United Kingdom,592.0,21.0,10.6,15.1,10.6,5.1,57.1,74.0,84.6,12.0,64.1,0.6722689075630253,604.0,43.15149999999999,19.9,13.9,83.3,37.0,90.4,34740.0,15.1,24.0,55 : 45,2025,71.16212338593975,55,45
Novosibirsk State University,Russian Federation,442.0,26.8,24.7,18.4,91.0,9.5,6.3,57.0,56.5,5.8,5.3,25.882352941176475,966.0,34.988,39.5,33.7,26.8,43.0,50.7,7196.0,6.7,21.0,,2025,53.84983261597321,,
Osaka University,Japan,86.0,63.5,82.4,87.0,45.2,54.9,23.9,12.2,68.2,33.0,68.0,85.71428571428571,162.0,61.041,63.5,65.4,51.8,100.0,50.7,22186.0,10.4,11.0,32 : 68,2025,92.30033476805356,32,68
Oxford Brookes University,United Kingdom,416.0,28.6,30.7,37.6,13.7,7.0,67.5,67.4,68.4,20.5,13.2,30.252100840336134,796.0,38.310500000000005,25.8,20.0,56.9,29.8,88.5,13040.0,12.8,27.0,57 : 43,2025,61.979913916786224,57,43
Peking University,China,14.0,88.5,99.5,96.6,92.6,97.7,50.3,23.6,79.8,94.2,46.9,97.81512605042016,13.0,92.042,94.9,97.7,88.2,99.9,70.1,34981.0,11.5,15.0,,2025,99.4261119081779,,
Peter the Great St Petersburg Polytechnic University,Russian Federation,559.0,22.3,16.0,10.9,74.3,2.9,14.1,84.0,64.7,4.9,11.2,6.218487394957983,580.0,43.81199999999999,39.0,28.4,54.5,71.9,64.6,16418.0,9.9,32.0,43 : 57,2025,72.30989956958393,43,57
Pohang University of Science And Technology,South Korea,98.0,60.3,45.9,80.0,99.9,96.9,27.6,2.7,26.6,11.0,36.6,83.69747899159664,151.0,61.8555,55.9,50.0,78.8,100.0,43.0,3245.0,10.5,8.0,,2025,92.82639885222382,,
Politecnico di Milano,Italy,111.0,58.2,70.8,77.0,5.8,40.2,67.4,56.8,88.1,52.9,72.6,81.5126050420168,236.0,56.6595,43.3,49.6,69.4,96.3,64.4,39532.0,24.4,20.0,,2025,88.7613582018173,,
Pontificia Universidad Católica de Chile,Chile,93.0,61.5,93.7,98.0,23.7,8.8,26.0,3.7,82.5,99.9,79.3,84.53781512605042,539.0,44.69500000000001,29.3,35.2,61.6,74.4,58.5,31720.0,15.6,5.0,,2025,74.27068388330942,,
Prince Mohammad Bin Fahd university,Saudi Arabia,513.0,23.7,20.3,23.0,23.1,27.8,100.0,18.8,23.3,2.8,1.2,13.949579831932773,273.0,54.769000000000005,39.1,37.3,79.2,46.0,90.9,2462.0,10.9,17.0,47 : 53,2025,86.99186991869918,47,53
Princeton University,United States,22.0,85.5,99.8,98.3,57.0,100.0,9.6,56.6,78.3,95.7,51.5,96.47058823529412,4.0,97.5195,98.3,98.0,98.9,96.9,87.4,8378.0,7.8,23.0,47 : 53,2025,99.85652797704448,47,53
Pusan National University,South Korea,524.0,23.4,18.7,16.5,43.5,19.5,10.5,13.7,57.7,13.8,65.0,12.100840336134453,579.0,43.839,38.7,39.0,47.8,93.0,40.7,17421.0,17.0,11.0,53 : 47,2025,72.35772357723577,53,47
Qatar University,Qatar,122.0,55.7,29.8,50.6,68.1,48.2,100.0,96.5,89.4,98.6,74.0,79.66386554621849,246.0,56.1335,31.0,37.4,87.5,69.0,95.1,9701.0,8.5,36.0,,2025,88.2831181252989,,
Quaid i Azam University,Pakistan,315.0,34.8,17.3,42.4,3.2,93.6,7.0,1.9,65.0,21.0,3.4,47.22689075630252,474.0,46.7845,31.6,23.6,84.4,26.9,56.3,10991.0,18.4,2.0,46 : 54,2025,77.3792443806791,46,54
Queen Mary University of London,United Kingdom,120.0,55.8,48.3,36.9,30.4,62.8,99.5,99.2,92.5,21.4,95.6,80.0,141.0,62.2965,36.1,42.3,97.1,72.5,98.0,25110.0,15.7,47.0,54 : 46,2025,93.30463892874224,54,46
Queen s University Belfast,United Kingdom,206.0,45.7,35.4,33.6,28.6,40.6,100.0,98.2,92.8,9.9,88.9,65.54621848739495,207.0,58.3625,35.2,37.8,89.8,67.6,98.3,21110.0,16.6,43.0,58 : 42,2025,90.14825442372072,58,42
Queensland University of Technology,Australia,213.0,44.7,39.8,33.1,8.1,59.9,97.9,20.7,83.4,19.0,89.4,64.36974789915966,224.0,57.5025,33.1,40.0,88.7,86.7,80.8,32490.0,35.9,14.0,54 : 46,2025,89.3352462936394,54,46
Rice University,United States,141.0,53.6,39.1,27.3,62.5,87.9,77.5,94.1,62.2,29.5,20.6,76.47058823529412,113.0,65.43350000000001,55.1,46.1,88.4,72.5,85.2,7994.0,10.5,30.0,43 : 57,2025,94.64371114299378,43,57
RMIT University,Australia,123.0,55.5,40.4,48.0,5.2,77.7,100.0,91.4,83.2,38.4,93.9,79.49579831932773,258.0,55.5025,34.0,36.5,82.8,77.0,92.9,32149.0,23.8,35.0,49 : 51,2025,87.7092300334768,49,51
Royal Holloway University of London,United Kingdom,477.0,25.1,14.9,5.7,13.0,27.2,94.1,86.9,73.2,7.2,19.7,20.0,404.0,49.1765,31.1,29.3,72.8,65.0,94.2,11525.0,15.8,33.0,56 : 44,2025,80.72692491630798,56,44
RUDN University,Russian Federation,316.0,34.7,24.4,48.7,92.0,2.1,8.0,92.2,89.7,10.0,24.0,47.05882352941176,804.0,38.1715,37.6,26.7,43.1,29.1,69.9,26040.0,18.2,33.0,58 : 42,2025,61.597321855571494,58,42
Rutgers University New Brunswick,United States,328.0,33.8,36.2,28.1,46.3,12.8,18.0,28.2,78.0,25.7,95.4,45.04201680672269,314.0,52.8395,44.1,29.9,79.2,69.1,61.8,46848.0,11.2,16.0,53 : 47,2025,85.0310856049737,53,47
RWTH Aachen University,Germany,99.0,59.9,46.6,93.7,6.3,71.9,48.6,85.5,86.1,33.4,84.8,83.52941176470588,92.0,67.191,53.9,64.2,78.0,100.0,70.3,29050.0,37.1,31.0,35 : 65,2025,95.64801530368244,35,65
Sapienza University of Rome,Italy,132.0,54.2,80.7,48.5,5.0,45.3,3.1,8.0,97.1,88.0,72.3,77.98319327731093,186.0,59.51,53.4,50.8,73.7,93.0,42.6,64504.0,27.6,7.0,61 : 39,2025,91.15255858440938,61,39
Satbayev University,Kazakhstan,405.0,29.3,27.8,43.4,88.1,1.2,66.7,16.9,15.0,23.6,3.8,32.10084033613445,1725.0,21.4705,22.7,13.9,12.6,29.7,77.0,8800.0,13.4,14.0,52 : 48,2025,17.55141080822573,52,48
Sciences Po,France,350.0,32.5,16.8,34.8,81.1,2.8,52.7,97.2,31.4,97.7,7.2,41.344537815126046,641.0,41.996,28.3,26.5,62.7,18.5,85.5,13078.0,44.3,36.0,63 : 37,2025,69.39263510282161,63,37
Sejong University,South Korea,396.0,29.7,10.8,16.1,11.9,76.9,23.8,31.2,64.1,1.8,45.9,33.61344537815126,242.0,56.28750000000001,31.8,34.9,94.3,83.2,68.9,12718.0,20.3,15.0,49 : 51,2025,88.47441415590626,49,51
Seoul National University,South Korea,31.0,82.3,98.5,98.6,83.1,71.7,10.5,16.9,73.2,100.0,96.0,94.9579831932773,63.0,73.51599999999999,73.7,74.3,76.2,100.0,44.9,25644.0,14.2,16.0,,2025,97.03491152558584,,
Shanghai Jiao Tong University,China,45.0,77.8,84.0,86.3,58.6,99.6,23.1,19.6,73.7,73.5,80.3,92.60504201680672,52.0,75.835,72.4,79.3,77.5,100.0,56.4,40159.0,12.4,9.0,36 : 64,2025,97.5609756097561,36,64
Shanghai University,China,489.0,24.5,20.3,13.1,50.8,30.5,40.9,5.3,58.7,8.9,10.5,17.983193277310924,477.0,46.726000000000006,33.1,38.6,63.8,89.0,40.9,38849.0,13.1,6.0,50 : 50,2025,77.23577235772358,50,50
Sharif University of Technology,Iran,342.0,33.0,11.5,33.6,5.1,99.9,2.9,1.2,61.4,28.2,1.3,42.6890756302521,346.0,51.1775,36.5,36.6,78.7,95.4,31.6,9491.0,21.8,1.0,25 : 75,2025,83.50071736011478,25,75
Shenzhen University,China,508.0,23.9,7.7,3.2,42.1,64.5,11.0,1.4,65.1,15.8,7.4,14.789915966386555,382.0,49.93750000000001,26.8,35.1,85.9,76.5,40.3,35576.0,13.9,1.0,49 : 51,2025,81.7790530846485,49,51
Shoolini University of Biotechnology and Management Sciences,India,587.0,21.1,10.0,14.9,8.1,55.9,33.3,1.7,44.8,2.0,16.3,1.5126050420168067,457.0,47.416500000000006,29.9,21.3,87.2,22.6,71.4,3552.0,16.4,1.0,56 : 44,2025,78.19225251076041,56,44
Sichuan University,China,336.0,33.3,20.4,12.3,10.3,98.5,7.1,4.9,71.3,12.9,11.0,43.69747899159664,221.0,57.595,48.2,49.1,72.8,98.8,44.6,48990.0,15.9,5.0,,2025,89.47871831659494,,
Simon Fraser University,Canada,319.0,34.6,24.0,11.4,6.2,36.6,97.0,83.9,76.8,22.8,89.8,46.554621848739494,304.0,53.567,28.6,35.5,81.8,84.5,92.2,27262.0,30.5,31.0,54 : 46,2025,85.50932568149211,54,46
SOAS University of London,United Kingdom,508.0,23.9,17.1,9.4,14.8,15.1,100.0,98.7,16.9,22.4,39.1,14.789915966386555,429.0,48.41,40.6,34.5,63.9,29.2,81.2,5240.0,15.4,44.0,64 : 36,2025,79.53132472501196,64,36
Sogang University,South Korea,576.0,21.4,17.5,45.5,56.7,5.1,7.1,19.6,13.8,16.0,17.7,3.361344537815126,928.0,35.8735,29.4,32.1,39.2,73.6,42.5,9747.0,24.1,17.0,46 : 54,2025,55.66714490674318,46,54
Sorbonne University,France,63.0,70.3,87.2,52.0,43.0,72.3,33.8,46.7,99.8,79.7,87.6,89.57983193277312,76.0,70.416,64.6,61.1,82.4,71.5,80.8,40340.0,14.1,22.0,61 : 39,2025,96.4131994261119,61,39
South China University of Technology,China,385.0,30.4,12.1,6.6,20.0,97.8,10.7,4.6,51.3,27.3,7.3,35.46218487394958,283.0,54.373,36.4,38.0,84.3,99.5,44.6,40967.0,12.4,6.0,38 : 62,2025,86.51362984218078,38,62
Southeast University,China,428.0,27.8,13.5,6.6,20.8,82.0,14.4,3.4,69.2,5.0,11.6,28.235294117647058,310.0,53.1225,37.6,45.4,71.4,99.3,46.3,41806.0,12.7,4.0,35 : 65,2025,85.22238163558106,35,65
Southern Cross University,Australia,576.0,21.4,4.4,2.8,2.9,46.3,81.1,44.8,44.2,4.8,48.2,3.361344537815126,583.0,43.7215,22.5,28.1,67.5,63.0,82.2,9414.0,45.4,24.0,67 : 33,2025,72.16642754662841,67,33
Southern University of Science and Technology,China,284.0,37.3,9.3,2.5,89.7,98.8,37.5,1.4,48.3,1.6,31.6,52.43697478991597,183.0,59.612,36.7,43.3,93.2,80.9,67.1,7350.0,9.1,1.0,,2025,91.2960306073649,,
Stanford University,United States,6.0,96.1,100.0,100.0,100.0,99.0,70.3,60.8,96.8,100.0,81.2,99.15966386554622,6.0,97.242,97.5,97.3,99.6,100.0,85.1,16963.0,5.9,23.0,47 : 53,2025,99.76087996174078,47,53
Stellenbosch University,South Africa,296.0,36.7,26.1,35.8,3.5,61.9,19.7,8.0,94.8,85.2,22.0,50.42016806722689,341.0,51.26299999999999,31.2,40.1,74.6,89.5,59.6,24979.0,25.5,7.0,57 : 43,2025,83.73983739837398,57,43
Stockholm University,Sweden,128.0,54.8,52.5,21.0,26.7,64.5,80.7,89.8,95.7,86.6,58.7,78.65546218487395,192.0,59.24999999999999,32.8,49.0,89.3,65.1,79.6,28689.0,17.4,14.0,,2025,90.86561453849833,,
Sultan Qaboos University,Oman,362.0,31.7,18.6,17.1,55.6,21.9,100.0,3.2,78.8,51.5,55.4,39.32773109243698,680.0,41.0865,29.4,20.4,64.7,39.0,73.7,6937.0,8.3,4.0,50 : 50,2025,67.52749880439981,50,50
Sun Yat sen University,China,331.0,33.7,31.8,28.8,46.4,49.5,2.2,3.6,77.4,21.4,15.9,44.537815126050425,237.0,56.584,47.1,38.1,83.7,93.7,37.1,63317.0,15.1,5.0,47 : 53,2025,88.71353419416546,47,53
Sungkyunkwan University,South Korea,123.0,55.5,57.9,70.7,80.5,41.3,17.5,41.7,54.2,36.5,79.1,79.49579831932773,102.0,66.13,58.1,56.7,79.3,99.5,63.7,20416.0,17.0,21.0,48 : 52,2025,95.16977522716404,48,52
Sunway University,Malaysia,539.0,22.8,13.0,39.2,44.0,10.3,35.9,33.2,51.1,3.9,27.3,9.57983193277311,480.0,46.659,23.9,21.2,86.4,32.7,83.1,4693.0,10.0,18.0,52 : 48,2025,77.09230033476805,52,48
Swansea University,United Kingdom,298.0,36.5,23.1,43.1,25.1,27.9,71.0,59.6,82.3,8.3,91.8,50.08403361344538,315.0,52.788,27.6,30.5,89.1,58.4,89.8,18360.0,16.7,23.0,48 : 52,2025,84.98326159732186,48,52
Swinburne University of Technology,Australia,291.0,37.1,13.9,11.4,12.4,86.5,94.9,77.3,66.1,13.9,15.4,51.26050420168067,261.0,55.419,32.7,34.5,91.4,73.5,72.1,13896.0,25.8,31.0,43 : 57,2025,87.56575801052128,43,57
Tampere University,Finland,462.0,26.0,21.7,15.4,20.4,33.1,44.5,5.9,84.8,30.8,23.0,22.521008403361346,329.0,52.07750000000001,30.2,38.9,80.4,93.5,53.7,16895.0,19.2,8.0,53 : 47,2025,84.31372549019608,53,47
Technical University of Darmstadt,Germany,241.0,41.7,20.0,35.9,6.7,70.0,60.3,81.4,65.9,44.4,71.8,59.66386554621849,264.0,55.1725,42.7,48.0,65.0,99.9,68.8,14153.0,33.1,24.0,33 : 67,2025,87.42228598756576,33,67
Technical University of Denmark,Denmark,109.0,58.3,33.2,22.1,99.1,84.4,100.0,87.7,88.1,43.6,47.9,81.84873949579831,124.0,64.36999999999999,49.8,46.8,84.0,99.8,92.2,10492.0,8.0,30.0,34 : 66,2025,94.11764705882352,34,66
Technical University of Munich,Germany,28.0,83.2,83.0,98.6,76.8,75.9,80.4,98.6,95.6,34.5,93.1,95.46218487394958,26.0,83.4505,70.4,86.0,91.7,100.0,83.1,34907.0,41.8,43.0,35 : 65,2025,98.80439980870396,35,65
Technion Israel Institute of Technology,Israel,416.0,28.6,23.9,24.8,52.0,20.1,74.2,4.3,59.1,35.3,15.0,30.252100840336134,430.0,48.376,36.6,35.8,63.6,68.3,71.8,15267.0,22.1,13.0,40 : 60,2025,79.48350071736012,40,60
Tecnológico de Monterrey,Mexico,185.0,48.1,53.8,91.4,62.5,2.4,20.8,10.6,56.6,96.1,54.4,69.07563025210084,745.0,39.432,23.3,23.4,61.0,62.5,66.3,17986.0,16.0,14.0,43 : 57,2025,64.41893830703013,43,57
Tel Aviv University,Israel,209.0,45.2,32.0,18.6,4.2,99.4,39.7,7.0,77.9,88.4,46.2,65.04201680672269,228.0,57.2725,40.4,49.1,79.5,78.7,54.9,24033.0,22.8,7.0,58 : 42,2025,89.14395026303204,58,42
Texas AandM University,United States,154.0,51.8,61.2,66.0,4.4,64.3,21.9,12.1,92.6,44.4,39.5,74.28571428571429,145.0,62.20399999999999,52.7,57.3,74.3,73.2,64.3,66907.0,21.8,8.0,48 : 52,2025,93.11334289813486,48,52
Thammasat University,Thailand,596.0,20.8,24.6,19.4,26.6,2.1,9.1,1.7,41.0,84.6,33.6,0.0,1426.0,26.615,27.9,20.0,28.1,32.8,37.9,29481.0,10.9,2.0,64 : 36,2025,31.850789096126253,64,36
The American University in Cairo,Egypt,410.0,29.0,32.1,31.1,35.5,5.2,97.0,3.8,29.4,75.6,14.6,31.26050420168067,760.0,38.93,26.5,26.8,55.4,33.2,71.9,6068.0,14.1,7.0,58 : 42,2025,63.701578192252505,58,42
The Australian National University,Australia,30.0,82.4,93.8,75.4,34.6,84.6,100.0,96.2,91.4,56.6,97.1,95.12605042016806,73.0,70.685,53.6,65.1,85.0,86.1,94.0,17100.0,14.8,48.0,53 : 47,2025,96.55667144906744,53,47
The Chinese University of Hong Kong,Hong Kong SAR,36.0,81.3,86.7,53.3,64.2,92.9,100.0,87.5,74.2,89.0,86.7,94.11764705882352,44.0,76.786,60.8,64.3,97.8,94.2,94.6,18210.0,18.6,27.0,,2025,97.94356767097084,,
The Hebrew University of Jerusalem,Israel,281.0,37.9,32.8,18.2,79.3,19.4,53.2,23.8,77.8,94.6,34.2,52.94117647058824,338.0,51.6625,45.1,37.2,70.9,72.0,45.6,19205.0,9.1,6.0,57 : 43,2025,83.88330942132951,57,43
The Hong Kong Polytechnic University,Hong Kong SAR,57.0,72.1,68.0,35.6,65.0,94.9,100.0,91.9,78.9,64.5,77.4,90.58823529411765,84.0,68.026,46.1,53.5,92.8,93.6,97.7,20387.0,22.3,35.0,50 : 50,2025,96.03060736489718,50,50
The Hong Kong University of Science and Technology,Hong Kong SAR,47.0,77.1,81.1,50.3,56.7,99.7,100.0,95.4,46.7,65.4,77.6,92.26890756302521,66.0,72.878,54.1,60.9,93.0,100.0,98.1,9534.0,16.5,44.0,,2025,96.89143950263032,,
The London School of Economics and Political Science,United Kingdom,50.0,76.0,67.2,97.0,35.1,69.4,100.0,100.0,81.2,99.6,91.3,91.76470588235294,51.0,75.859,60.0,72.0,94.7,45.1,94.2,12150.0,12.3,71.0,57 : 43,2025,97.60879961740794,57,43
The Ohio State University,United States,208.0,45.6,58.6,50.4,39.5,31.2,13.4,10.6,94.6,45.3,50.8,65.21008403361344,118.0,65.222,55.0,51.7,87.6,83.6,58.4,55115.0,10.5,12.0,52 : 48,2025,94.40459110473458,52,48
The University of Adelaide,Australia,82.0,63.8,56.0,38.9,17.9,87.0,100.0,99.3,93.6,51.5,95.7,86.38655462184875,129.0,63.8135,39.1,48.1,92.3,93.5,92.0,22577.0,31.4,30.0,50 : 50,2025,93.87852702056433,50,50
The University of Arizona,United States,293.0,37.0,37.3,22.2,44.4,38.8,31.6,15.1,94.1,37.1,40.4,50.924369747899156,136.0,62.6895,48.0,52.8,86.3,81.0,54.5,47926.0,19.6,7.0,57 : 43,2025,93.54375896700144,57,43
The University of Auckland,New Zealand,65.0,69.7,82.2,44.7,15.5,66.9,100.0,84.0,87.4,92.9,99.7,89.2436974789916,152.0,61.8475,40.4,46.4,87.8,87.4,88.5,34626.0,24.4,31.0,56 : 44,2025,92.77857484457198,56,44
The University of Edinburgh,United Kingdom,27.0,83.3,98.3,97.2,65.5,47.7,98.7,99.8,99.5,55.9,99.0,95.63025210084034,29.0,82.501,72.2,77.1,95.7,72.2,96.6,37035.0,12.2,49.0,62 : 38,2025,98.66092778574844,62,38
The University of Exeter,United Kingdom,169.0,50.1,42.9,45.0,30.2,42.5,91.0,72.2,95.1,30.1,97.1,71.76470588235294,174.0,60.3605,34.8,42.3,94.9,56.0,94.9,29310.0,16.9,29.0,53 : 47,2025,91.72644667623146,53,47
The University of Georgia,United States,587.0,21.1,20.6,18.6,9.8,24.4,6.7,4.5,83.7,21.5,30.7,1.5126050420168067,359.0,50.925,42.2,40.4,69.1,69.0,43.6,38399.0,15.9,7.0,59 : 41,2025,82.87900526064084,59,41
The University of Hong Kong,Hong Kong SAR,17.0,87.6,97.4,59.4,81.2,86.4,100.0,99.3,81.4,99.7,89.2,97.3109243697479,35.0,79.607,65.0,70.5,96.1,96.3,97.4,18010.0,18.4,45.0,55 : 45,2025,98.3739837398374,55,45
The University of Manchester,United Kingdom,34.0,82.0,95.6,98.1,51.3,45.1,93.1,99.2,99.2,87.6,99.8,94.45378151260503,53.0,75.53599999999999,60.3,67.7,93.4,73.3,95.5,42160.0,15.1,46.0,56 : 44,2025,97.51315160210426,56,44
The University of Melbourne,Australia,13.0,88.9,98.5,93.9,15.4,93.0,95.1,99.8,97.4,96.5,99.6,97.98319327731092,39.0,78.4005,64.2,75.3,89.1,99.3,92.3,50303.0,23.6,48.0,58 : 42,2025,98.18268770923004,58,42
The University of Queensland,Australia,40.0,80.2,86.7,74.0,21.2,90.2,100.0,100.0,96.7,56.7,96.7,93.4453781512605,77.0,70.285,50.8,61.9,87.8,99.7,93.6,41249.0,37.6,42.0,55 : 45,2025,96.36537541846006,55,45
The University of Sheffield,United Kingdom,105.0,59.1,58.3,48.7,52.5,43.9,83.3,96.8,95.8,33.8,97.7,82.52100840336134,99.0,66.28049999999999,48.7,49.1,90.1,94.0,91.8,28100.0,14.9,41.0,53 : 47,2025,95.31324725011956,53,47
The University of Sydney,Australia,18.0,87.3,96.4,90.0,10.9,93.7,99.9,100.0,95.8,93.1,99.6,97.14285714285714,61.0,73.72449999999999,53.2,67.7,92.1,99.5,90.5,53079.0,27.5,51.0,57 : 43,2025,97.13055954088952,57,43
The University of Tennessee Knoxville,United States,481.0,25.0,10.1,8.2,9.5,76.3,4.9,2.4,77.3,11.0,15.0,19.327731092436977,351.0,51.03049999999999,37.8,31.8,79.1,71.0,54.5,29284.0,17.3,4.0,,2025,83.26159732185558,,
The University of Tokyo,Japan,32.0,82.1,100.0,99.8,89.3,57.3,10.1,29.7,87.4,99.9,98.3,94.78991596638654,28.0,83.3475,94.1,94.2,68.3,100.0,50.4,26438.0,10.4,17.0,,2025,98.70875179340028,,
The University of Warwick,United Kingdom,69.0,68.2,72.2,86.4,35.5,37.7,98.1,99.1,94.2,65.7,89.7,88.57142857142857,106.0,65.75250000000001,47.9,51.5,89.0,69.3,96.2,25490.0,14.2,45.0,50 : 50,2025,94.97847919655668,50,50
The University of Western Australia,Australia,77.0,65.2,55.5,41.8,13.1,98.8,100.0,99.8,94.2,78.0,50.8,87.22689075630252,149.0,62.026,37.8,47.2,87.6,98.3,93.0,19214.0,22.9,26.0,51 : 49,2025,92.9220468675275,51,49
Tianjin University,China,269.0,38.6,17.2,13.5,38.8,99.5,24.8,25.4,65.2,32.4,16.9,54.957983193277315,213.0,57.9405,46.8,47.7,73.4,99.6,57.3,27081.0,8.9,15.0,,2025,89.86131037780966,,
Tilburg University,Netherlands,347.0,32.8,14.7,32.5,10.5,55.1,98.4,60.6,56.8,14.3,15.2,41.84873949579832,302.0,53.64849999999999,28.2,43.8,76.6,80.5,85.7,12738.0,24.5,23.0,52 : 48,2025,85.6049736967958,52,48
Tohoku University,Japan,107.0,58.8,73.8,82.8,97.8,23.9,14.1,11.4,68.3,22.6,78.6,82.18487394957982,120.0,64.9615,69.0,69.6,53.1,100.0,59.9,17218.0,12.3,12.0,28 : 72,2025,94.3089430894309,28,72
Tokyo Institute of Technology,Japan,84.0,63.7,75.1,94.1,84.1,43.1,23.4,30.5,61.2,23.7,62.2,86.05042016806723,195.0,59.1255,61.1,63.9,47.5,100.0,57.6,9908.0,9.9,16.0,16 : 84,2025,90.7221425155428,16,84
Tomsk State University,Russian Federation,431.0,27.6,22.0,13.5,99.0,4.2,21.6,91.6,64.1,4.4,1.4,27.73109243697479,591.0,43.58449999999999,51.3,40.9,28.7,55.5,76.8,7996.0,11.6,37.0,,2025,71.78383548541369,,
Tongji University,China,192.0,46.9,31.8,16.9,29.1,96.9,54.5,26.5,72.9,24.0,81.4,67.89915966386555,154.0,61.7365,51.6,53.3,72.8,99.0,70.1,31767.0,11.3,20.0,41 : 59,2025,92.6829268292683,41,59
Tsinghua University,China,20.0,86.5,99.2,97.7,95.0,99.1,18.1,13.4,79.2,92.3,40.4,96.80672268907563,12.0,92.464,95.4,98.4,93.5,100.0,49.8,38289.0,11.0,9.0,,2025,99.47393591582974,,
Tufts University,United States,344.0,32.9,16.9,7.7,53.5,45.7,23.5,38.1,60.2,56.1,81.0,42.35294117647059,179.0,59.854,50.7,36.3,89.1,72.7,63.1,12647.0,11.0,17.0,58 : 42,2025,91.48732663797226,58,42
UCL,United Kingdom,9.0,91.6,99.5,98.3,95.9,72.2,99.0,100.0,99.9,70.3,74.8,98.65546218487395,22.0,87.73349999999999,77.6,86.2,98.4,74.9,97.7,41935.0,11.1,61.0,60 : 40,2025,98.99569583931134,60,40
Ulsan National Institute of Science and Technology,South Korea,280.0,38.0,13.6,13.5,87.9,98.1,29.3,9.6,24.8,3.3,16.1,53.109243697478995,218.0,57.662,48.0,39.8,83.2,97.0,41.6,3803.0,11.6,9.0,28 : 72,2025,89.62219033955046,28,72
Ulster University,United Kingdom,559.0,22.3,8.1,11.3,9.6,11.5,99.8,77.6,73.4,6.8,62.2,6.218487394957983,706.0,40.333,21.7,22.4,63.2,52.7,84.9,18805.0,18.3,12.0,57 : 43,2025,66.28407460545193,57,43
Umea University,Sweden,456.0,26.3,19.9,11.6,71.8,15.2,51.1,21.8,78.0,9.0,26.3,23.52941176470588,401.0,49.354,29.1,32.8,79.9,62.0,64.1,13648.0,9.9,8.0,62 : 38,2025,80.87039693926351,62,38
Umm Al Qura University,Saudi Arabia,559.0,22.3,20.7,12.8,54.7,2.2,100.0,16.0,59.7,6.7,3.1,6.218487394957983,475.0,46.782,35.2,24.1,75.4,35.1,71.8,32557.0,12.2,8.0,54 : 46,2025,77.33142037302726,54,46
United Arab Emirates University,United Arab Emirates,261.0,39.4,30.1,38.3,49.8,16.6,100.0,34.2,86.2,82.0,36.6,56.30252100840336,252.0,55.732,28.4,37.3,88.9,81.3,88.2,9024.0,13.9,18.0,73 : 27,2025,87.99617407938786,73,27
Università Cattolica del Sacro Cuore,Italy,442.0,26.8,24.2,35.5,27.6,19.2,15.5,7.1,60.5,32.3,54.8,25.882352941176475,308.0,53.2825,36.5,31.6,88.8,77.4,48.2,25590.0,34.6,6.0,54 : 46,2025,85.31802965088474,54,46
Universitas Padjadjaran,Indonesia,596.0,20.8,19.0,41.6,41.4,1.4,34.8,2.2,19.6,33.4,21.3,0.0,1522.0,24.874,31.0,12.2,25.3,25.4,47.8,32629.0,9.0,3.0,62 : 38,2025,27.259684361549496,62,38
Universitat Autònoma de Barcelona,Spain,175.0,49.2,64.0,35.8,11.5,59.5,18.5,16.5,93.1,24.0,86.7,70.75630252100841,201.0,58.645,43.9,42.4,84.1,72.4,70.3,32795.0,13.1,15.0,61 : 39,2025,90.43519846963176,61,39
Universitat Ramon Llull,Spain,466.0,25.7,11.0,52.0,8.7,8.1,93.6,43.1,32.6,71.7,20.1,21.84873949579832,837.0,37.5355,19.8,17.2,65.5,34.1,75.9,16113.0,20.6,23.0,46 : 54,2025,60.01912960306074,46,54
Université catholique de Louvain,Belgium,203.0,46.0,48.4,25.9,4.6,55.0,91.0,47.6,89.9,76.4,27.1,66.05042016806722,175.0,60.234,39.4,49.4,81.1,94.0,82.6,27440.0,39.9,20.0,55 : 45,2025,91.67862266857962,55,45
Université de Montréal,Canada,159.0,51.3,55.5,32.8,76.0,19.3,87.6,54.1,84.9,54.2,91.4,73.44537815126051,125.0,64.2435,49.3,53.2,79.5,97.8,86.8,39359.0,20.2,23.0,,2025,94.06982305117168,,
Université Grenoble Alpes,France,334.0,33.5,44.7,14.3,7.9,41.7,20.2,35.1,94.9,20.7,21.5,44.03361344537815,365.0,50.63,41.7,37.7,64.5,69.7,70.1,51333.0,18.5,17.0,53 : 47,2025,82.5920612147298,53,47
Université Laval,Canada,423.0,28.1,19.2,8.1,26.0,23.8,55.8,41.6,80.2,36.4,78.4,29.075630252100844,293.0,54.01599999999999,40.5,38.9,70.8,96.0,76.1,30211.0,17.8,17.0,59 : 41,2025,86.03538976566236,59,41
Universite libre de Bruxelles,Belgium,230.0,43.0,33.3,34.5,3.0,49.9,98.7,84.4,87.5,65.5,25.2,61.51260504201681,211.0,58.14,36.3,45.5,82.9,68.6,88.3,32121.0,55.5,29.0,56 : 44,2025,89.95695839311334,56,44
Université Paris Cité,France,302.0,35.9,27.8,6.2,9.2,87.0,12.0,35.2,99.2,15.2,18.4,49.411764705882355,184.0,59.5735,44.7,37.8,90.7,67.0,73.8,61998.0,17.1,20.0,66 : 34,2025,91.24820659971306,66,34
Université Paris Saclay,France,73.0,67.0,60.7,99.1,99.8,35.0,35.7,58.6,98.6,70.8,72.6,87.89915966386555,64.0,73.4815,68.4,66.9,81.5,91.0,77.5,32679.0,15.0,24.0,51 : 49,2025,96.987087517934,51,49
Universiti Brunei Darussalam,Brunei,385.0,30.4,20.2,8.8,92.9,9.9,100.0,46.5,35.4,56.5,12.7,35.46218487394958,538.0,44.6955,28.1,30.4,70.4,26.0,72.4,3473.0,11.3,10.0,65 : 35,2025,74.31850789096126,65,35
Universiti Kebangsaan Malaysia,Malaysia,138.0,53.8,61.7,66.4,80.4,14.1,45.7,78.8,83.7,22.5,64.4,76.9747899159664,425.0,48.53,45.5,28.9,62.2,49.6,81.1,19655.0,10.4,26.0,55 : 45,2025,79.72262075561932,55,45
Universiti Putra Malaysia,Malaysia,148.0,52.3,61.0,61.9,58.8,25.7,36.1,92.0,80.5,17.5,53.5,75.29411764705883,627.0,42.41649999999999,36.1,28.8,51.5,51.0,79.0,23581.0,12.4,30.0,64 : 36,2025,70.0621712099474,64,36
Universiti Sains Malaysia,Malaysia,146.0,52.7,63.3,69.7,46.4,19.6,24.3,96.4,87.8,20.1,71.2,75.63025210084034,450.0,47.668,42.2,28.5,63.5,56.6,75.2,25623.0,12.3,34.0,63 : 37,2025,78.5270205643233,63,37
Universiti Teknologi Brunei,Brunei,562.0,22.2,15.4,6.3,88.5,9.9,100.0,5.8,15.9,14.7,1.4,5.714285714285714,845.0,37.384,28.5,13.4,62.0,25.2,73.1,1305.0,6.2,7.0,59 : 41,2025,59.636537541846,59,41
Universiti Teknologi Malaysia,Malaysia,181.0,48.5,48.6,59.6,46.0,40.5,14.1,86.9,82.9,18.0,52.1,69.74789915966386,423.0,48.57299999999999,41.1,29.9,65.1,69.5,72.9,18192.0,11.1,31.0,46 : 54,2025,79.81826877092301,46,54
Universiti Teknologi PETRONAS,Malaysia,269.0,38.6,19.5,28.1,38.5,79.0,83.9,20.1,63.9,4.1,18.4,54.957983193277315,248.0,55.913,36.8,39.1,82.2,80.2,78.0,4389.0,13.4,12.0,37 : 63,2025,88.18747010999522,37,63
Universiti Utara Malaysia,Malaysia,554.0,22.4,22.0,25.4,38.8,8.2,19.4,79.3,34.1,12.3,5.3,7.0588235294117645,471.0,46.8515,38.4,28.6,66.9,27.3,80.9,11690.0,11.4,32.0,66 : 34,2025,77.52271640363463,66,34
University College Cork,Ireland,273.0,38.3,30.1,35.1,22.1,28.5,89.0,52.1,69.1,34.0,91.0,54.285714285714285,392.0,49.52,27.1,32.3,77.3,74.4,79.9,19307.0,21.0,20.0,59 : 41,2025,81.30081300813008,59,41
University College Dublin,Ireland,126.0,55.0,51.4,43.5,16.6,46.4,99.1,74.8,87.2,89.8,95.6,78.99159663865547,230.0,57.1095,32.7,41.2,85.9,76.0,89.4,24470.0,21.2,30.0,,2025,89.04830224772836,,
University of Aberdeen,United Kingdom,236.0,42.3,30.5,28.8,32.7,32.0,94.5,92.6,88.5,22.2,96.5,60.50420168067227,250.0,55.745,34.8,36.0,81.9,79.1,97.4,13455.0,15.5,40.0,57 : 43,2025,88.09182209469154,57,43
University of Alberta,Canada,96.0,61.2,57.0,42.2,39.1,61.3,98.3,71.0,96.0,70.0,97.6,84.03361344537815,116.0,65.232,48.2,56.7,79.3,100.0,90.4,34169.0,23.9,27.0,,2025,94.50023912003826,,
University of Amsterdam,Netherlands,55.0,73.7,83.8,52.1,21.4,92.2,96.0,87.5,96.3,79.8,38.2,90.92436974789916,59.0,73.80249999999998,54.5,63.8,97.1,77.2,93.4,29759.0,12.8,39.0,60 : 40,2025,97.22620755619322,60,40
University of Antwerp,Belgium,267.0,38.7,24.1,11.3,37.5,48.1,94.4,32.0,94.6,44.8,74.8,55.294117647058826,168.0,60.731,38.1,44.6,89.9,98.5,75.3,16398.0,32.3,18.0,57 : 43,2025,92.01339072214252,57,43
University of Aveiro,Portugal,359.0,31.9,13.9,5.6,11.1,90.6,4.2,15.3,89.0,2.7,57.7,39.831932773109244,743.0,39.4945,29.2,30.1,54.9,52.6,47.7,13711.0,16.1,11.0,54 : 46,2025,64.51458632233381,54,46
University of Basel,Switzerland,131.0,54.3,26.6,13.5,61.4,94.5,100.0,85.8,89.4,69.9,44.6,78.15126050420169,126.0,64.20100000000001,50.5,42.7,86.0,99.7,95.1,8527.0,10.2,33.0,57 : 43,2025,94.02199904351984,57,43
University of Bath,United Kingdom,150.0,52.1,35.8,67.9,18.3,52.0,94.3,80.0,84.2,35.2,90.4,74.95798319327731,259.0,55.499,37.5,35.5,81.3,66.6,94.5,15200.0,15.7,30.0,45 : 55,2025,87.66140602582496,45,55
University of Bayreuth,Germany,527.0,23.2,10.2,15.7,50.3,25.8,54.8,21.2,75.1,9.0,11.3,11.596638655462185,339.0,51.584,38.9,41.2,66.1,81.7,67.5,7655.0,20.7,15.0,45 : 55,2025,83.83548541367767,45,55
University of Bergen,Norway,291.0,37.1,31.6,8.3,64.9,28.3,93.3,16.9,90.7,63.9,33.6,51.26050420168067,278.0,54.646,35.2,37.1,82.1,76.7,77.4,15607.0,13.0,12.0,59 : 41,2025,86.75274988043998,59,41
University of Bern,Switzerland,161.0,51.2,29.7,16.1,45.9,99.3,100.0,38.0,93.8,30.7,52.1,73.10924369747899,104.0,65.827,46.1,47.9,92.8,99.1,87.1,12054.0,17.7,17.0,59 : 41,2025,95.07412721186034,59,41
University of Birmingham,United Kingdom,80.0,64.1,68.9,69.0,39.0,40.5,92.6,89.3,97.5,44.5,96.8,86.72268907563026,94.0,67.09599999999999,46.7,50.5,95.1,75.3,95.1,32590.0,14.8,32.0,57 : 43,2025,95.55236728837878,57,43
University of Bordeaux,France,535.0,22.9,31.3,5.5,11.5,17.6,27.1,23.3,92.9,16.7,20.1,10.252100840336134,445.0,47.81049999999999,36.8,30.5,68.3,65.8,66.5,50941.0,21.3,15.0,60 : 40,2025,78.7661406025825,60,40
University of Bradford,United Kingdom,531.0,23.1,9.1,7.1,6.8,21.7,68.5,97.6,66.0,34.3,40.7,10.92436974789916,555.0,44.40549999999999,20.4,22.0,76.1,57.5,91.7,10230.0,20.7,38.0,56 : 44,2025,73.50549976087997,56,44
University of Bristol,United Kingdom,54.0,75.4,75.8,82.5,36.7,75.9,87.5,89.8,94.6,51.2,98.9,91.09243697478992,78.0,70.02099999999999,49.8,56.9,96.8,71.1,92.6,28730.0,14.5,33.0,55 : 45,2025,96.31755141080822,55,45
University of British Columbia,Canada,38.0,81.0,98.3,94.3,34.5,57.7,95.5,72.8,96.2,74.6,99.8,93.78151260504201,41.0,77.79599999999999,62.3,76.7,89.7,79.8,94.3,59931.0,19.3,34.0,56 : 44,2025,98.08703969392634,56,44
University of Calgary,Canada,198.0,46.3,37.9,44.5,18.1,40.3,77.7,66.2,85.2,53.3,93.3,66.890756302521,220.0,57.6235,34.4,42.8,83.6,88.9,85.7,34804.0,19.7,26.0,53 : 47,2025,89.52654232424678,53,47
University of California Berkeley,United States,12.0,90.1,100.0,100.0,23.5,98.2,91.5,61.0,97.2,98.4,100.0,98.15126050420167,8.0,94.565,87.2,98.9,99.0,99.5,86.4,42423.0,18.7,25.0,52 : 48,2025,99.66523194643712,52,48
University of California Davis,United States,130.0,54.4,63.0,48.0,23.5,52.5,72.7,51.3,90.6,22.8,76.1,78.31932773109244,62.0,73.54399999999998,63.8,67.8,86.1,89.4,75.4,38873.0,13.9,17.0,59 : 41,2025,97.08273553323768,59,41
University of California Irvine,United States,307.0,35.5,37.5,22.3,17.3,40.7,43.9,58.7,84.1,11.2,36.0,48.57142857142857,90.0,67.30799999999999,48.3,53.2,92.9,97.6,78.1,35218.0,15.5,25.0,54 : 46,2025,95.74366331898612,54,46
University of California Los Angeles,United States,42.0,79.8,100.0,99.8,35.4,74.0,42.2,22.3,95.5,94.7,67.1,93.10924369747899,18.0,89.7995,84.9,92.1,96.6,89.0,73.4,44237.0,9.9,15.0,56 : 44,2025,99.1869918699187,56,44
University of California Riverside,United States,497.0,24.2,16.3,9.4,6.6,50.9,47.9,10.4,77.3,3.7,21.3,16.63865546218487,276.0,54.6765,37.0,34.8,83.9,69.8,76.1,25347.0,19.7,14.0,52 : 48,2025,86.84839789574367,52,48
University of California San Diego,United States,72.0,67.1,89.3,57.8,50.8,67.0,54.6,44.3,95.5,21.7,44.3,88.0672268907563,34.0,79.89,64.9,75.8,97.4,100.0,73.9,39993.0,11.0,21.0,49 : 51,2025,98.42180774748924,49,51
University of California Santa Barbara,United States,178.0,48.9,52.6,21.3,7.7,97.8,75.4,17.2,71.2,7.9,28.4,70.25210084033613,68.0,72.6515,49.6,65.5,96.7,96.8,81.9,25442.0,27.6,17.0,55 : 45,2025,96.79579148732664,55,45
University of California Santa Cruz,United States,393.0,29.9,17.7,5.9,7.4,65.3,53.4,7.0,64.5,6.1,83.6,34.11764705882353,197.0,58.885,35.3,41.7,93.2,71.9,73.9,19782.0,24.1,10.0,46 : 54,2025,90.62649450023912,46,54
University of Cambridge,United Kingdom,5.0,96.7,100.0,100.0,100.0,84.6,100.0,94.8,99.3,100.0,84.8,99.32773109243698,5.0,97.36,95.9,99.9,97.6,88.4,97.1,20980.0,11.5,38.0,49 : 51,2025,99.80870396939264,49,51
University of Canberra,Australia,403.0,29.5,14.3,7.7,2.4,51.2,79.6,69.4,63.1,5.6,70.9,32.436974789915965,467.0,47.1515,23.1,31.4,74.5,52.9,90.2,11230.0,31.5,28.0,57 : 43,2025,77.71401243424198,57,43
University of Cape Town,South Africa,171.0,50.0,45.2,51.8,13.8,46.8,56.5,19.2,97.3,95.8,95.6,71.42857142857143,181.0,59.67199999999999,37.8,45.3,86.6,80.6,82.4,21021.0,13.0,13.0,55 : 45,2025,91.39167862266858,55,45
University of Chemistry and Technology Prague,Czech Republic,570.0,21.8,5.6,9.3,98.4,13.5,23.9,78.4,34.9,4.2,3.4,4.369747899159663,1254.0,29.6325,36.7,15.1,27.2,54.3,54.6,4505.0,9.5,29.0,57 : 43,2025,40.07651841224295,57,43
University of Chicago,United States,21.0,86.2,99.1,96.4,94.2,60.8,79.0,87.0,85.1,99.1,46.9,96.63865546218487,15.0,90.9285,88.4,90.0,97.4,86.2,81.1,16373.0,6.0,38.0,46 : 54,2025,99.33046389287422,46,54
University of Coimbra,Portugal,355.0,32.1,29.4,10.8,10.3,49.8,8.1,22.9,91.2,31.1,75.8,40.50420168067227,484.0,46.5485,30.8,40.3,61.4,80.2,55.3,22687.0,19.9,18.0,57 : 43,2025,76.9010043041607,57,43
University of Cologne,Germany,285.0,37.2,35.2,30.4,15.7,29.3,35.9,30.1,90.8,56.8,91.9,52.268907563025216,158.0,61.37799999999999,42.9,47.5,86.0,96.5,70.5,29832.0,27.7,17.0,,2025,92.49163079866094,,
University of Colorado Boulder,United States,320.0,34.4,36.1,17.5,38.3,34.9,32.2,4.9,86.3,31.6,62.8,46.38655462184874,143.0,62.2535,47.0,52.6,86.6,73.3,56.3,36067.0,16.7,9.0,46 : 54,2025,93.20899091343856,46,54
University of Connecticut,United States,565.0,22.0,14.4,8.1,18.2,29.8,27.4,19.4,88.0,23.3,37.6,5.2100840336134455,337.0,51.6785,41.1,31.5,76.0,68.6,65.0,28524.0,11.6,11.0,53 : 47,2025,83.93113342898135,53,47
University of Copenhagen,Denmark,100.0,59.6,74.0,31.6,99.8,23.1,84.9,15.6,98.2,90.8,73.2,83.36134453781513,97.0,66.67,49.1,51.8,92.0,90.4,79.3,30962.0,4.2,14.0,63 : 37,2025,95.40889526542324,63,37
University of Cyprus,Cyprus,389.0,30.1,10.0,4.7,4.5,75.0,93.8,20.0,73.4,42.1,5.8,34.78991596638655,495.0,46.096,27.4,26.0,74.1,63.2,76.2,7002.0,20.4,13.0,62 : 38,2025,76.37494021999044,62,38
University of Debrecen,Hungary,574.0,21.5,17.9,13.9,34.0,3.9,10.6,70.0,76.7,21.4,39.5,3.697478991596639,867.0,36.94199999999999,42.2,19.9,40.9,48.8,60.0,20294.0,12.0,25.0,55 : 45,2025,58.584409373505494,55,45
University of Delaware,United States,506.0,24.0,9.4,7.9,6.6,53.9,30.0,12.6,66.5,16.9,65.3,15.126050420168067,391.0,49.52,35.4,34.1,70.8,84.7,60.8,21379.0,16.4,11.0,58 : 42,2025,81.34863701578192,58,42
University of Delhi,India,328.0,33.8,38.1,35.3,4.3,25.9,1.3,1.5,75.1,96.0,70.6,45.04201680672269,864.0,37.002,41.2,27.5,43.2,53.2,23.8,25926.0,21.0,2.0,47 : 53,2025,58.72788139646102,47,53
University of Dhaka,Bangladesh,554.0,22.4,23.0,45.6,11.2,2.9,1.6,1.0,52.0,93.7,11.8,7.0588235294117645,1040.0,33.555,20.1,10.3,67.2,21.4,48.3,194187.0,12.5,3.0,59 : 41,2025,50.31085604973696,59,41
University of Dundee,United Kingdom,418.0,28.5,18.4,13.7,30.8,14.0,91.1,89.4,75.2,7.4,55.4,29.915966386554622,320.0,52.558,26.2,32.2,84.6,79.9,92.2,15145.0,19.5,31.0,64 : 36,2025,84.74414155906264,64,36
University of East Anglia,United Kingdom,332.0,33.6,17.2,7.2,15.2,58.7,66.8,32.2,87.9,19.2,91.4,44.36974789915966,281.0,54.44749999999999,31.5,31.3,90.1,59.7,88.8,16330.0,13.6,23.0,57 : 43,2025,86.60927785748446,57,43
University of Eastern Finland,Finland,535.0,22.9,13.8,7.6,43.7,18.4,37.4,5.2,86.4,4.2,78.6,10.252100840336134,520.0,45.23049999999999,28.8,29.8,72.5,66.5,49.1,12420.0,16.8,6.0,68 : 32,2025,75.17934002869441,68,32
University of Electronic Science and Technology of China,China,451.0,26.5,5.3,5.0,8.2,99.1,3.2,2.5,73.3,7.2,2.3,24.369747899159663,332.0,51.959500000000006,35.6,37.2,80.7,98.3,33.7,38924.0,16.4,2.0,27 : 73,2025,84.17025346724056,27,73
University of Florence,Italy,375.0,31.2,34.6,8.4,4.4,46.6,7.3,12.3,88.5,30.3,74.5,37.142857142857146,364.0,50.71799999999999,36.9,35.8,75.6,75.7,49.9,40415.0,22.4,11.0,57 : 43,2025,82.63988522238164,57,43
University of Florida,United States,215.0,44.2,46.7,42.3,62.9,32.1,17.8,10.3,98.3,44.5,60.6,64.03361344537815,130.0,63.6485,54.4,56.8,79.1,89.9,50.7,47534.0,15.9,10.0,56 : 44,2025,93.83070301291248,56,44
University of Galway,Ireland,273.0,38.3,26.2,30.3,63.2,13.2,95.2,43.2,81.3,46.6,85.9,54.285714285714285,381.0,49.96750000000001,25.6,34.9,76.4,86.8,78.7,16039.0,26.0,18.0,61 : 39,2025,81.82687709230034,61,39
University of Geneva,Switzerland,155.0,51.6,45.5,17.2,40.4,62.4,100.0,97.6,94.2,49.5,42.3,74.11764705882354,171.0,60.5715,43.2,39.0,86.4,84.0,96.5,18261.0,8.1,41.0,62 : 38,2025,91.869918699187,62,38
University of Genoa,Italy,547.0,22.6,18.8,4.9,12.7,43.7,5.4,9.2,81.2,10.5,39.5,8.235294117647058,412.0,48.88699999999999,37.3,30.6,74.8,76.3,46.9,20489.0,17.8,8.0,59 : 41,2025,80.34433285509326,59,41
University of Glasgow,United Kingdom,78.0,65.0,77.4,67.7,38.0,32.5,95.7,99.4,97.6,33.5,98.5,87.05882352941177,87.0,67.79849999999999,47.5,51.4,96.0,72.0,96.0,36240.0,15.1,46.0,59 : 41,2025,95.88713534194166,59,41
University of Gothenburg,Sweden,194.0,46.7,35.4,18.3,60.9,33.6,90.0,78.2,94.2,63.1,92.8,67.56302521008404,215.0,57.77499999999999,34.6,43.4,90.2,77.3,64.4,21568.0,11.5,13.0,,2025,89.76566236250598,,
University of Göttingen,Germany,252.0,40.3,46.4,27.1,76.4,16.2,49.7,22.4,95.1,40.3,32.1,57.815126050420176,121.0,64.7495,49.2,54.0,88.2,70.7,70.5,21729.0,25.2,14.0,54 : 46,2025,94.26111908177906,54,46
University of Granada,Spain,431.0,27.6,44.4,14.1,5.7,26.2,3.1,14.8,96.3,4.9,26.3,27.73109243697479,678.0,41.1525,28.8,26.4,62.2,55.2,55.1,56877.0,14.9,12.0,60 : 40,2025,67.62314681970349,60,40
University of Groningen,Netherlands,159.0,51.3,52.3,34.4,49.3,41.2,93.2,83.5,94.1,40.0,40.1,73.44537815126051,81.0,69.8115,46.4,57.5,94.8,99.9,93.5,32845.0,29.1,30.0,54 : 46,2025,96.1740793878527,54,46
University of Guelph,Canada,456.0,26.3,12.8,12.8,5.0,50.1,46.4,14.3,65.2,11.2,82.9,23.52941176470588,421.0,48.591,33.9,36.3,66.4,80.4,65.7,22115.0,26.5,11.0,59 : 41,2025,79.9139167862267,59,41
University of Hawai i at Manoa,United States,488.0,24.6,15.2,6.6,29.7,41.7,41.7,12.0,82.9,7.9,30.1,18.15126050420168,251.0,55.7375,40.6,43.4,75.7,67.8,76.7,15692.0,12.3,10.0,59 : 41,2025,88.0439980870397,59,41
University of Helsinki,Finland,117.0,56.8,62.3,29.1,59.4,49.6,73.4,5.7,96.9,90.5,94.5,80.50420168067227,107.0,65.654,48.8,58.0,90.9,68.2,59.2,23822.0,16.5,6.0,65 : 35,2025,94.93065518890484,65,35
University of Huddersfield,United Kingdom,501.0,24.1,12.7,12.4,7.5,19.4,63.7,85.6,73.0,1.3,72.3,15.966386554621847,552.0,44.438,26.6,24.7,69.8,44.2,89.6,13685.0,18.5,28.0,59 : 41,2025,73.64897178383548,59,41
University of Hull,United Kingdom,516.0,23.6,8.9,4.5,14.3,21.5,63.3,81.5,76.9,20.5,68.0,13.445378151260504,496.0,46.065,23.6,24.2,77.4,55.5,88.6,12625.0,18.3,31.0,55 : 45,2025,76.3271162123386,55,45
University of Iceland,Iceland,547.0,22.6,6.8,2.5,99.9,6.7,25.7,10.3,73.5,83.2,5.9,8.235294117647058,511.0,45.447,24.5,35.2,68.6,82.1,55.3,10045.0,17.0,12.0,68 : 32,2025,75.60975609756098,68,32
University of Illinois at Urbana Champaign,United States,69.0,68.2,83.9,75.7,6.4,77.5,14.0,56.3,90.4,81.7,65.0,88.57142857142857,46.0,76.51599999999999,66.4,81.0,84.1,86.7,63.2,50655.0,19.7,25.0,51 : 49,2025,97.84791965566714,51,49
University of Iowa,United States,596.0,20.8,18.4,8.7,41.7,19.1,15.5,3.7,75.6,26.6,20.8,0.0,280.0,54.478,46.5,33.2,78.0,91.5,54.3,28098.0,10.7,5.0,56 : 44,2025,86.6571018651363,56,44
University of Johannesburg,South Africa,312.0,35.0,17.7,17.9,40.3,24.9,96.5,51.4,98.0,63.1,65.6,47.73109243697479,420.0,48.62349999999999,28.4,36.9,67.6,77.3,82.3,31430.0,26.2,14.0,56 : 44,2025,79.96174079387852,56,44
University of Jordan,Jordan,368.0,31.4,32.9,46.7,19.5,3.5,21.2,43.5,67.0,82.1,39.5,38.31932773109244,758.0,38.95049999999999,30.4,15.1,62.8,35.4,71.3,25265.0,10.6,23.0,69 : 31,2025,63.79722620755619,69,31
University of Jyväskylä,Finland,489.0,24.5,16.2,11.4,87.7,12.1,44.0,2.6,81.2,10.4,16.3,17.983193277310924,469.0,47.116,29.4,34.2,76.6,47.5,48.6,10910.0,13.1,4.0,63 : 37,2025,77.6183644189383,63,37
University of Kansas,United States,452.0,26.4,14.4,12.6,86.7,9.2,60.3,7.2,84.6,28.2,32.4,24.201680672268907,358.0,50.94599999999999,44.0,29.7,73.0,80.2,56.6,23598.0,9.5,7.0,54 : 46,2025,82.92682926829268,54,46
University of Kent,United Kingdom,380.0,30.8,15.4,10.0,14.6,45.7,95.1,49.8,78.8,34.0,40.4,36.30252100840336,377.0,50.2045,30.6,28.6,77.8,62.9,93.7,15875.0,17.0,28.0,54 : 46,2025,82.0181731229077,54,46
University of Kwazulu Natal,South Africa,587.0,21.1,12.6,10.2,5.5,24.5,24.5,1.6,93.7,71.2,37.9,1.5126050420168067,522.0,45.1755,32.2,37.1,62.8,46.0,56.5,34156.0,30.9,2.0,61 : 39,2025,75.08369201339072,61,39
University of Lausanne,Switzerland,224.0,43.6,28.4,18.8,36.8,61.0,100.0,54.2,79.8,51.8,51.2,62.52100840336134,135.0,62.98,41.0,46.0,89.5,99.0,89.8,14512.0,10.1,23.0,,2025,93.59158297465328,,
University of Leeds,United Kingdom,82.0,63.8,70.5,75.9,36.4,39.8,82.5,88.5,98.8,50.9,71.8,86.38655462184875,123.0,64.521,46.4,51.0,87.0,71.2,94.6,35710.0,15.1,38.0,59 : 41,2025,94.16547106647538,59,41
University of Leicester,United Kingdom,285.0,37.2,19.8,13.7,30.8,43.4,80.0,95.3,88.8,22.7,75.0,52.268907563025216,194.0,59.197,34.9,34.9,96.1,69.7,95.5,14825.0,14.8,38.0,52 : 48,2025,90.76996652319464,52,48
University of Limerick,Ireland,421.0,28.3,18.3,25.5,15.7,23.0,87.1,30.8,72.5,8.0,76.4,29.411764705882355,568.0,44.142,26.2,33.2,60.9,67.0,77.8,14485.0,27.1,18.0,51 : 49,2025,72.88378766140603,51,49
University of Lisbon,Portugal,260.0,39.6,44.0,20.7,10.7,36.5,9.0,39.4,98.2,94.0,70.9,56.470588235294116,448.0,47.728,30.4,39.6,66.4,71.4,60.0,49161.0,17.7,20.0,54 : 46,2025,78.62266857962697,54,46
University of Liverpool,United Kingdom,165.0,50.7,46.1,39.4,37.8,36.6,88.3,85.4,97.2,36.3,95.6,72.43697478991596,161.0,61.053,40.1,40.7,92.1,65.7,95.5,25735.0,13.8,30.0,55 : 45,2025,92.3481587757054,55,45
University of Ljubljana,Slovenia,596.0,20.8,19.9,9.2,33.3,5.9,4.2,9.7,84.8,97.6,4.9,0.0,904.0,36.258,25.9,21.5,54.9,68.5,42.3,39010.0,13.2,9.0,60 : 40,2025,56.81492109038737,60,40
University of Luxembourg,Luxembourg,355.0,32.1,9.2,4.5,80.8,25.2,100.0,100.0,70.1,52.8,3.1,40.50420168067227,241.0,56.3535,39.2,39.5,77.1,81.3,92.7,5860.0,22.1,52.0,54 : 46,2025,88.52223816355811,54,46
University of Macau,Macau SAR,245.0,41.1,11.9,10.5,9.8,99.1,100.0,99.9,57.0,50.3,7.7,58.991596638655466,180.0,59.7025,37.7,39.0,90.7,70.4,96.6,11573.0,19.2,46.0,54 : 46,2025,91.43950263032042,54,46
University of Maryland College Park,United States,218.0,44.0,48.6,29.4,32.5,55.0,20.9,16.2,92.3,41.2,54.4,63.52941176470588,114.0,65.387,49.0,57.7,92.1,71.6,49.4,33914.0,16.9,9.0,50 : 50,2025,94.59588713534194,50,50
University of Miami,United States,324.0,34.1,19.0,29.5,50.0,39.3,66.7,16.9,81.6,43.8,27.9,45.714285714285715,232.0,57.0055,46.5,34.8,83.6,79.9,65.6,18354.0,10.8,13.0,54 : 46,2025,88.95265423242468,54,46
University of Michigan Ann Arbor,United States,44.0,79.0,97.9,92.1,80.3,47.6,65.5,39.2,95.8,94.5,62.2,92.77310924369748,23.0,87.65549999999999,84.3,88.8,95.4,82.5,68.2,47787.0,8.5,18.0,52 : 48,2025,98.9478718316595,52,48
University of Milan,Italy,285.0,37.2,52.8,17.0,6.4,39.6,6.5,6.8,85.5,44.1,74.8,52.268907563025216,326.0,52.3595,35.4,32.8,86.9,70.8,46.7,51208.0,20.9,7.0,60 : 40,2025,84.4571975131516,60,40
University of Naples Federico II,Italy,347.0,32.8,36.6,19.7,4.2,65.1,2.2,1.1,92.5,7.3,20.1,41.84873949579832,352.0,51.0215,37.8,29.8,85.9,71.4,34.7,55334.0,19.2,2.0,56 : 44,2025,83.21377331420373,56,44
University of Navarra,Spain,249.0,40.7,30.6,68.0,49.6,14.7,24.8,73.8,63.6,75.8,42.3,58.31932773109244,269.0,54.8635,37.2,32.3,84.5,87.0,75.9,12424.0,14.7,29.0,54 : 46,2025,87.18316594930656,54,46
University of Notre Dame,United States,316.0,34.7,25.8,25.2,60.8,29.2,22.3,18.4,70.1,60.2,68.9,47.05882352941176,198.0,58.871500000000005,53.2,45.1,72.4,73.9,72.3,12860.0,10.9,13.0,47 : 53,2025,90.57867049258728,47,53
University of Nottingham,United Kingdom,108.0,58.5,61.1,65.8,32.8,37.6,89.4,70.5,98.0,38.0,97.0,82.01680672268907,138.0,62.642,43.6,46.2,88.3,71.8,93.6,35030.0,16.1,29.0,55 : 45,2025,93.44811095169774,55,45
University of Oslo,Norway,119.0,56.1,55.6,16.0,73.8,55.7,91.6,31.7,97.3,80.9,72.1,80.16806722689076,117.0,65.23049999999999,46.6,52.4,91.6,74.5,77.7,19971.0,11.7,17.0,63 : 37,2025,94.45241511238642,63,37
University of Otago,New Zealand,214.0,44.4,45.0,24.6,12.8,38.8,100.0,37.6,79.5,59.1,96.0,64.2016806722689,378.0,50.1355,31.4,34.7,73.9,65.8,80.1,18927.0,20.1,15.0,61 : 39,2025,81.97034911525586,61,39
University of Ottawa,Canada,189.0,47.3,26.2,23.3,3.5,81.3,91.7,77.8,93.0,39.8,92.9,68.40336134453781,193.0,59.248,37.2,44.7,85.1,81.4,87.0,40289.0,28.4,28.0,56 : 44,2025,90.81779053084648,56,44
University of Oulu,Finland,344.0,32.9,15.1,13.5,25.3,59.4,65.3,8.6,89.4,21.7,68.6,42.35294117647059,284.0,54.36749999999999,34.3,38.9,84.7,69.7,63.6,10857.0,20.7,8.0,55 : 45,2025,86.46580583452894,55,45
University of Oxford,United Kingdom,3.0,96.9,100.0,100.0,100.0,84.8,98.1,97.7,100.0,100.0,85.0,99.66386554621849,1.0,98.4775,96.8,100.0,98.8,99.6,97.3,22095.0,10.8,43.0,51 : 49,2025,100.0,51,49
University of Pennsylvania,United States,11.0,90.3,96.3,91.9,99.8,74.0,90.9,66.2,91.9,100.0,93.0,98.31932773109243,14.0,90.947,87.1,90.7,96.9,98.3,79.3,22539.0,6.8,24.0,55 : 45,2025,99.37828790052606,55,45
University of Pisa,Italy,382.0,30.7,40.4,15.1,8.6,38.8,5.9,4.2,88.3,15.0,56.7,35.96638655462185,386.0,49.752500000000005,36.1,32.5,79.3,66.2,43.2,30876.0,19.0,7.0,52 : 48,2025,81.58775705404113,52,48
University of Porto,Portugal,278.0,38.1,41.3,17.9,10.8,59.6,6.6,19.8,95.1,39.1,53.1,53.445378151260506,443.0,47.8355,31.3,36.9,69.8,66.4,57.4,37143.0,16.9,19.0,55 : 45,2025,78.86178861788618,55,45
University of Pretoria,South Africa,354.0,32.2,23.9,48.8,4.0,15.5,33.3,8.2,98.1,80.1,79.6,40.67226890756302,610.0,42.8495,29.8,34.3,56.4,64.1,61.7,35826.0,20.3,6.0,60 : 40,2025,70.8751793400287,60,40
University of Reading,United Kingdom,172.0,49.9,32.2,41.7,13.1,65.7,86.2,78.6,91.7,47.8,94.0,71.26050420168067,209.0,58.3435,38.6,38.5,86.6,66.6,95.3,15500.0,15.8,31.0,55 : 45,2025,90.05260640841702,55,45
University of Rochester,United States,236.0,42.3,22.6,20.8,99.1,33.6,63.9,93.8,64.3,40.4,63.7,60.50420168067227,127.0,63.9025,50.8,44.5,87.8,91.6,80.1,10470.0,8.3,37.0,51 : 49,2025,93.974175035868,51,49
University of Salamanca,Spain,539.0,22.8,26.9,14.6,26.0,6.2,6.9,14.9,80.0,23.4,69.5,9.57983193277311,889.0,36.5175,31.4,23.1,48.8,44.2,55.3,25098.0,14.6,16.0,61 : 39,2025,57.53228120516499,61,39
University of Saskatchewan,Canada,340.0,33.2,11.1,5.3,18.2,57.0,77.3,49.5,82.3,32.1,90.7,43.02521008403362,374.0,50.2495,39.2,34.0,63.9,94.2,78.5,18056.0,18.4,22.0,55 : 45,2025,82.16164514586323,55,45
University of Science and Technology of China,China,133.0,54.1,50.0,23.7,94.7,97.7,11.6,5.1,75.7,31.9,11.9,77.81512605042018,54.0,75.48699999999998,72.3,68.1,90.0,98.8,46.1,20888.0,8.0,5.0,,2025,97.46532759445242,,
University of Sharjah,United Arab Emirates,434.0,27.5,18.1,17.3,6.0,22.0,100.0,100.0,84.8,11.2,11.8,27.22689075630252,333.0,51.888,22.0,27.1,94.6,44.1,98.6,12484.0,17.9,49.0,67 : 33,2025,84.12242945958872,67,33
University of South Australia,Australia,340.0,33.2,21.3,12.7,24.9,31.9,99.8,50.9,85.5,15.5,83.6,43.02521008403362,340.0,51.37599999999999,22.4,36.0,80.6,96.2,84.0,21490.0,27.6,18.0,60 : 40,2025,83.78766140602582,60,40
University of Southampton,United Kingdom,80.0,64.1,50.1,44.3,40.7,83.4,92.5,98.0,97.1,49.2,96.9,86.72268907563026,115.0,65.27749999999999,47.2,47.7,91.2,72.7,96.7,23135.0,14.7,43.0,53 : 47,2025,94.5480631276901,53,47
University of Southern California,United States,125.0,55.2,50.4,54.5,17.3,58.0,26.0,74.1,85.8,92.6,97.7,79.15966386554622,72.0,71.0445,58.3,60.4,92.8,75.0,73.2,44180.0,14.2,27.0,54 : 46,2025,96.60449545671928,54,46
University of Southern Denmark,Denmark,324.0,34.1,20.2,15.9,22.3,49.3,85.5,24.1,81.1,21.3,73.2,45.714285714285715,266.0,55.13849999999999,30.3,35.0,88.3,95.0,76.8,17572.0,9.5,14.0,53 : 47,2025,87.32663797226208,53,47
University of Southern Queensland,Australia,396.0,29.7,8.8,5.7,4.8,73.1,84.1,23.0,81.0,8.6,43.0,33.61344537815126,369.0,50.5265,27.8,27.5,87.8,48.2,81.1,10808.0,24.6,15.0,63 : 37,2025,82.40076518412242,63,37
University of St Andrews,United Kingdom,104.0,59.2,46.5,63.2,64.7,49.2,98.4,100.0,83.8,18.5,91.1,82.68907563025209,185.0,59.543,47.4,44.0,76.9,65.5,94.8,10750.0,12.8,47.0,59 : 41,2025,91.20038259206122,59,41
University of Stirling,United Kingdom,452.0,26.4,11.2,9.4,9.3,30.3,76.9,81.3,61.6,15.8,76.1,24.201680672268907,472.0,46.8225,23.3,25.6,79.8,42.5,91.8,11400.0,19.3,31.0,62 : 38,2025,77.47489239598279,62,38
University of Strathclyde,United Kingdom,281.0,37.9,25.9,30.0,16.7,31.8,93.0,64.0,85.0,33.6,88.6,52.94117647058824,363.0,50.7455,33.0,35.2,69.0,79.5,92.3,20970.0,16.3,27.0,51 : 49,2025,82.68770923003348,51,49
University of Surrey,United Kingdom,285.0,37.2,19.7,17.9,22.8,55.2,97.1,87.1,86.4,20.4,28.4,52.268907563025216,233.0,56.926,33.8,34.7,89.0,73.3,96.8,13520.0,14.4,33.0,54 : 46,2025,88.90483022477284,54,46
University of Sussex,United Kingdom,246.0,41.0,22.6,10.4,15.5,56.8,99.6,84.9,84.7,39.9,97.7,58.82352941176471,240.0,56.3715,31.8,36.0,89.6,62.7,95.5,18250.0,17.5,34.0,55 : 45,2025,88.57006217120995,55,45
University of Szeged,Hungary,570.0,21.8,18.5,16.8,37.0,4.8,11.8,41.2,73.1,15.0,61.9,4.369747899159663,1090.0,32.653,30.9,18.3,40.2,47.2,57.1,19881.0,12.3,20.0,56 : 44,2025,47.91965566714491,56,44
University of Tabriz,Iran,552.0,22.5,5.9,5.0,3.4,81.7,1.5,6.8,71.8,5.3,1.2,7.394957983193278,633.0,42.3175,27.9,21.4,75.7,44.9,45.0,21199.0,23.6,7.0,51 : 49,2025,69.77522716403635,51,49
University of Tartu,Estonia,358.0,32.0,22.9,10.5,93.7,10.8,48.6,15.1,88.8,85.7,18.0,40.0,322.0,52.518,35.0,32.4,85.4,64.3,61.4,9449.0,8.6,13.0,67 : 33,2025,84.64849354375896,67,33
University of Tasmania,Australia,293.0,37.0,16.0,7.4,22.1,59.8,79.9,89.7,80.0,15.9,85.6,50.924369747899156,288.0,54.26499999999999,32.0,36.3,81.6,76.7,90.0,14344.0,18.9,29.0,60 : 40,2025,86.27450980392157,60,40
University of Technology Sydney,Australia,88.0,62.4,43.9,55.0,9.8,97.7,96.6,86.0,91.4,40.2,96.3,85.3781512605042,156.0,61.682,35.2,42.5,94.9,88.2,93.0,28533.0,36.6,24.0,51 : 49,2025,92.58727881396462,51,49
University of Tehran,Iran,368.0,31.4,20.6,26.8,3.0,79.1,2.0,2.0,86.2,23.1,4.7,38.31932773109244,447.0,47.73950000000001,37.0,33.7,72.5,65.6,35.7,55389.0,27.8,2.0,46 : 54,2025,78.67049258727882,46,54
University of Texas at Austin,United States,66.0,69.5,93.5,86.6,8.1,76.7,6.1,11.7,91.7,81.7,52.1,89.07563025210085,50.0,75.8605,66.1,76.3,91.3,82.6,47.2,50047.0,16.6,9.0,55 : 45,2025,97.65662362505978,55,45
University of the Philippines,Philippines,336.0,33.3,36.3,65.3,31.1,1.9,1.6,1.1,60.9,65.6,67.7,43.69747899159664,1419.0,26.783,25.3,16.9,35.0,26.9,37.9,54781.0,11.1,0.0,60 : 40,2025,32.185557149689146,60,40
University of the Punjab,Pakistan,570.0,21.8,15.6,52.2,4.5,11.6,3.2,1.3,62.2,81.4,4.3,4.369747899159663,905.0,36.2355,27.5,15.1,63.5,26.6,48.4,30994.0,23.7,1.0,57 : 43,2025,56.76709708273553,57,43
University of Toronto,Canada,25.0,84.1,99.7,96.9,44.9,50.8,96.9,96.1,97.7,98.7,100.0,95.96638655462185,21.0,88.295,76.2,93.5,93.4,94.9,91.8,80107.0,25.2,29.0,56 : 44,2025,99.04351984696318,56,44
University of Trento,Italy,506.0,24.0,24.9,10.5,22.0,32.7,29.6,6.1,85.8,4.4,19.0,15.126050420168067,342.0,51.246,33.7,35.1,78.9,70.7,61.7,14213.0,17.6,9.0,52 : 48,2025,83.69201339072214,52,48
University of Tsukuba,Japan,377.0,31.1,36.6,22.5,54.7,17.3,12.4,19.3,66.9,9.8,63.4,36.806722689075634,399.0,49.35850000000001,50.5,43.8,49.6,77.1,50.6,15383.0,12.2,16.0,38 : 62,2025,80.9660449545672,38,62
University of Turin,Italy,371.0,31.3,41.5,7.2,3.2,33.3,4.1,5.3,87.5,51.7,83.6,37.81512605042017,462.0,47.2475,24.2,31.7,82.2,73.7,44.1,61291.0,27.0,6.0,62 : 38,2025,77.9531324725012,62,38
University of Turku,Finland,375.0,31.2,27.8,12.1,52.3,29.3,33.2,4.4,86.3,39.9,52.5,37.142857142857146,350.0,51.0545,31.7,35.6,82.6,65.6,53.0,13835.0,15.8,6.0,64 : 36,2025,83.30942132950742,64,36
University of Twente,Netherlands,233.0,42.7,20.7,32.0,43.3,61.3,100.0,90.4,87.6,20.0,13.8,61.00840336134454,182.0,59.6525,43.6,46.4,74.6,99.3,93.1,8742.0,11.6,41.0,37 : 63,2025,91.34385461501674,37,63
University of Utah,United States,531.0,23.1,15.7,6.3,50.0,30.5,15.5,10.3,80.5,17.4,24.5,10.92436974789916,219.0,57.64999999999999,44.0,39.0,89.0,88.5,41.6,32540.0,13.1,9.0,50 : 50,2025,89.57436633189862,50,50
University of Victoria,Canada,349.0,32.6,17.0,7.7,3.9,62.5,94.7,40.9,54.2,11.3,82.9,41.51260504201681,311.0,53.1205,29.6,37.1,81.7,65.8,86.5,17573.0,24.9,19.0,57 : 43,2025,85.17455762792922,57,43
University of Vienna,Austria,137.0,53.9,70.9,40.4,23.2,13.0,100.0,92.0,96.0,89.7,60.9,77.14285714285715,110.0,65.505,48.0,61.0,78.6,74.5,94.6,30739.0,37.0,32.0,65 : 35,2025,94.7871831659493,65,35
University of Virginia,United States,297.0,36.6,37.3,27.3,55.8,29.1,6.1,11.3,81.6,77.9,35.4,50.252100840336134,165.0,60.88699999999999,49.3,42.2,87.3,85.2,60.1,26228.0,9.0,12.0,54 : 46,2025,92.15686274509804,54,46
University of Waikato,New Zealand,235.0,42.5,19.1,11.7,12.4,84.7,99.0,56.9,55.1,46.4,89.5,60.67226890756302,442.0,47.8765,22.7,30.7,75.8,72.3,88.6,10117.0,19.9,27.0,62 : 38,2025,78.90961262553802,62,38
University of Warsaw,Poland,258.0,39.8,50.0,53.6,46.4,5.5,10.5,8.4,84.1,60.0,69.8,56.80672268907563,704.0,40.4235,34.8,31.6,53.6,36.4,46.1,33322.0,10.7,10.0,61 : 39,2025,66.37972262075562,61,39
University of Washington,United States,76.0,65.3,81.9,55.5,28.6,78.8,11.0,32.8,95.6,68.7,66.5,87.39495798319328,25.0,83.7795,74.6,81.3,98.0,84.7,72.1,49647.0,10.0,16.0,57 : 43,2025,98.85222381635582,57,43
University of Waterloo,Canada,115.0,57.2,40.4,64.2,6.5,78.9,75.8,71.3,84.6,58.9,93.3,80.84033613445378,163.0,60.91999999999999,41.0,48.9,83.1,77.1,88.4,35370.0,23.1,22.0,47 : 53,2025,92.25251076040172,47,53
University of Windsor,Canada,547.0,22.6,3.9,3.9,2.2,36.2,88.7,83.8,51.1,25.8,38.5,8.235294117647058,545.0,44.585,28.7,30.5,59.7,65.9,89.7,15179.0,35.4,38.0,,2025,73.98373983739837,,
University of Wisconsin Madison,United States,116.0,57.1,77.7,47.8,74.3,23.7,35.3,23.6,91.6,81.6,59.6,80.67226890756302,56.0,74.828,69.7,70.2,86.3,81.4,63.5,43549.0,10.6,14.0,,2025,97.36967957914874,,
University of Wollongong,Australia,167.0,50.3,29.5,24.5,17.0,94.6,91.8,56.3,89.0,18.3,93.9,72.10084033613445,229.0,57.221,34.6,37.4,85.4,91.2,92.0,15249.0,23.1,24.0,55 : 45,2025,89.0961262553802,55,45
University of York,United Kingdom,184.0,48.2,42.9,30.1,43.0,40.1,87.8,75.6,92.5,23.5,97.4,69.24369747899159,146.0,62.1455,42.4,44.2,90.6,66.8,92.9,20135.0,15.3,31.0,57 : 43,2025,93.06551889048302,57,43
Uppsala University,Sweden,103.0,59.3,61.4,33.7,52.0,42.3,99.4,81.1,96.7,68.4,99.2,82.85714285714286,131.0,63.564,44.2,55.4,83.4,96.1,74.6,24313.0,12.6,18.0,59 : 41,2025,93.78287900526064,59,41
Vanderbilt University,United States,248.0,40.8,24.4,21.8,100.0,53.0,30.1,36.0,78.6,34.7,24.5,58.4873949579832,91.0,67.26599999999999,53.3,49.0,95.9,95.0,63.5,12863.0,3.8,18.0,55 : 45,2025,95.69583931133428,55,45
Victoria University of Wellington,New Zealand,244.0,41.2,42.8,21.4,10.1,32.1,100.0,31.0,70.7,71.6,91.4,59.15966386554622,485.0,46.50299999999999,26.3,32.4,70.6,54.4,79.9,16703.0,17.7,17.0,59 : 41,2025,76.85318029650885,59,41
Vilnius University,Lithuania,439.0,27.1,19.1,23.5,74.7,3.3,12.4,13.6,75.5,83.7,27.1,26.38655462184874,1057.0,33.257,27.2,18.3,48.1,45.9,48.8,21338.0,8.9,11.0,63 : 37,2025,49.49784791965567,63,37
Virginia Polytechnic Institute and State University,United States,389.0,30.1,26.4,26.2,18.9,28.4,71.8,16.5,82.6,24.0,34.8,34.78991596638655,253.0,55.704,40.7,40.6,79.7,77.9,65.3,37225.0,18.5,13.0,43 : 57,2025,87.94835007173602,43,57
Vrije Universiteit Amsterdam,Netherlands,221.0,43.8,39.4,17.8,21.3,63.7,67.3,47.4,89.0,45.1,50.8,63.02521008403361,137.0,62.672,37.4,49.6,92.9,73.0,86.2,31761.0,17.5,20.0,57 : 43,2025,93.4959349593496,57,43
Vrije Universiteit Brussel,Belgium,278.0,38.1,23.3,13.7,76.1,18.2,93.6,58.2,93.1,51.8,72.1,53.445378151260506,227.0,57.2935,37.6,42.7,81.1,90.4,78.3,15481.0,35.0,24.0,58 : 42,2025,89.1917742706839,58,42
Wageningen University and Research,Netherlands,155.0,51.6,42.1,23.8,98.6,41.3,59.4,81.2,97.9,21.1,92.3,74.11764705882354,67.0,72.7135,56.7,59.3,92.9,99.0,92.8,15976.0,17.4,29.0,54 : 46,2025,96.84361549497848,54,46
Warsaw University of Technology,Poland,527.0,23.2,23.3,51.9,42.6,4.7,2.4,10.3,60.6,9.8,1.4,11.596638655462185,1430.0,26.5815,25.7,17.6,30.8,54.9,32.8,22996.0,10.9,8.0,32 : 68,2025,31.65949306551889,32,68
Waseda University,Japan,181.0,48.5,60.7,96.1,23.5,3.8,27.9,28.0,66.4,83.7,56.1,69.74789915966386,847.0,37.3685,33.8,27.1,42.7,66.4,54.3,45453.0,14.3,12.0,39 : 61,2025,59.54088952654233,39,61
Washington State University,United States,466.0,25.7,23.3,20.0,15.5,33.5,47.1,5.0,77.3,8.6,29.6,21.84873949579832,405.0,49.16299999999999,36.9,33.9,69.1,82.1,59.1,27562.0,18.0,6.0,55 : 45,2025,80.67910090865614,55,45
Washington University in St Louis,United States,171.0,49.9,36.3,12.0,99.7,47.7,85.4,72.4,83.6,31.9,86.7,71.42857142857143,69.0,72.13799999999999,59.8,56.9,97.5,78.4,74.8,15303.0,7.9,27.0,52 : 48,2025,96.7479674796748,52,48
Western Sydney University,Australia,384.0,30.5,19.9,14.2,4.8,31.0,100.0,45.5,87.4,8.9,89.2,35.63025210084034,335.0,51.773500000000006,24.8,31.5,88.3,56.0,87.9,33215.0,34.8,22.0,59 : 41,2025,84.02678144428502,59,41
Western University,Canada,120.0,55.8,32.6,38.9,3.3,93.4,99.8,49.5,81.5,96.7,99.3,80.0,226.0,57.37649999999999,39.5,42.1,76.7,99.5,87.0,31227.0,32.7,24.0,56 : 44,2025,89.23959827833573,56,44
Wuhan University,China,194.0,46.7,39.2,40.5,14.0,91.9,39.2,4.9,78.2,46.5,22.2,67.56302521008404,134.0,63.0285,52.8,46.3,90.1,98.2,40.9,49929.0,13.8,6.0,,2025,93.63940698230512,,
Xi an Jiaotong University,China,295.0,36.9,19.0,39.4,14.0,89.5,3.9,3.8,80.5,26.4,18.2,50.588235294117645,239.0,56.437,45.6,49.1,74.0,99.9,34.0,53183.0,15.9,6.0,35 : 65,2025,88.6178861788618,35,65
Xiamen University,China,362.0,31.7,23.6,16.2,19.0,72.2,5.1,3.1,62.6,46.0,15.4,39.32773109243698,312.0,52.8895,40.4,33.5,83.3,87.1,37.1,46212.0,15.4,2.0,,2025,85.12673362027738,,
Yale University,United States,23.0,85.2,99.9,99.9,100.0,38.6,91.5,63.3,93.9,98.5,92.2,96.30252100840336,10.0,94.164,93.7,95.0,97.8,86.5,82.3,14401.0,6.2,22.0,53 : 47,2025,99.56958393113344,53,47
Yonsei University,South Korea,56.0,72.9,81.5,97.0,84.2,44.1,20.7,51.2,78.7,87.8,88.9,90.75630252100841,103.0,66.11649999999999,57.5,56.2,84.4,99.9,47.2,19235.0,14.4,12.0,50 : 50,2025,95.1219512195122,50,50
York University,Canada,362.0,31.7,22.7,18.6,3.9,22.6,53.1,78.7,65.5,76.3,86.5,39.32773109243698,416.0,48.7925,28.0,32.5,73.5,71.0,82.9,42331.0,27.8,28.0,55 : 45,2025,80.1530368244859,55,45
Zhejiang University,China,47.0,77.1,75.3,95.4,54.7,99.5,95.0,15.9,91.8,55.5,30.7,92.26890756302521,47.0,76.17849999999999,70.6,76.6,81.8,100.0,61.3,50206.0,12.1,15.0,,2025,97.8000956480153,,
