country_name,Country Code,indicator,year,value
High income,HIC,"Gross enrolment ratio, tertiary, both sexes (%)",2015,73.74691772
Low income,LIC,"Gross enrolment ratio, tertiary, both sexes (%)",2015,7.626870155
Lower middle income,LMC,"Gross enrolment ratio, tertiary, both sexes (%)",2015,23.12346077
Middle income,MIC,"Gross enrolment ratio, tertiary, both sexes (%)",2015,33.27363968
Upper middle income,UMC,"Gross enrolment ratio, tertiary, both sexes (%)",2015,46.91585922
World,WLD,"Gross enrolment ratio, tertiary, both sexes (%)",2015,35.69255829
Albania,ALB,"Gross enrolment ratio, tertiary, both sexes (%)",2015,58.10995102
Algeria,DZA,"Gross enrolment ratio, tertiary, both sexes (%)",2015,36.92227936
Andorra,AND,"Adult literacy rate, population 15+ years, both sexes (%)",2015,100
Angola,AGO,"Gross enrolment ratio, tertiary, both sexes (%)",2015,9.308019638
Argentina,ARG,"Adult literacy rate, population 15+ years, both sexes (%)",2015,98.09
Armenia,ARM,"Gross enrolment ratio, tertiary, both sexes (%)",2015,44.30950165
Aruba,ABW,"Gross enrolment ratio, tertiary, both sexes (%)",2015,15.27377987
Austria,AUT,"Gross enrolment ratio, tertiary, both sexes (%)",2015,81.54051208
Azerbaijan,AZE,"Adult literacy rate, population 15+ years, both sexes (%)",2015,99.78806
Azerbaijan,AZE,"Gross enrolment ratio, tertiary, both sexes (%)",2015,25.48320007
Bahrain,BHR,"Gross enrolment ratio, tertiary, both sexes (%)",2015,43.26322937
Belarus,BLR,"Gross enrolment ratio, tertiary, both sexes (%)",2015,87.94074249
Belgium,BEL,"Gross enrolment ratio, tertiary, both sexes (%)",2015,75.03682709
Belize,BLZ,"Gross enrolment ratio, tertiary, both sexes (%)",2015,23.29034996
Bermuda,BMU,"Gross enrolment ratio, tertiary, both sexes (%)",2015,24.30069923
Bolivia,BOL,"Adult literacy rate, population 15+ years, both sexes (%)",2015,92.45508
Botswana,BWA,"Gross enrolment ratio, tertiary, both sexes (%)",2015,27.53108978
Brazil,BRA,"Gross enrolment ratio, tertiary, both sexes (%)",2015,50.60491943
British Virgin Islands,VGB,"Gross enrolment ratio, tertiary, both sexes (%)",2015,41.64149094
Brunei Darussalam,BRN,"Gross enrolment ratio, tertiary, both sexes (%)",2015,30.84477997
Bulgaria,BGR,"Gross enrolment ratio, tertiary, both sexes (%)",2015,73.93419647
Cabo Verde,CPV,"Adult literacy rate, population 15+ years, both sexes (%)",2015,86.79029
Cabo Verde,CPV,"Gross enrolment ratio, tertiary, both sexes (%)",2015,21.70782089
Cambodia,KHM,"Gross enrolment ratio, tertiary, both sexes (%)",2015,13.0882597
Cameroon,CMR,"Gross enrolment ratio, tertiary, both sexes (%)",2015,17.47789955
Chad,TCD,"Adult literacy rate, population 15+ years, both sexes (%)",2015,26.00299
Chile,CHL,"Gross enrolment ratio, tertiary, both sexes (%)",2015,88.5772934
China,CHN,"Gross enrolment ratio, tertiary, both sexes (%)",2015,43.39176941
Colombia,COL,"Adult literacy rate, population 15+ years, both sexes (%)",2015,94.24505
Colombia,COL,"Gross enrolment ratio, tertiary, both sexes (%)",2015,55.65726852
Costa Rica,CRI,"Gross enrolment ratio, tertiary, both sexes (%)",2015,53.62966156
Cote d'Ivoire,CIV,"Gross enrolment ratio, tertiary, both sexes (%)",2015,9.155269623
Croatia,HRV,"Gross enrolment ratio, tertiary, both sexes (%)",2015,69.05249023
Cuba,CUB,"Gross enrolment ratio, tertiary, both sexes (%)",2015,36.28039932
Cyprus,CYP,"Gross enrolment ratio, tertiary, both sexes (%)",2015,60.10123062
Czech Republic,CZE,"Gross enrolment ratio, tertiary, both sexes (%)",2015,64.96671295
Denmark,DNK,"Gross enrolment ratio, tertiary, both sexes (%)",2015,82.78697205
Dominican Republic,DOM,"Adult literacy rate, population 15+ years, both sexes (%)",2015,91.99121
Dominican Republic,DOM,"Gross enrolment ratio, tertiary, both sexes (%)",2015,50.11639023
Ecuador,ECU,"Adult literacy rate, population 15+ years, both sexes (%)",2015,94.45566
"Egypt, Arab Rep.",EGY,"Gross enrolment ratio, tertiary, both sexes (%)",2015,36.22853851
El Salvador,SLV,"Adult literacy rate, population 15+ years, both sexes (%)",2015,87.96985
El Salvador,SLV,"Gross enrolment ratio, tertiary, both sexes (%)",2015,29.1310997
Estonia,EST,"Gross enrolment ratio, tertiary, both sexes (%)",2015,69.5504303
Finland,FIN,"Gross enrolment ratio, tertiary, both sexes (%)",2015,87.28970337
Georgia,GEO,"Gross enrolment ratio, tertiary, both sexes (%)",2015,43.41952896
Germany,DEU,"Gross enrolment ratio, tertiary, both sexes (%)",2015,68.26558685
Ghana,GHA,"Gross enrolment ratio, tertiary, both sexes (%)",2015,16.23051071
Greenland,GRL,"Adult literacy rate, population 15+ years, both sexes (%)",2015,100
Grenada,GRD,"Gross enrolment ratio, tertiary, both sexes (%)",2015,91.14774323
Guatemala,GTM,"Gross enrolment ratio, tertiary, both sexes (%)",2015,21.84680939
Honduras,HND,"Adult literacy rate, population 15+ years, both sexes (%)",2015,87.90683
Honduras,HND,"Gross enrolment ratio, tertiary, both sexes (%)",2015,22.05937004
"Hong Kong SAR, China",HKG,"Gross enrolment ratio, tertiary, both sexes (%)",2015,68.47545624
Hungary,HUN,"Gross enrolment ratio, tertiary, both sexes (%)",2015,50.86220169
India,IND,"Gross enrolment ratio, tertiary, both sexes (%)",2015,26.87487984
Indonesia,IDN,"Adult literacy rate, population 15+ years, both sexes (%)",2015,95.21793
Indonesia,IDN,"Gross enrolment ratio, tertiary, both sexes (%)",2015,24.25494003
"Iran, Islamic Rep.",IRN,"Gross enrolment ratio, tertiary, both sexes (%)",2015,71.88114166
Ireland,IRL,"Gross enrolment ratio, tertiary, both sexes (%)",2015,83.77778625
Israel,ISR,"Gross enrolment ratio, tertiary, both sexes (%)",2015,64.7467804
Italy,ITA,"Gross enrolment ratio, tertiary, both sexes (%)",2015,62.49607086
Jamaica,JAM,"Gross enrolment ratio, tertiary, both sexes (%)",2015,27.22027016
Jordan,JOR,"Gross enrolment ratio, tertiary, both sexes (%)",2015,44.86951828
Kazakhstan,KAZ,"Gross enrolment ratio, tertiary, both sexes (%)",2015,46.03990936
"Korea, Dem. People’s Rep.",PRK,"Gross enrolment ratio, tertiary, both sexes (%)",2015,28.05944061
"Korea, Rep.",KOR,"Gross enrolment ratio, tertiary, both sexes (%)",2015,93.17913818
Kuwait,KWT,"Adult literacy rate, population 15+ years, both sexes (%)",2015,95.68545
Kyrgyz Republic,KGZ,"Gross enrolment ratio, tertiary, both sexes (%)",2015,46.90145111
Lao PDR,LAO,"Gross enrolment ratio, tertiary, both sexes (%)",2015,16.90589905
Lebanon,LBN,"Gross enrolment ratio, tertiary, both sexes (%)",2015,38.48477173
Liechtenstein,LIE,"Gross enrolment ratio, tertiary, both sexes (%)",2015,33.54204178
"Macao SAR, China",MAC,"Gross enrolment ratio, tertiary, both sexes (%)",2015,75.59884644
"Macedonia, FYR",MKD,"Gross enrolment ratio, tertiary, both sexes (%)",2015,42.06335068
Malawi,MWI,"Adult literacy rate, population 15+ years, both sexes (%)",2015,62.14354
Malaysia,MYS,"Gross enrolment ratio, tertiary, both sexes (%)",2015,26.07408905
Mali,MLI,"Adult literacy rate, population 15+ years, both sexes (%)",2015,33.06889
Malta,MLT,"Gross enrolment ratio, tertiary, both sexes (%)",2015,47.42187119
Mauritania,MRT,"Gross enrolment ratio, tertiary, both sexes (%)",2015,5.621729851
Mauritius,MUS,"Adult literacy rate, population 15+ years, both sexes (%)",2015,92.7076
Mauritius,MUS,"Gross enrolment ratio, tertiary, both sexes (%)",2015,36.66756821
Mexico,MEX,"Adult literacy rate, population 15+ years, both sexes (%)",2015,94.47228
Moldova,MDA,"Gross enrolment ratio, tertiary, both sexes (%)",2015,41.2134819
Mongolia,MNG,"Gross enrolment ratio, tertiary, both sexes (%)",2015,68.5670166
Morocco,MAR,"Gross enrolment ratio, tertiary, both sexes (%)",2015,28.14357948
Mozambique,MOZ,"Gross enrolment ratio, tertiary, both sexes (%)",2015,6.390520096
Nepal,NPL,"Gross enrolment ratio, tertiary, both sexes (%)",2015,14.93994999
New Zealand,NZL,"Gross enrolment ratio, tertiary, both sexes (%)",2015,83.93132019
Norway,NOR,"Gross enrolment ratio, tertiary, both sexes (%)",2015,76.69638062
Oman,OMN,"Adult literacy rate, population 15+ years, both sexes (%)",2015,93.03861
Pakistan,PAK,"Gross enrolment ratio, tertiary, both sexes (%)",2015,9.927390099
Palau,PLW,"Adult literacy rate, population 15+ years, both sexes (%)",2015,96.59374
Paraguay,PRY,"Adult literacy rate, population 15+ years, both sexes (%)",2015,95.0727
Peru,PER,"Adult literacy rate, population 15+ years, both sexes (%)",2015,94.16234
Portugal,PRT,"Gross enrolment ratio, tertiary, both sexes (%)",2015,61.87419128
Qatar,QAT,"Gross enrolment ratio, tertiary, both sexes (%)",2015,14.51807976
Romania,ROU,"Gross enrolment ratio, tertiary, both sexes (%)",2015,53.22021866
Russian Federation,RUS,"Gross enrolment ratio, tertiary, both sexes (%)",2015,80.39408112
Rwanda,RWA,"Gross enrolment ratio, tertiary, both sexes (%)",2015,7.897079945
Sao Tome and Principe,STP,"Gross enrolment ratio, tertiary, both sexes (%)",2015,13.4060297
Saudi Arabia,SAU,"Gross enrolment ratio, tertiary, both sexes (%)",2015,63.06621933
Senegal,SEN,"Gross enrolment ratio, tertiary, both sexes (%)",2015,10.38665962
Serbia,SRB,"Gross enrolment ratio, tertiary, both sexes (%)",2015,58.28768921
Seychelles,SYC,"Gross enrolment ratio, tertiary, both sexes (%)",2015,14.25619984
Singapore,SGP,"Adult literacy rate, population 15+ years, both sexes (%)",2015,96.82549
South Africa,ZAF,"Adult literacy rate, population 15+ years, both sexes (%)",2015,94.36792
Spain,ESP,"Adult literacy rate, population 15+ years, both sexes (%)",2015,98.14326
Spain,ESP,"Gross enrolment ratio, tertiary, both sexes (%)",2015,89.67014313
Sri Lanka,LKA,"Gross enrolment ratio, tertiary, both sexes (%)",2015,19.79661942
St. Kitts and Nevis,KNA,"Gross enrolment ratio, tertiary, both sexes (%)",2015,79.56452942
St. Lucia,LCA,"Gross enrolment ratio, tertiary, both sexes (%)",2015,16.76589012
Sweden,SWE,"Gross enrolment ratio, tertiary, both sexes (%)",2015,62.30076981
Switzerland,CHE,"Gross enrolment ratio, tertiary, both sexes (%)",2015,57.67219162
Syrian Arab Republic,SYR,"Gross enrolment ratio, tertiary, both sexes (%)",2015,44.04861832
Tajikistan,TJK,"Gross enrolment ratio, tertiary, both sexes (%)",2015,26.37450027
Tanzania,TZA,"Adult literacy rate, population 15+ years, both sexes (%)",2015,77.88723
Thailand,THA,"Adult literacy rate, population 15+ years, both sexes (%)",2015,92.86831
Thailand,THA,"Gross enrolment ratio, tertiary, both sexes (%)",2015,48.85744095
Togo,TGO,"Adult literacy rate, population 15+ years, both sexes (%)",2015,63.74562
Togo,TGO,"Gross enrolment ratio, tertiary, both sexes (%)",2015,10.62596035
Tunisia,TUN,"Gross enrolment ratio, tertiary, both sexes (%)",2015,34.60657883
Turkey,TUR,"Adult literacy rate, population 15+ years, both sexes (%)",2015,95.60142
Turkey,TUR,"Gross enrolment ratio, tertiary, both sexes (%)",2015,94.7322998
United States,USA,"Gross enrolment ratio, tertiary, both sexes (%)",2015,85.79577637
Uruguay,URY,"Adult literacy rate, population 15+ years, both sexes (%)",2015,98.52387
Uruguay,URY,"Gross enrolment ratio, tertiary, both sexes (%)",2015,55.56626892
Uzbekistan,UZB,"Adult literacy rate, population 15+ years, both sexes (%)",2015,99.98383
Uzbekistan,UZB,"Gross enrolment ratio, tertiary, both sexes (%)",2015,8.787750244
"Venezuela, RB",VEN,"Adult literacy rate, population 15+ years, both sexes (%)",2015,96.60522
Vietnam,VNM,"Gross enrolment ratio, tertiary, both sexes (%)",2015,28.83564949
West Bank and Gaza,PSE,"Adult literacy rate, population 15+ years, both sexes (%)",2015,96.69073
West Bank and Gaza,PSE,"Gross enrolment ratio, tertiary, both sexes (%)",2015,44.28321838
Zimbabwe,ZWE,"Gross enrolment ratio, tertiary, both sexes (%)",2015,8.433270454
Andorra,AND,"Adult literacy rate, population 15+ years, both sexes (%)",2016,100
Azerbaijan,AZE,"Adult literacy rate, population 15+ years, both sexes (%)",2016,99.79006
Bangladesh,BGD,"Adult literacy rate, population 15+ years, both sexes (%)",2016,72.75872
Botswana,BWA,"Gross enrolment ratio, tertiary, both sexes (%)",2016,23.4330101
Burkina Faso,BFA,"Gross enrolment ratio, tertiary, both sexes (%)",2016,5.562180042
Chad,TCD,"Adult literacy rate, population 15+ years, both sexes (%)",2016,22.31155
"Congo, Dem. Rep.",COD,"Adult literacy rate, population 15+ years, both sexes (%)",2016,77.04268
Ecuador,ECU,"Adult literacy rate, population 15+ years, both sexes (%)",2016,94.35023
Honduras,HND,"Adult literacy rate, population 15+ years, both sexes (%)",2016,88.98748
Indonesia,IDN,"Adult literacy rate, population 15+ years, both sexes (%)",2016,95.37697
Kazakhstan,KAZ,"Gross enrolment ratio, tertiary, both sexes (%)",2016,46.26382065
"Macao SAR, China",MAC,"Adult literacy rate, population 15+ years, both sexes (%)",2016,96.53849
Mauritania,MRT,"Gross enrolment ratio, tertiary, both sexes (%)",2016,5.343410015
Myanmar,MMR,"Adult literacy rate, population 15+ years, both sexes (%)",2016,75.5512
Peru,PER,"Adult literacy rate, population 15+ years, both sexes (%)",2016,94.17367
Rwanda,RWA,"Gross enrolment ratio, tertiary, both sexes (%)",2016,7.958720207
Serbia,SRB,"Adult literacy rate, population 15+ years, both sexes (%)",2016,98.84151
Singapore,SGP,"Adult literacy rate, population 15+ years, both sexes (%)",2016,97.04959
Spain,ESP,"Adult literacy rate, population 15+ years, both sexes (%)",2016,98.25051
Tajikistan,TJK,"Gross enrolment ratio, tertiary, both sexes (%)",2016,28.89488029
Uzbekistan,UZB,"Gross enrolment ratio, tertiary, both sexes (%)",2016,9.093000412
"Venezuela, RB",VEN,"Adult literacy rate, population 15+ years, both sexes (%)",2016,97.12709
West Bank and Gaza,PSE,"Adult literacy rate, population 15+ years, both sexes (%)",2016,96.93023
